time,distance
2012-08-14 06:00:51,31.51331004188337
2012-08-14 06:01:01,31.68507664313094
2012-08-14 06:01:10,31.067672765671922
2012-08-14 06:01:21,30.503716007650876
2012-08-14 06:01:30,29.699533489420375
2012-08-14 06:01:40,29.713347596970333
2012-08-14 06:01:51,29.574669906765283
2012-08-14 06:02:00,29.123000970145654
2012-08-14 06:02:11,28.253426337585626
2012-08-14 06:02:20,29.197998154370563
2012-08-14 06:02:30,28.82161629688483
2012-08-14 06:02:41,28.954008662844497
2012-08-14 06:02:50,25.967558933788947
2012-08-14 06:03:01,26.849261289620717
2012-08-14 06:03:11,27.465281787758215
2012-08-14 06:03:20,26.857618068491544
2012-08-14 06:03:31,26.454829368725164
2012-08-14 06:03:40,26.71934485691251
2012-08-14 06:03:51,25.510595933706806
2012-08-14 06:04:01,25.761868169428457
2012-08-14 06:04:10,25.63627789207295
2012-08-14 06:04:21,25.76830156247937
2012-08-14 06:04:30,26.898566142973227
2012-08-14 06:04:41,27.377857257096124
2012-08-14 06:04:51,26.782210139299814
2012-08-14 06:05:00,23.59640837600858
2012-08-14 06:05:11,24.6614820875992
2012-08-14 06:05:20,22.90985695493267
2012-08-14 06:05:30,22.646672251964564
2012-08-14 06:05:41,23.65191620906302
2012-08-14 06:05:50,24.240496666091023
2012-08-14 06:06:01,23.73557151457029
2012-08-14 06:06:10,22.652487321002283
2012-08-14 06:06:20,23.650476490492277
2012-08-14 06:06:31,23.32748749186144
2012-08-14 06:06:40,21.041227337778178
2012-08-14 06:06:51,19.28199143458231
2012-08-14 06:07:00,19.16302275205299
2012-08-14 06:07:10,21.236409472197117
2012-08-14 06:07:21,23.03464650556921
2012-08-14 06:07:30,24.410849971603614
2012-08-14 06:07:41,24.637598725862805
2012-08-14 06:07:51,23.60424619507935
2012-08-14 06:08:00,23.652561030942692
2012-08-14 06:08:11,26.191941059588977
2012-08-14 06:08:20,23.56079352854236
2012-08-14 06:08:31,22.907126196101657
2012-08-14 06:08:41,22.309229487047862
2012-08-14 06:08:50,22.96645458315792
2012-08-14 06:09:01,23.693735637368952
2012-08-14 06:09:10,25.78434649653295
2012-08-14 06:09:21,26.71978812043678
2012-08-14 06:09:31,24.883662934453337
2012-08-14 06:09:40,26.883653353162465
2012-08-14 06:09:51,36.78176015660804
2012-08-14 06:10:00,37.934551097197485
2012-08-14 06:10:10,39.11801416977093
2012-08-14 06:10:21,39.14320086929751
2012-08-14 06:10:30,38.351996610299025
2012-08-14 06:10:41,37.11225724320604
2012-08-14 06:10:50,37.29613077570405
2012-08-14 06:11:00,36.859105917701186
2012-08-14 06:11:11,38.9995154108644
2012-08-14 06:11:20,37.92436614792965
2012-08-14 06:11:31,37.23800787510572
2012-08-14 06:11:40,36.84949451498146
2012-08-14 06:11:50,36.29420503111653
2012-08-14 06:12:01,28.973511079114232
2012-08-14 06:12:10,27.823539711653353
2012-08-14 06:12:21,28.981455472646083
2012-08-14 06:12:31,27.472445066436848
2012-08-14 06:12:40,28.596312818288627
2012-08-14 06:12:51,28.834949940202833
2012-08-14 06:13:00,28.54358759624341
2012-08-14 06:13:11,28.993271607910543
2012-08-14 06:13:21,29.443475272284285
2012-08-14 06:13:30,27.972191254557757
2012-08-14 06:13:41,27.843472925274533
2012-08-14 06:13:50,29.95315684464161
2012-08-14 06:14:01,30.737257888884706
2012-08-14 06:14:11,29.26919987085721
2012-08-14 06:14:20,28.062394441546203
2012-08-14 06:14:31,28.5039105639759
2012-08-14 06:14:40,28.513869572804577
2012-08-14 06:14:50,29.725245247270543
2012-08-14 06:15:01,29.780906265286262
2012-08-14 06:15:10,29.012283396176358
2012-08-14 06:15:21,28.684062159547352
2012-08-14 06:15:30,28.437364065523344
2012-08-14 06:15:40,26.241018272878183
2012-08-14 06:15:51,27.404344293569096
2012-08-14 06:16:00,26.928019511913845
2012-08-14 06:16:11,26.605312693231134
2012-08-14 06:16:20,26.623626122102355
2012-08-14 06:16:30,27.41278096817189
2012-08-14 06:16:41,27.752024441995683
2012-08-14 06:16:50,32.50060407770382
2012-08-14 06:17:01,28.780350767485615
2012-08-14 06:17:11,28.431584130728226
2012-08-14 06:17:20,32.250713497500904
2012-08-14 06:17:31,32.63130604968877
2012-08-14 06:17:40,34.64157962118262
2012-08-14 06:17:51,36.62158984741862
2012-08-14 06:18:01,35.07210381829358
2012-08-14 06:18:10,36.49534162426357
2012-08-14 06:18:21,36.45153406660473
2012-08-14 06:18:30,34.89463320314743
2012-08-14 06:18:41,35.63166049017965
2012-08-14 06:18:51,35.9911904954858
2012-08-14 06:19:00,36.115970039874355
2012-08-14 06:19:11,35.79280989428824
2012-08-14 06:19:20,35.51161038524256
2012-08-14 06:19:30,36.19546990909428
2012-08-14 06:19:41,36.09867325636897
2012-08-14 06:19:50,36.75265804980334
2012-08-14 06:20:01,36.85703507166298
2012-08-14 06:20:10,36.29895915887738
2012-08-14 06:20:20,37.98894583766273
2012-08-14 06:20:31,37.49676974640072
2012-08-14 06:20:40,28.37743088802628
2012-08-14 06:20:51,26.60971913498216
2012-08-14 06:21:01,27.68123278547304
2012-08-14 06:21:10,30.080367188303754
2012-08-14 06:21:21,30.69970606085828
2012-08-14 06:21:30,30.60546005489459
2012-08-14 06:21:41,28.796486746426297
2012-08-14 06:21:51,27.34643719270971
2012-08-14 06:22:00,27.168327301376205
2012-08-14 06:22:11,27.001940452849713
2012-08-14 06:22:20,26.734245829197118
2012-08-14 06:22:31,26.683047911902676
2012-08-14 06:22:41,27.15680696927092
2012-08-14 06:22:50,30.17770942331069
2012-08-14 06:23:01,35.62194298502796
2012-08-14 06:23:10,37.71099852835335
2012-08-14 06:23:21,39.76741706485371
2012-08-14 06:23:31,40.53293969604285
2012-08-14 06:23:40,39.83844980176514
2012-08-14 06:23:51,39.607725619188834
2012-08-14 06:24:00,39.21845095718412
2012-08-14 06:24:10,41.49429564345452
2012-08-14 06:24:21,41.24393839569652
2012-08-14 06:24:30,38.65644278006393
2012-08-14 06:24:41,37.02691028620299
2012-08-14 06:24:50,37.19290619241
2012-08-14 06:25:00,38.05774636231618
2012-08-14 06:25:11,38.72765874127853
2012-08-14 06:25:20,35.7861234854023
2012-08-14 06:25:31,36.487127956574916
2012-08-14 06:25:41,37.45182174261219
2012-08-14 06:25:50,38.28261913447556
2012-08-14 06:26:01,37.687854457320434
2012-08-14 06:26:10,37.32328774920242
2012-08-14 06:26:21,35.23289434138352
2012-08-14 06:26:31,31.161928051253998
2012-08-14 06:26:40,32.561404776821504
2012-08-14 06:26:51,33.311982331607055
2012-08-14 06:27:00,31.47863043249891
2012-08-14 06:27:11,31.342568850932388
2012-08-14 06:27:21,32.20680494760472
2012-08-14 06:27:30,30.58449178596992
2012-08-14 06:27:41,31.43708454990567
2012-08-14 06:27:50,31.570102971786874
2012-08-14 06:28:00,31.444727104167626
2012-08-14 06:28:11,31.6142600182735
2012-08-14 06:28:20,31.147463503102045
2012-08-14 06:28:31,31.81074360008828
2012-08-14 06:28:40,32.47647720222936
2012-08-14 06:28:50,32.42532100780856
2012-08-14 06:29:01,32.7651080265009
2012-08-14 06:29:10,32.65578258757486
2012-08-14 06:29:21,32.46324582663414
2012-08-14 06:29:30,32.33251758997081
2012-08-14 06:29:40,32.299108433231375
2012-08-14 06:29:51,42.89621356780346
2012-08-14 06:30:00,53.63946376805653
2012-08-14 06:30:11,69.15361271539449
2012-08-14 06:30:21,71.27596075234918
2012-08-14 06:30:30,71.83944410681724
2012-08-14 06:30:41,75.71023712511357
2012-08-14 06:30:50,76.98388152909739
2012-08-14 06:31:01,74.9124876415295
2012-08-14 06:31:11,70.80499575263585
2012-08-14 06:31:20,68.18577980875601
2012-08-14 06:31:31,67.80862518007116
2012-08-14 06:31:40,68.5957703035342
2012-08-14 06:31:51,68.49234372431678
2012-08-14 06:32:01,67.46660322638975
2012-08-14 06:32:10,66.93023499909259
2012-08-14 06:32:21,62.79700210816342
2012-08-14 06:32:30,60.9078450157212
2012-08-14 06:32:40,58.95682527128843
2012-08-14 06:32:51,54.18688827184836
2012-08-14 06:33:00,54.873250025729845
2012-08-14 06:33:11,52.34491205401921
2012-08-14 06:33:20,53.552555366317144
2012-08-14 06:33:30,57.756745254846194
2012-08-14 06:33:41,57.162728266853215
2012-08-14 06:33:50,57.500242855512276
2012-08-14 06:34:01,57.75970794071725
2012-08-14 06:34:10,57.78088767656192
2012-08-14 06:34:20,58.985890934212044
2012-08-14 06:34:31,58.74277754805079
2012-08-14 06:34:40,58.69119363125594
2012-08-14 06:34:51,59.10414162977832
2012-08-14 06:35:01,58.679172258644975
2012-08-14 06:35:10,59.72939259365392
2012-08-14 06:35:21,59.09759943750838
2012-08-14 06:35:30,55.52178485068685
2012-08-14 06:35:41,52.917661890345364
2012-08-14 06:35:51,55.76587088957949
2012-08-14 06:36:00,62.01361279446002
2012-08-14 06:36:11,67.23613414590537
2012-08-14 06:36:20,67.72334855513026
2012-08-14 06:36:31,67.58276897140752
2012-08-14 06:36:41,68.69461509878634
2012-08-14 06:36:50,64.6514964168929
2012-08-14 06:37:01,58.83972053203097
2012-08-14 06:37:10,60.24024628504976
2012-08-14 06:37:20,59.77881766765582
2012-08-14 06:37:31,62.650192588933955
2012-08-14 06:37:40,66.08696683707188
2012-08-14 06:37:51,67.40998746991403
2012-08-14 06:38:00,67.21718024515746
2012-08-14 06:38:10,68.51987686423314
2012-08-14 06:38:21,67.66656307828676
2012-08-14 06:38:30,70.98462519309022
2012-08-14 06:38:41,70.31210755718259
2012-08-14 06:38:50,67.68040647252725
2012-08-14 06:39:00,67.61051532073623
2012-08-14 06:39:11,65.09358847939934
2012-08-14 06:39:20,57.18344363979737
2012-08-14 06:39:31,58.87843461990731
2012-08-14 06:39:41,58.054343711961444
2012-08-14 06:39:50,60.411667571153096
2012-08-14 06:40:01,64.62015145283091
2012-08-14 06:40:10,65.66169352169199
2012-08-14 06:40:21,67.75138438996899
2012-08-14 06:40:31,68.26040182888124
2012-08-14 06:40:40,68.30595114322354
2012-08-14 06:40:51,70.10587016874769
2012-08-14 06:41:00,70.89204138125042
2012-08-14 06:41:11,73.42469227730224
2012-08-14 06:41:21,76.38485967253949
2012-08-14 06:41:30,72.92935195166947
2012-08-14 06:41:41,73.09117651739083
2012-08-14 06:41:50,81.16590303423595
2012-08-14 06:42:00,90.9073466563871
2012-08-14 06:42:11,98.98138676708939
2012-08-14 06:42:20,103.24668672906981
2012-08-14 06:42:31,103.30009816583232
2012-08-14 06:42:40,97.8456375092564
2012-08-14 06:42:50,70.47114310104745
2012-08-14 06:43:01,62.09292283734607
2012-08-14 06:43:10,61.87839990516092
2012-08-14 06:43:21,61.94702270343631
2012-08-14 06:43:31,61.89306158975192
2012-08-14 06:43:40,62.16905954726145
2012-08-14 06:43:51,61.586698694381845
2012-08-14 06:44:00,55.59655168434592
2012-08-14 06:44:11,57.225186369550045
2012-08-14 06:44:21,64.3542864015012
2012-08-14 06:44:30,64.42154752350964
2012-08-14 06:44:41,64.80195236152574
2012-08-14 06:44:50,71.12408468153396
2012-08-14 06:45:01,67.03469659567554
2012-08-14 06:45:11,67.73522540612107
2012-08-14 06:45:20,67.77002369483448
2012-08-14 06:45:31,67.10233386032824
2012-08-14 06:45:40,66.98748368870861
2012-08-14 06:45:51,68.1489292867397
2012-08-14 06:46:01,68.27632050562826
2012-08-14 06:46:10,64.52617600687552
2012-08-14 06:46:21,58.42590141446604
2012-08-14 06:46:30,65.49122387309028
2012-08-14 06:46:40,75.69225775474806
2012-08-14 06:46:51,84.13889245619568
2012-08-14 06:47:00,89.68518467630795
2012-08-14 06:47:11,96.67195024538572
2012-08-14 06:47:20,102.73135437156257
2012-08-14 06:47:30,104.33490630963493
2012-08-14 06:47:41,108.52028655418266
2012-08-14 06:47:50,107.38811415171492
2012-08-14 06:48:01,109.91937138801211
2012-08-14 06:48:11,123.17867457696056
2012-08-14 06:48:20,129.42877222503324
2012-08-14 06:48:31,128.76937862558663
2012-08-14 06:48:40,131.7771827956315
2012-08-14 06:48:51,141.51993807650754
2012-08-14 06:49:01,150.80744179266776
2012-08-14 06:49:10,165.0645790555956
2012-08-14 06:49:21,173.28982795509043
2012-08-14 06:49:30,188.39973959522385
2012-08-14 06:49:41,194.8472022391014
2012-08-14 06:49:51,214.29792818025754
2012-08-14 06:50:00,224.38693992428634
2012-08-14 06:50:11,234.82056348958716
2012-08-14 06:50:20,245.4401602281749
2012-08-14 06:50:30,256.1803025601975
2012-08-14 06:50:41,266.15120638374253
2012-08-14 06:50:50,276.084278962856
2012-08-14 06:51:01,287.09573180639336
2012-08-14 06:51:10,298.5405126367728
2012-08-14 06:51:20,314.8980017826819
2012-08-14 06:51:31,324.1183644818616
2012-08-14 06:51:40,332.22353414528766
2012-08-14 06:51:51,342.82583025993245
2012-08-14 06:52:00,354.0047594110358
2012-08-14 06:52:10,364.63858715980285
2012-08-14 06:52:21,370.92032493331595
2012-08-14 06:52:30,380.9241321447792
2012-08-14 06:52:41,392.27843751503025
2012-08-14 06:52:51,398.7740079325308
2012-08-14 06:53:00,405.8629406798156
2012-08-14 06:53:11,420.0324661962796
2012-08-14 06:53:20,424.38519051575975
2012-08-14 06:53:31,450.5327419467773
2012-08-14 06:53:41,458.2510426849075
2012-08-14 06:53:50,462.8749957713035
2012-08-14 06:54:01,462.5309564249094
2012-08-14 06:54:10,464.314798088983
2012-08-14 06:54:21,465.92922645265605
2012-08-14 06:54:31,467.2550705997582
2012-08-14 06:54:40,468.24932525475276
2012-08-14 06:54:51,467.4198451430627
2012-08-14 06:55:00,455.9868474464467
2012-08-14 06:55:10,455.6546296413435
2012-08-14 06:55:21,455.6514666307304
2012-08-14 06:55:30,455.85609796165727
2012-08-14 06:55:41,455.6111274625766
2012-08-14 06:55:50,455.3122207504361
2012-08-14 06:56:00,455.3891796827985
2012-08-14 06:56:11,456.521853367415
2012-08-14 06:56:20,456.0396728879425
2012-08-14 06:56:31,455.87775457397555
2012-08-14 06:56:40,455.7713700258279
2012-08-14 06:56:50,455.83733967750965
2012-08-14 06:57:01,456.03009842424785
2012-08-14 06:57:10,455.54152505291887
2012-08-14 06:57:21,456.36897481594025
2012-08-14 06:57:31,455.6132419658333
2012-08-14 06:57:40,455.7447787008311
2012-08-14 06:57:51,455.83682341781275
2012-08-14 06:58:00,456.11413186513505
2012-08-14 06:58:11,456.16850781936114
2012-08-14 06:58:21,456.11972016942633
2012-08-14 06:58:30,455.93520417791126
2012-08-14 06:58:41,455.68614406811764
2012-08-14 06:58:50,455.94418783053004
2012-08-14 06:59:01,456.0205413050745
2012-08-14 06:59:11,456.9369001324373
2012-08-14 06:59:20,458.10760944578885
2012-08-14 06:59:31,457.92919808977354
2012-08-14 06:59:40,457.8036036540879
2012-08-14 06:59:50,455.37093699748675
2012-08-14 07:00:01,454.8886196517097
2012-08-14 07:00:10,456.41789915563885
2012-08-14 07:00:21,457.17494875894965
2012-08-14 07:00:30,457.0706388730757
2012-08-14 07:00:40,458.5457025769754
2012-08-14 07:00:51,458.3022774384778
2012-08-14 07:01:00,457.96395603763426
2012-08-14 07:01:11,458.41385393959234
2012-08-14 07:01:20,458.9971283331017
2012-08-14 07:01:30,458.383710351337
2012-08-14 07:01:41,458.0006414881603
2012-08-14 07:01:50,457.52980288517927
2012-08-14 07:02:01,457.6539667034031
2012-08-14 07:02:11,457.75561276179155
2012-08-14 07:02:20,456.8144633069859
2012-08-14 07:02:31,457.7992707270539
2012-08-14 07:02:40,456.7199889906597
2012-08-14 07:02:51,446.8201379476283
2012-08-14 07:03:01,446.66534428822
2012-08-14 07:03:10,446.44172838152093
2012-08-14 07:03:21,443.31680173351384
2012-08-14 07:03:30,443.10521403165575
2012-08-14 07:03:41,443.67292350786414
2012-08-14 07:03:51,443.7075825092428
2012-08-14 07:04:00,443.9604609481957
2012-08-14 07:04:11,444.01483884942536
2012-08-14 07:04:20,443.5098001115971
2012-08-14 07:04:30,443.78237208010984
2012-08-14 07:04:41,443.4324196106597
2012-08-14 07:04:50,443.42634256988254
2012-08-14 07:05:01,443.19754525805155
2012-08-14 07:05:10,443.14779754605956
2012-08-14 07:05:20,443.25153858577704
2012-08-14 07:05:31,437.38085726568954
2012-08-14 07:05:40,437.4454048886671
2012-08-14 07:05:51,437.5858353304325
2012-08-14 07:06:01,437.4313366970176
2012-08-14 07:06:10,437.2051148548598
2012-08-14 07:06:21,437.32014289905834
2012-08-14 07:06:30,437.18747161085713
2012-08-14 07:06:41,437.30233797030905
2012-08-14 07:06:51,437.3902145757213
2012-08-14 07:07:00,437.32249605025635
2012-08-14 07:07:11,440.7035862062901
2012-08-14 07:07:20,443.04431795615085
2012-08-14 07:07:31,443.1244255486239
2012-08-14 07:07:41,441.8332321204688
2012-08-14 07:07:50,436.94082266947896
2012-08-14 07:08:01,432.43359567268743
2012-08-14 07:08:10,432.6077918959554
2012-08-14 07:08:21,433.0757871291314
2012-08-14 07:08:31,432.4915427637376
2012-08-14 07:08:40,432.91560434482943
2012-08-14 07:08:51,433.0092286133007
2012-08-14 07:09:00,432.851507743802
2012-08-14 07:09:10,434.21850017995706
2012-08-14 07:09:21,443.8444508017632
2012-08-14 07:09:30,450.0066509229134
2012-08-14 07:09:41,457.16825162892445
2012-08-14 07:09:50,464.75560528578893
2012-08-14 07:10:00,479.1584711393773
2012-08-14 07:10:11,480.00555658478925
2012-08-14 07:10:20,478.71478479688426
2012-08-14 07:10:31,475.43873889743134
2012-08-14 07:10:41,475.64261439753903
2012-08-14 07:10:50,475.5343595848377
2012-08-14 07:11:01,475.1667055550817
2012-08-14 07:11:10,475.79781063727387
2012-08-14 07:11:21,476.68126667636375
2012-08-14 07:11:31,476.28271429880965
2012-08-14 07:11:40,475.76994286521915
2012-08-14 07:11:51,474.2063471746415
2012-08-14 07:12:00,475.00332858781735
2012-08-14 07:12:11,474.35657534762555
2012-08-14 07:12:21,479.89093264958996
2012-08-14 07:12:30,478.53900562999564
2012-08-14 07:12:41,483.05444581042065
2012-08-14 07:12:50,484.0612739600399
2012-08-14 07:13:00,484.4000996344673
2012-08-14 07:13:11,483.6556257706634
2012-08-14 07:13:20,485.5349983100999
2012-08-14 07:13:31,485.3351297048882
2012-08-14 07:13:40,484.6482469802049
2012-08-14 07:13:50,483.440853906948
2012-08-14 07:14:01,484.7499859826429
2012-08-14 07:14:10,483.7578727530843
2012-08-14 07:14:21,483.1904170868016
2012-08-14 07:14:30,482.9452997183022
2012-08-14 07:14:40,483.8903062354505
2012-08-14 07:14:51,484.58176556850196
2012-08-14 07:15:00,484.5667468761115
2012-08-14 07:15:11,483.48173348833035
2012-08-14 07:15:21,482.94013961760135
2012-08-14 07:15:30,483.23952552675144
2012-08-14 07:15:41,482.41090844245474
2012-08-14 07:15:50,489.8288468791599
2012-08-14 07:16:01,489.6155828638845
2012-08-14 07:16:11,491.8352755901255
2012-08-14 07:16:20,493.8195577237179
2012-08-14 07:16:31,494.0844280401265
2012-08-14 07:16:40,494.57177305626425
2012-08-14 07:16:51,493.54353093472764
2012-08-14 07:17:01,494.16197138788465
2012-08-14 07:17:10,493.95883730717475
2012-08-14 07:17:21,493.9803357416209
2012-08-14 07:17:30,492.9435358603684
2012-08-14 07:17:40,492.3688092218458
2012-08-14 07:17:51,490.9339769285407
2012-08-14 07:18:00,489.9528718750255
2012-08-14 07:18:11,489.45608242987583
2012-08-14 07:18:20,488.99986387848406
2012-08-14 07:18:30,489.11150513698266
2012-08-14 07:18:41,489.98501698596357
2012-08-14 07:18:50,490.11481201927614
2012-08-14 07:19:01,489.1837720105634
2012-08-14 07:19:10,488.8636056789644
2012-08-14 07:19:20,489.3238952200739
2012-08-14 07:19:31,488.6096843858983
2012-08-14 07:19:40,489.2453735787499
2012-08-14 07:19:51,489.587151715857
2012-08-14 07:20:01,489.2253249056376
2012-08-14 07:20:10,489.16431757352933
2012-08-14 07:20:21,489.40883704137417
2012-08-14 07:20:30,489.614640569749
2012-08-14 07:20:41,489.8222632727174
2012-08-14 07:20:51,489.96455401019796
2012-08-14 07:21:00,490.1113981702292
2012-08-14 07:21:11,490.3285107616665
2012-08-14 07:21:20,490.23873894170634
2012-08-14 07:21:31,489.85418640718984
2012-08-14 07:21:41,489.72435632714803
2012-08-14 07:21:50,489.6557256753245
2012-08-14 07:22:01,489.5765053198776
2012-08-14 07:22:10,489.0651092537465
2012-08-14 07:22:20,489.0279618357749
2012-08-14 07:22:31,489.4648211027763
2012-08-14 07:22:40,489.7381778263484
2012-08-14 07:22:51,489.85972969576073
2012-08-14 07:23:00,490.3679914636159
2012-08-14 07:23:10,489.69573804388915
2012-08-14 07:23:21,489.7611770283205
2012-08-14 07:23:30,489.52725733199185
2012-08-14 07:23:41,484.33116534232414
2012-08-14 07:23:50,482.18791913273355
2012-08-14 07:24:00,481.49156573062663
2012-08-14 07:24:11,481.18531576563197
2012-08-14 07:24:20,481.5818296604908
2012-08-14 07:24:31,481.1885915594576
2012-08-14 07:24:41,480.64664466447925
2012-08-14 07:24:50,480.63912016389594
2012-08-14 07:25:01,480.8294188047916
2012-08-14 07:25:10,480.8570612453562
2012-08-14 07:25:21,491.5778305628115
2012-08-14 07:25:31,490.7456448954092
2012-08-14 07:25:40,484.279634087533
2012-08-14 07:25:51,483.9386266173807
2012-08-14 07:26:00,482.86917391170283
2012-08-14 07:26:11,482.2381277415904
2012-08-14 07:26:21,482.2523976395818
2012-08-14 07:26:30,482.4920334541196
2012-08-14 07:26:41,482.44256190230635
2012-08-14 07:26:50,482.5975817562495
2012-08-14 07:27:00,482.1877303056397
2012-08-14 07:27:11,482.5239035214788
2012-08-14 07:27:20,482.1517550671129
2012-08-14 07:27:31,482.55343969330426
2012-08-14 07:27:40,483.42573452894834
2012-08-14 07:27:50,483.4562912712641
2012-08-14 07:28:01,483.1434193759937
2012-08-14 07:28:10,483.13233808946956
2012-08-14 07:28:21,482.9424213448266
2012-08-14 07:28:31,482.61710050212366
2012-08-14 07:28:40,482.1942038886372
2012-08-14 07:28:51,482.6664004619173
2012-08-14 07:29:00,482.5434550620994
2012-08-14 07:29:11,482.6036994853311
2012-08-14 07:29:21,484.3916527747729
2012-08-14 07:29:30,484.2150845461952
2012-08-14 07:29:41,484.244982029924
2012-08-14 07:29:50,487.4807742070992
2012-08-14 07:30:01,505.7350839645794
2012-08-14 07:30:11,528.5552115145919
2012-08-14 07:30:20,539.1184186854141
2012-08-14 07:30:31,543.1756776818867
2012-08-14 07:30:40,557.1583770452484
2012-08-14 07:30:51,565.541748520698
2012-08-14 07:31:01,565.2357794581642
2012-08-14 07:31:10,570.635509738523
2012-08-14 07:31:21,580.8312306041956
2012-08-14 07:31:30,584.8580027810154
2012-08-14 07:31:40,584.5012829110876
2012-08-14 07:31:51,596.8752069534197
2012-08-14 07:32:00,601.7242616654808
2012-08-14 07:32:11,607.1562023966586
2012-08-14 07:32:20,613.5952666088965
2012-08-14 07:32:30,615.534012762482
2012-08-14 07:32:41,621.5098686737057
2012-08-14 07:32:50,629.5758692997374
2012-08-14 07:33:01,638.4617918752441
2012-08-14 07:33:11,646.4760800857987
2012-08-14 07:33:20,653.5380740939221
2012-08-14 07:33:31,657.9350322492792
2012-08-14 07:33:40,663.3502460832291
2012-08-14 07:33:51,669.1719643739499
2012-08-14 07:34:01,670.3789802036214
2012-08-14 07:34:10,669.5398673763485
2012-08-14 07:34:21,665.9172132691704
2012-08-14 07:34:30,668.7054806122566
2012-08-14 07:34:41,676.7378509849727
2012-08-14 07:34:51,678.2229508332578
2012-08-14 07:35:00,678.2110995697534
2012-08-14 07:35:11,678.8558861864956
2012-08-14 07:35:20,681.4387121687494
2012-08-14 07:35:30,691.1305490879678
2012-08-14 07:35:41,698.8875043441284
2012-08-14 07:35:50,699.8638647288045
2012-08-14 07:36:01,705.0611490351885
2012-08-14 07:36:10,708.147171263012
2012-08-14 07:36:20,708.9856189563673
2012-08-14 07:36:31,717.8657341400228
2012-08-14 07:36:40,723.3518858180673
2012-08-14 07:36:51,723.6862488999567
2012-08-14 07:37:00,723.5071481257378
2012-08-14 07:37:10,729.831261569746
2012-08-14 07:37:21,735.7936051241304
2012-08-14 07:37:30,740.1144583111814
2012-08-14 07:37:41,740.3305453611723
2012-08-14 07:37:51,740.4890918363105
2012-08-14 07:38:00,748.0449209142485
2012-08-14 07:38:11,754.8338295698777
2012-08-14 07:38:20,763.5182114044339
2012-08-14 07:38:31,771.970297618697
2012-08-14 07:38:41,777.0412690147683
2012-08-14 07:38:50,778.0867332867653
2012-08-14 07:39:01,779.8210741387652
2012-08-14 07:39:10,790.1314487154611
2012-08-14 07:39:21,794.9895443133411
2012-08-14 07:39:31,795.2100886082883
2012-08-14 07:39:40,795.15565582458
2012-08-14 07:39:51,794.5600016603119
2012-08-14 07:40:00,801.8039194981517
2012-08-14 07:40:10,810.8723811597124
2012-08-14 07:40:21,814.5791625435245
2012-08-14 07:40:30,822.8194265067953
2012-08-14 07:40:41,835.7201265830054
2012-08-14 07:40:50,842.5443438037299
2012-08-14 07:41:00,851.218119570561
2012-08-14 07:41:11,857.8476978982945
2012-08-14 07:41:20,865.3659045805699
2012-08-14 07:41:31,873.2150129355571
2012-08-14 07:41:40,875.7086153297946
2012-08-14 07:41:50,878.5302348218274
2012-08-14 07:42:01,878.8460913261988
2012-08-14 07:42:10,876.612786349024
2012-08-14 07:42:21,878.9363710255078
2012-08-14 07:42:31,881.5538028035297
2012-08-14 07:42:40,889.3057290374417
2012-08-14 07:42:51,891.6501305022952
2012-08-14 07:43:00,893.8151177911809
2012-08-14 07:43:11,893.8827639519062
2012-08-14 07:43:21,898.8937930793542
2012-08-14 07:43:30,904.0762881735294
2012-08-14 07:43:41,906.757799437667
2012-08-14 07:43:50,906.2435863754035
2012-08-14 07:44:01,906.4239599904447
2012-08-14 07:44:11,906.7027669538993
2012-08-14 07:44:20,906.6172829777361
2012-08-14 07:44:31,906.2070259085581
2012-08-14 07:44:40,905.98836838936
2012-08-14 07:44:50,906.320100036685
2012-08-14 07:45:01,909.8369265382858
2012-08-14 07:45:10,909.8174813650093
2012-08-14 07:45:21,910.3938915706991
2012-08-14 07:45:30,909.3908609806643
2012-08-14 07:45:40,909.3275397982279
2012-08-14 07:45:51,909.8584480088749
2012-08-14 07:46:00,909.1360116804515
2012-08-14 07:46:11,909.3665349014834
2012-08-14 07:46:20,906.9301220813736
2012-08-14 07:46:30,906.174301196743
2012-08-14 07:46:41,907.90852806941
2012-08-14 07:46:50,907.3081030491019
2012-08-14 07:47:01,906.9742962518799
2012-08-14 07:47:11,905.8484273626885
2012-08-14 07:47:20,905.8647425479577
2012-08-14 07:47:31,908.2038446789562
2012-08-14 07:47:40,908.3194942066114
2012-08-14 07:47:51,910.321120847829
2012-08-14 07:48:01,910.5976718289654
2012-08-14 07:48:10,909.9432541203129
2012-08-14 07:48:21,910.8032617537121
2012-08-14 07:48:30,911.249331107972
2012-08-14 07:48:41,913.156973748859
2012-08-14 07:48:51,913.5416040357742
2012-08-14 07:49:00,914.4301412475758
2012-08-14 07:49:11,919.9167063473014
2012-08-14 07:49:20,923.3674428294041
2012-08-14 07:49:30,928.3995226928711
2012-08-14 07:49:41,925.1546168363051
2012-08-14 07:49:50,924.0161843511323
2012-08-14 07:50:01,920.4557843126651
2012-08-14 07:50:10,920.8837190004657
2012-08-14 07:50:20,920.3300308758992
2012-08-14 07:50:31,920.4775661731079
2012-08-14 07:50:40,920.2184902222236
2012-08-14 07:50:51,919.651086401118
2012-08-14 07:51:01,920.1950730776414
2012-08-14 07:51:10,920.4247661574886
2012-08-14 07:51:21,920.1603890374247
2012-08-14 07:51:30,920.403631209505
2012-08-14 07:51:41,920.8083280647322
2012-08-14 07:51:51,920.0631908149192
2012-08-14 07:52:00,919.9073036912802
2012-08-14 07:52:11,920.1760089125646
2012-08-14 07:52:20,920.4562778363846
2012-08-14 07:52:31,920.3545674050064
2012-08-14 07:52:41,920.8162020026548
2012-08-14 07:52:50,920.9545114700942
2012-08-14 07:53:01,921.5222849735204
2012-08-14 07:53:10,920.0775023955002
2012-08-14 07:53:21,919.7109880456447
2012-08-14 07:53:31,919.3441663445753
2012-08-14 07:53:40,918.2379197343209
2012-08-14 07:53:51,919.6950745406434
2012-08-14 07:54:00,920.2603392480934
2012-08-14 07:54:10,920.6314747005282
2012-08-14 07:54:21,919.0741584436234
2012-08-14 07:54:30,932.2692092438843
2012-08-14 07:54:41,948.5546324631665
2012-08-14 07:54:50,956.7419296198426
2012-08-14 07:55:00,963.6336597436374
2012-08-14 07:55:11,967.5968878243177
2012-08-14 07:55:20,975.8447224172724
2012-08-14 07:55:31,978.4604212504287
2012-08-14 07:55:41,983.3495152742199
2012-08-14 07:55:50,979.9064664293863
2012-08-14 07:56:01,990.9913799562431
2012-08-14 07:56:10,991.1820664392664
2012-08-14 07:56:21,991.1409376506012
2012-08-14 07:56:31,997.2523516098495
2012-08-14 07:56:40,1004.3133674578476
2012-08-14 07:56:51,1009.3530393681516
2012-08-14 07:57:00,1012.3671163708545
2012-08-14 07:57:11,1017.7787019798983
2012-08-14 07:57:21,1029.6727015378763
2012-08-14 07:57:30,1035.9627085754535
2012-08-14 07:57:41,1044.3550013136962
2012-08-14 07:57:50,1049.3380940244936
2012-08-14 07:58:00,1049.3874104149052
2012-08-14 07:58:11,1049.7719479317827
2012-08-14 07:58:20,1049.095342710091
2012-08-14 07:58:31,1049.1494127730605
2012-08-14 07:58:40,1049.7311972316613
2012-08-14 07:58:50,1050.124087912075
2012-08-14 07:59:01,1049.9672850205563
2012-08-14 07:59:10,1049.822643779413
2012-08-14 07:59:21,1049.9983138031605
2012-08-14 07:59:30,1049.6778182651412
2012-08-14 07:59:40,1049.9153876264518
2012-08-14 07:59:51,1050.3914204352977
2012-08-14 08:00:00,1049.3662443423243
2012-08-14 08:00:11,1052.4063449873877
2012-08-14 08:00:21,1054.297631640594
2012-08-14 08:00:30,1054.7926284426514
2012-08-14 08:00:41,1055.0178974104285
2012-08-14 08:00:50,1054.447743894097
2012-08-14 08:01:01,1057.6758496048421
2012-08-14 08:01:11,1053.7247161885393
2012-08-14 08:01:20,1053.1423119831177
2012-08-14 08:01:31,1050.360536870618
2012-08-14 08:01:40,1046.978779833266
2012-08-14 08:01:51,1042.2427484296759
2012-08-14 08:02:01,1041.5669771944065
2012-08-14 08:02:10,1042.2479358336377
2012-08-14 08:02:21,1042.975356354976
2012-08-14 08:02:30,1042.544160711173
2012-08-14 08:02:40,1043.1608723616048
2012-08-14 08:02:51,1042.577593476654
2012-08-14 08:03:00,1045.4142775808127
2012-08-14 08:03:11,1046.6715144311358
2012-08-14 08:03:20,1046.2961152734797
2012-08-14 08:03:30,1047.6859702814734
2012-08-14 08:03:41,1050.1742735725734
2012-08-14 08:03:50,1052.9848232848433
2012-08-14 08:04:01,1058.7678055559109
2012-08-14 08:04:10,1066.1549190526398
2012-08-14 08:04:20,1074.573833312339
2012-08-14 08:04:31,1076.1861239939653
2012-08-14 08:04:40,1077.6897960791252
2012-08-14 08:04:51,1081.9655278337164
2012-08-14 08:05:01,1090.2980442525336
2012-08-14 08:05:10,1097.0076541710846
2012-08-14 08:05:21,1111.8156062755481
2012-08-14 08:05:30,1118.7256772820945
2012-08-14 08:05:41,1125.4191553126334
2012-08-14 08:05:51,1125.4266594938229
2012-08-14 08:06:00,1125.435993879554
2012-08-14 08:06:11,1133.8952824781798
2012-08-14 08:06:20,1136.8738211817295
2012-08-14 08:06:31,1142.1843723780084
2012-08-14 08:06:41,1153.1341749594174
2012-08-14 08:06:50,1165.8157215829876
2012-08-14 08:07:01,1174.0933074560062
2012-08-14 08:07:10,1180.517605896226
2012-08-14 08:07:20,1188.8342128708525
2012-08-14 08:07:31,1195.6186607126235
2012-08-14 08:07:40,1195.8758574104875
2012-08-14 08:07:51,1204.835545654579
2012-08-14 08:08:00,1215.048994388067
2012-08-14 08:08:10,1223.0002722119327
2012-08-14 08:08:21,1230.5816889345465
2012-08-14 08:08:30,1234.3533251595916
2012-08-14 08:08:41,1235.1462566746968
2012-08-14 08:08:50,1238.3909229352535
2012-08-14 08:09:00,1242.9436553753246
2012-08-14 08:09:11,1242.545732707012
2012-08-14 08:09:20,1248.0947387206274
2012-08-14 08:09:31,1255.3096500334034
2012-08-14 08:09:41,1257.4304940902273
2012-08-14 08:09:50,1268.3821271692455
2012-08-14 08:10:01,1287.2482932998764
2012-08-14 08:10:10,1296.6326824907378
2012-08-14 08:10:21,1305.0209481904233
2012-08-14 08:10:31,1315.131411456363
2012-08-14 08:10:40,1322.225701654495
2012-08-14 08:10:51,1328.9234867198084
2012-08-14 08:11:00,1335.9911272460015
2012-08-14 08:11:11,1343.3338864289192
2012-08-14 08:11:21,1345.0832957444497
2012-08-14 08:11:30,1345.2790226074542
2012-08-14 08:11:41,1349.2864103161799
2012-08-14 08:11:50,1351.292858547221
2012-08-14 08:12:00,1358.9419475100456
2012-08-14 08:12:11,1370.596211140222
2012-08-14 08:12:20,1376.8791377501223
2012-08-14 08:12:31,1381.5779973859956
2012-08-14 08:12:40,1383.9411294123274
2012-08-14 08:12:50,1383.1561410672796
2012-08-14 08:13:01,1383.369110758269
2012-08-14 08:13:10,1385.1629071459529
2012-08-14 08:13:21,1392.4215439211841
2012-08-14 08:13:31,1396.0462655124197
2012-08-14 08:13:40,1398.3294688223034
2012-08-14 08:13:51,1399.2206401407977
2012-08-14 08:14:00,1399.2939027034445
2012-08-14 08:14:11,1398.8734753702581
2012-08-14 08:14:21,1399.3788366353704
2012-08-14 08:14:30,1400.7573884449444
2012-08-14 08:14:41,1401.3829740600988
2012-08-14 08:14:50,1404.067488435506
2012-08-14 08:15:01,1414.6434568658926
2012-08-14 08:15:11,1423.196804023889
2012-08-14 08:15:20,1431.8017782141767
2012-08-14 08:15:31,1440.2004909709997
2012-08-14 08:15:40,1447.8161059237073
2012-08-14 08:15:51,1448.4170481896488
2012-08-14 08:16:01,1456.4829872382584
2012-08-14 08:16:10,1456.6677341111297
2012-08-14 08:16:21,1461.682818980667
2012-08-14 08:16:30,1459.7008645207088
2012-08-14 08:16:40,1460.0065506061605
2012-08-14 08:16:51,1459.7907045457534
2012-08-14 08:17:00,1463.1963300758905
2012-08-14 08:17:11,1467.097740675095
2012-08-14 08:17:20,1466.2634790347379
2012-08-14 08:17:30,1463.8202858899053
2012-08-14 08:17:41,1463.4732714865459
2012-08-14 08:17:50,1465.1123982865995
2012-08-14 08:18:01,1465.2506320289206
2012-08-14 08:18:11,1464.3976472830068
2012-08-14 08:18:20,1470.446734874809
2012-08-14 08:18:31,1473.819983111931
2012-08-14 08:18:40,1473.423456264034
2012-08-14 08:18:51,1473.7458895247692
2012-08-14 08:19:01,1474.9483465453957
2012-08-14 08:19:10,1480.782486091732
2012-08-14 08:19:21,1479.6325260934702
2012-08-14 08:19:30,1478.8337479580834
2012-08-14 08:19:41,1478.3855925905602
2012-08-14 08:19:51,1478.6235713284452
2012-08-14 08:20:00,1488.910092718374
2012-08-14 08:20:11,1490.4663054355665
2012-08-14 08:20:20,1494.2505039553582
2012-08-14 08:20:30,1495.5379376802555
2012-08-14 08:20:41,1494.2934518511727
2012-08-14 08:20:50,1494.4852878633383
2012-08-14 08:21:01,1494.190723361062
2012-08-14 08:21:10,1494.0355746272942
2012-08-14 08:21:20,1494.2335505074152
2012-08-14 08:21:31,1493.932151648836
2012-08-14 08:21:40,1493.9506752972618
2012-08-14 08:21:51,1493.8270890291155
2012-08-14 08:22:00,1493.7604160520198
2012-08-14 08:22:10,1492.7205110845364
2012-08-14 08:22:21,1494.9570945643356
2012-08-14 08:22:30,1494.7316479952606
2012-08-14 08:22:41,1493.2658103932858
2012-08-14 08:22:51,1490.7129569880249
2012-08-14 08:23:00,1489.1607638689752
2012-08-14 08:23:11,1486.2457120819086
2012-08-14 08:23:20,1485.9321776804948
2012-08-14 08:23:31,1484.2280380022594
2012-08-14 08:23:41,1486.9410829334329
2012-08-14 08:23:50,1484.5221586094065
2012-08-14 08:24:01,1478.91559116068
2012-08-14 08:24:10,1476.2554752917667
2012-08-14 08:24:21,1471.664308312045
2012-08-14 08:24:31,1467.6538409956204
2012-08-14 08:24:40,1469.538832743226
2012-08-14 08:24:51,1471.97944927435
2012-08-14 08:25:00,1472.0102824241246
2012-08-14 08:25:10,1471.8918742133399
2012-08-14 08:25:21,1472.4021956881313
2012-08-14 08:25:30,1472.1260740890964
2012-08-14 08:25:41,1469.4384756128736
2012-08-14 08:25:50,1464.904070929869
2012-08-14 08:26:00,1464.2720206415609
2012-08-14 08:26:11,1464.764009995128
2012-08-14 08:26:20,1465.0245900988534
2012-08-14 08:26:31,1463.6451172970683
2012-08-14 08:26:40,1461.877558488048
2012-08-14 08:26:50,1460.953269948547
2012-08-14 08:27:01,1462.3161212699902
2012-08-14 08:27:10,1462.983397495538
2012-08-14 08:27:21,1461.998220731191
2012-08-14 08:27:31,1462.086952854965
2012-08-14 08:27:40,1464.7868918849028
2012-08-14 08:27:51,1461.8719637914403
2012-08-14 08:28:00,1461.4093158471571
2012-08-14 08:28:11,1461.7841779201876
2012-08-14 08:28:21,1463.8606439901253
2012-08-14 08:28:30,1463.203370924519
2012-08-14 08:28:41,1461.2000353692065
2012-08-14 08:28:50,1461.4084331281558
2012-08-14 08:29:01,1461.8198143117297
2012-08-14 08:29:11,1462.7354400324473
2012-08-14 08:29:20,1463.0871571325754
2012-08-14 08:29:31,1463.352875741355
2012-08-14 08:29:40,1467.4181050435861
2012-08-14 08:29:50,1475.5737845362721
2012-08-14 08:30:01,1480.2595707208009
2012-08-14 08:30:10,1485.503275417333
2012-08-14 08:30:21,1487.5462634148162
2012-08-14 08:30:30,1488.3099524139554
2012-08-14 08:30:40,1495.3387824094975
2012-08-14 08:30:51,1499.8104731241954
2012-08-14 08:31:00,1500.3084503800683
2012-08-14 08:31:11,1498.9661605086885
2012-08-14 08:31:20,1499.6838441183831
2012-08-14 08:31:30,1513.1441737782718
2012-08-14 08:31:41,1511.446600883038
2012-08-14 08:31:50,1511.00214812983
2012-08-14 08:32:01,1508.4276914047002
2012-08-14 08:32:11,1507.8159926938336
2012-08-14 08:32:20,1507.1784546510557
2012-08-14 08:32:31,1506.8960944536327
2012-08-14 08:32:40,1506.5376332918906
2012-08-14 08:32:51,1506.4325384596248
2012-08-14 08:33:01,1507.112685729972
2012-08-14 08:33:10,1505.7298574508347
2012-08-14 08:33:21,1509.4224897953743
2012-08-14 08:33:30,1513.5440502296835
2012-08-14 08:33:41,1517.7892062522344
2012-08-14 08:33:51,1523.7152197216776
2012-08-14 08:34:00,1527.4060209029192
2012-08-14 08:34:11,1528.3606779633112
2012-08-14 08:34:20,1529.914984621423
2012-08-14 08:34:30,1529.4358066433676
2012-08-14 08:34:41,1529.1630795199187
2012-08-14 08:34:50,1528.3326087522553
2012-08-14 08:35:01,1528.5317492824704
2012-08-14 08:35:10,1527.8992490631276
2012-08-14 08:35:20,1531.8631803318913
2012-08-14 08:35:31,1544.364757762781
2012-08-14 08:35:40,1551.0842203332245
2012-08-14 08:35:51,1556.436796327091
2012-08-14 08:36:01,1562.8651534493536
2012-08-14 08:36:10,1569.88452631082
2012-08-14 08:36:21,1570.3388460335832
2012-08-14 08:36:30,1569.5231296701138
2012-08-14 08:36:41,1568.1847556107532
2012-08-14 08:36:51,1569.0174278568434
2012-08-14 08:37:00,1570.0841476349337
2012-08-14 08:37:11,1571.3065994768458
2012-08-14 08:37:20,1570.9434588784602
2012-08-14 08:37:31,1569.5785585726378
2012-08-14 08:37:41,1573.2654172042182
2012-08-14 08:37:50,1573.1555598376506
2012-08-14 08:38:01,1571.9945968428988
2012-08-14 08:38:10,1572.3162281514758
2012-08-14 08:38:21,1574.4912847731714
2012-08-14 08:38:31,1574.5034560712465
2012-08-14 08:38:40,1575.8384039634416
2012-08-14 08:38:51,1577.4975899465944
2012-08-14 08:39:00,1578.3630580770503
2012-08-14 08:39:10,1577.596252504432
2012-08-14 08:39:21,1576.4770789848794
2012-08-14 08:39:30,1579.5282557686828
2012-08-14 08:39:41,1585.9018386048813
2012-08-14 08:39:50,1592.9244456335916
2012-08-14 08:40:00,1597.2154297860388
2012-08-14 08:40:11,1598.0705342602291
2012-08-14 08:40:20,1601.9873968406628
2012-08-14 08:40:31,1609.7180254165014
2012-08-14 08:40:41,1616.4586744150408
2012-08-14 08:40:50,1621.3786081743472
2012-08-14 08:41:01,1627.3278259485553
2012-08-14 08:41:10,1633.2999810632743
2012-08-14 08:41:21,1632.7951709757228
2012-08-14 08:41:31,1636.0424977675111
2012-08-14 08:41:40,1639.9422199298097
2012-08-14 08:41:51,1641.6694915951941
2012-08-14 08:42:00,1642.3776770085597
2012-08-14 08:42:11,1642.3404550726825
2012-08-14 08:42:21,1646.3649405027058
2012-08-14 08:42:30,1650.5341283241683
2012-08-14 08:42:41,1651.5569027625893
2012-08-14 08:42:50,1651.4687995923027
2012-08-14 08:43:00,1651.5653641163021
2012-08-14 08:43:11,1645.955104350223
2012-08-14 08:43:20,1648.7699554889657
2012-08-14 08:43:31,1652.606470863397
2012-08-14 08:43:40,1655.2036642913397
2012-08-14 08:43:50,1654.2187133402772
2012-08-14 08:44:01,1653.9864600599315
2012-08-14 08:44:10,1654.1082744008463
2012-08-14 08:44:21,1654.0528168245191
2012-08-14 08:44:30,1653.256545010593
2012-08-14 08:44:40,1652.659311258984
2012-08-14 08:44:51,1652.991124985935
2012-08-14 08:45:00,1653.2122303784436
2012-08-14 08:45:11,1653.0241985024338
2012-08-14 08:45:21,1653.0905658113347
2012-08-14 08:45:30,1653.0352757970431
2012-08-14 08:45:41,1652.7034488923928
2012-08-14 08:45:50,1652.4933198665733
2012-08-14 08:46:01,1652.3495208120748
2012-08-14 08:46:11,1652.1836285528773
2012-08-14 08:46:20,1652.9578375429367
2012-08-14 08:46:31,1653.6326067993195
2012-08-14 08:46:40,1654.8491981388138
2012-08-14 08:46:51,1661.7001490122022
2012-08-14 08:47:01,1665.2440272946674
2012-08-14 08:47:10,1665.0780695108435
2012-08-14 08:47:21,1665.4226155037877
2012-08-14 08:47:30,1666.3191225009546
2012-08-14 08:47:40,1665.677228664042
2012-08-14 08:47:51,1666.8780963148658
2012-08-14 08:48:00,1667.3261223058676
2012-08-14 08:48:11,1667.4407494501454
2012-08-14 08:48:20,1667.1447897452624
2012-08-14 08:48:30,1665.1197781512822
2012-08-14 08:48:41,1664.2469033893735
2012-08-14 08:48:50,1664.2112507976374
2012-08-14 08:49:01,1664.230222230019
2012-08-14 08:49:10,1664.0964350665554
2012-08-14 08:49:20,1664.295168507033
2012-08-14 08:49:31,1664.283302893274
2012-08-14 08:49:40,1665.5647178843958
2012-08-14 08:49:51,1667.5234265503252
2012-08-14 08:50:01,1668.8495397598188
2012-08-14 08:50:10,1668.5701890625471
2012-08-14 08:50:21,1668.3495470870853
2012-08-14 08:50:30,1671.866217701666
2012-08-14 08:50:41,1671.9396365920916
2012-08-14 08:50:51,1672.7103178926304
2012-08-14 08:51:00,1676.702228171933
2012-08-14 08:51:11,1679.2505024697818
2012-08-14 08:51:20,1686.2387867398545
2012-08-14 08:51:31,1684.6162077879806
2012-08-14 08:51:41,1683.7517605556172
2012-08-14 08:51:50,1683.9222641772667
2012-08-14 08:52:01,1683.7435389078537
2012-08-14 08:52:10,1683.9602927499968
2012-08-14 08:52:20,1682.8211458089647
2012-08-14 08:52:31,1682.1785493857333
2012-08-14 08:52:40,1681.9744696751468
2012-08-14 08:52:51,1682.1300079014543
2012-08-14 08:53:00,1682.013749493972
2012-08-14 08:53:10,1682.069405471273
2012-08-14 08:53:21,1682.350421778627
2012-08-14 08:53:30,1682.1010293487875
2012-08-14 08:53:41,1681.9320173221695
2012-08-14 08:53:50,1685.0076624333904
2012-08-14 08:54:00,1685.3346465265568
2012-08-14 08:54:11,1684.6506837840607
2012-08-14 08:54:20,1684.0028232369743
2012-08-14 08:54:31,1683.852122420022
2012-08-14 08:54:41,1684.4296517494986
2012-08-14 08:54:50,1684.5780595294968
2012-08-14 08:55:01,1684.4382046580067
2012-08-14 08:55:10,1683.6557296484823
2012-08-14 08:55:21,1683.8753572414753
2012-08-14 08:55:31,1684.0110987168805
2012-08-14 08:55:40,1682.5139082792068
2012-08-14 08:55:51,1682.7204000715722
2012-08-14 08:56:00,1680.0578762302555
2012-08-14 08:56:11,1680.1670091824878
2012-08-14 08:56:21,1680.6097266597374
2012-08-14 08:56:30,1683.1578896212432
2012-08-14 08:56:41,1686.9023175202242
2012-08-14 08:56:50,1690.831021236968
2012-08-14 08:57:00,1694.419699747316
2012-08-14 08:57:11,1696.5558009648464
2012-08-14 08:57:20,1696.3496090229778
2012-08-14 08:57:31,1696.338556359784
2012-08-14 08:57:40,1695.5483694011896
2012-08-14 08:57:50,1695.5570597021415
2012-08-14 08:58:01,1697.270589368818
2012-08-14 08:58:10,1696.573452202394
2012-08-14 08:58:21,1696.6308992386612
2012-08-14 08:58:31,1696.5309106484358
2012-08-14 08:58:40,1697.5794477059057
2012-08-14 08:58:51,1699.5506562464525
2012-08-14 08:59:00,1699.1981009520996
2012-08-14 08:59:11,1699.180245434659
2012-08-14 08:59:21,1699.9016891976707
2012-08-14 08:59:30,1699.7690779192876
2012-08-14 08:59:41,1700.628966927751
2012-08-14 08:59:50,1700.7890226401355
2012-08-14 09:00:01,1700.7651857778665
2012-08-14 09:00:11,1700.6352577844264
2012-08-14 09:00:20,1700.99313080817
2012-08-14 09:00:31,1701.3012145955925
2012-08-14 09:00:40,1701.8975754234866
2012-08-14 09:00:51,1706.0078508262018
2012-08-14 09:01:01,1709.5153713798745
2012-08-14 09:01:10,1709.2130990914002
2012-08-14 09:01:21,1710.0075747957005
2012-08-14 09:01:30,1710.8093543967505
2012-08-14 09:01:40,1711.158271068375
2012-08-14 09:01:51,1711.274184060715
2012-08-14 09:02:00,1710.4687006580928
2012-08-14 09:02:11,1710.635354532599
2012-08-14 09:02:20,1708.508745985641
2012-08-14 09:02:30,1708.1303904313604
2012-08-14 09:02:41,1708.4809630940417
2012-08-14 09:02:50,1708.378884530314
2012-08-14 09:03:01,1707.7066567906381
2012-08-14 09:03:11,1703.785954238184
2012-08-14 09:03:20,1703.9729725854122
2012-08-14 09:03:31,1705.3346819254737
2012-08-14 09:03:40,1706.164262477258
2012-08-14 09:03:51,1703.5987698741171
2012-08-14 09:04:01,1703.654557921124
2012-08-14 09:04:10,1702.29907344288
2012-08-14 09:04:21,1702.802849524089
2012-08-14 09:04:30,1703.0598326842967
2012-08-14 09:04:41,1703.925590071535
2012-08-14 09:04:51,1703.4284708169014
2012-08-14 09:05:00,1701.9563422366737
2012-08-14 09:05:11,1701.801650918934
2012-08-14 09:05:20,1701.774465084535
2012-08-14 09:05:30,1702.016912439509
2012-08-14 09:05:41,1700.1973774692933
2012-08-14 09:05:50,1691.3463824337405
2012-08-14 09:06:01,1687.8651305057117
2012-08-14 09:06:10,1688.1792414885188
2012-08-14 09:06:20,1687.269863603443
2012-08-14 09:06:31,1687.6942530208519
2012-08-14 09:06:40,1687.2017836802731
2012-08-14 09:06:51,1689.770875552019
2012-08-14 09:07:00,1690.483949226055
2012-08-14 09:07:10,1690.3827088714738
2012-08-14 09:07:21,1693.9441560413827
2012-08-14 09:07:30,1695.8646172982988
2012-08-14 09:07:41,1701.3752473447423
2012-08-14 09:07:51,1703.6870803931758
2012-08-14 09:08:00,1705.861744556625
2012-08-14 09:08:11,1707.73437370062
2012-08-14 09:08:20,1707.1176634280735
2012-08-14 09:08:31,1708.8848775208419
2012-08-14 09:08:41,1707.5619873380758
2012-08-14 09:08:50,1707.1010057777842
2012-08-14 09:09:01,1706.875556913251
2012-08-14 09:09:10,1707.0121567341305
2012-08-14 09:09:21,1707.2286686337334
2012-08-14 09:09:31,1707.1443435882902
2012-08-14 09:09:40,1706.7946677733016
2012-08-14 09:09:51,1706.8241226410942
2012-08-14 09:10:00,1707.0486338832568
2012-08-14 09:10:10,1710.7451719385729
2012-08-14 09:10:21,1710.8110501497522
2012-08-14 09:10:30,1710.6106675372037
2012-08-14 09:10:41,1710.404080406484
2012-08-14 09:10:50,1710.5157631469663
2012-08-14 09:11:00,1714.0998757639672
2012-08-14 09:11:11,1714.9909600038206
2012-08-14 09:11:20,1716.0677272010907
2012-08-14 09:11:31,1717.35589224464
2012-08-14 09:11:40,1717.061506283414
2012-08-14 09:11:50,1716.7591067795438
2012-08-14 09:12:01,1716.995107338797
2012-08-14 09:12:10,1717.2846617952466
2012-08-14 09:12:21,1717.1344801967027
2012-08-14 09:12:31,1716.4173879357627
2012-08-14 09:12:40,1716.5520438281708
2012-08-14 09:12:51,1717.389639104439
2012-08-14 09:13:00,1718.2027821950935
2012-08-14 09:13:11,1718.1070738535084
2012-08-14 09:13:21,1718.2700561046327
2012-08-14 09:13:30,1721.5352518392788
2012-08-14 09:13:41,1727.177180742329
2012-08-14 09:13:50,1727.291037471855
2012-08-14 09:14:01,1728.5481231408564
2012-08-14 09:14:11,1728.4988851282565
2012-08-14 09:14:20,1728.2137661119737
2012-08-14 09:14:31,1728.1580123986203
2012-08-14 09:14:40,1728.7625127919687
2012-08-14 09:14:50,1731.263325053276
2012-08-14 09:15:01,1731.3956666286192
2012-08-14 09:15:10,1733.0187894466299
2012-08-14 09:15:21,1733.209830183875
2012-08-14 09:15:30,1732.5297506355694
2012-08-14 09:15:40,1732.3186905512337
2012-08-14 09:15:51,1732.5230499615286
2012-08-14 09:16:00,1732.4235171878042
2012-08-14 09:16:11,1733.1449272368893
2012-08-14 09:16:20,1734.7058566152184
2012-08-14 09:16:30,1734.3482345963423
2012-08-14 09:16:41,1733.5527185454328
2012-08-14 09:16:50,1734.935915986915
2012-08-14 09:17:01,1734.6839074893246
2012-08-14 09:17:11,1734.1905094025817
2012-08-14 09:17:20,1732.6725304638708
2012-08-14 09:17:31,1731.735049611114
2012-08-14 09:17:40,1730.4606540220195
2012-08-14 09:17:51,1730.6502804711765
2012-08-14 09:18:01,1731.3247833951937
2012-08-14 09:18:10,1731.9790529392483
2012-08-14 09:18:21,1732.060406528634
2012-08-14 09:18:30,1732.3411496794492
2012-08-14 09:18:41,1732.3672665852519
2012-08-14 09:18:51,1731.8288815419905
2012-08-14 09:19:00,1731.7778034558378
2012-08-14 09:19:11,1731.4296442079442
2012-08-14 09:19:20,1731.0986339622586
2012-08-14 09:19:30,1731.301550547815
2012-08-14 09:19:41,1731.511484126455
2012-08-14 09:19:50,1731.0036336733915
2012-08-14 09:20:01,1725.8500251211542
2012-08-14 09:20:10,1723.7360827687337
2012-08-14 09:20:20,1716.1831648648285
2012-08-14 09:20:31,1713.767903022682
2012-08-14 09:20:40,1713.9258268403153
2012-08-14 09:20:51,1712.4348791981026
2012-08-14 09:21:01,1712.3192663493537
2012-08-14 09:21:10,1712.8250004649258
2012-08-14 09:21:21,1713.172729382826
2012-08-14 09:21:30,1711.9385617373764
2012-08-14 09:21:41,1711.6520818489096
2012-08-14 09:21:51,1709.293901542465
2012-08-14 09:22:00,1704.9295087875914
2012-08-14 09:22:11,1706.2585374680018
2012-08-14 09:22:20,1702.7607169030393
2012-08-14 09:22:31,1701.5437838249604
2012-08-14 09:22:41,1700.0865933122143
2012-08-14 09:22:50,1696.6286844632282
2012-08-14 09:23:01,1688.073611372385
2012-08-14 09:23:10,1687.9887599530466
2012-08-14 09:23:21,1688.2918204628813
2012-08-14 09:23:31,1688.781535419432
2012-08-14 09:23:40,1688.6393966603746
2012-08-14 09:23:51,1688.1097256966493
2012-08-14 09:24:00,1687.8473321650847
2012-08-14 09:24:10,1688.0644044726134
2012-08-14 09:24:21,1688.2705053741
2012-08-14 09:24:30,1688.5268592406892
2012-08-14 09:24:41,1687.9057928551208
2012-08-14 09:24:50,1688.9053843911058
2012-08-14 09:25:00,1689.7549809223945
2012-08-14 09:25:11,1688.1242351270957
2012-08-14 09:25:20,1690.1918303707207
2012-08-14 09:25:31,1689.1307370017266
2012-08-14 09:25:41,1688.2268099598439
2012-08-14 09:25:50,1688.6258463789607
2012-08-14 09:26:01,1688.9143897419422
2012-08-14 09:26:10,1688.9731147876028
2012-08-14 09:26:21,1689.1637405302918
2012-08-14 09:26:31,1688.9078109399588
2012-08-14 09:26:40,1689.0745567214262
2012-08-14 09:26:51,1689.7863826103935
2012-08-14 09:27:00,1690.7717381588548
2012-08-14 09:27:11,1690.3090979507213
2012-08-14 09:27:21,1689.7886283743255
2012-08-14 09:27:30,1689.6829429480917
2012-08-14 09:27:41,1689.2067065892825
2012-08-14 09:27:50,1688.7954044253875
2012-08-14 09:28:00,1690.777535958292
2012-08-14 09:28:11,1691.080549703052
2012-08-14 09:28:20,1689.9951556566136
2012-08-14 09:28:31,1690.360495733991
2012-08-14 09:28:40,1692.0212587539995
2012-08-14 09:28:50,1691.6701204694027
2012-08-14 09:29:01,1692.036878918963
2012-08-14 09:29:10,1692.2160524203377
2012-08-14 09:29:21,1692.0517885007969
2012-08-14 09:29:30,1692.039023914096
2012-08-14 09:29:40,1692.0131589823584
2012-08-14 09:29:51,1692.0378113841368
2012-08-14 09:30:00,1692.0080413384612
2012-08-14 09:30:11,1691.7593799547622
2012-08-14 09:30:21,1692.0821792929028
2012-08-14 09:30:30,1691.597008133434
2012-08-14 09:30:41,1691.9384350507291
2012-08-14 09:30:50,1691.770972390788
2012-08-14 09:31:01,1691.587832760714
2012-08-14 09:31:11,1691.6841231568612
2012-08-14 09:31:20,1691.6213570005011
2012-08-14 09:31:31,1691.0970236589321
2012-08-14 09:31:40,1691.5484597388306
2012-08-14 09:31:51,1691.5363216536243
2012-08-14 09:32:01,1691.3783049949557
2012-08-14 09:32:10,1691.453077697626
2012-08-14 09:32:21,1692.8118146946492
2012-08-14 09:32:30,1693.7637535127833
2012-08-14 09:32:40,1692.8397914039674
2012-08-14 09:32:51,1692.9329701745582
2012-08-14 09:33:00,1693.2189229636572
2012-08-14 09:33:11,1694.6734965244584
2012-08-14 09:33:20,1695.0041165851057
2012-08-14 09:33:30,1697.4604702016698
2012-08-14 09:33:41,1699.4016225420398
2012-08-14 09:33:50,1700.165963531312
2012-08-14 09:34:01,1699.9757349121587
2012-08-14 09:34:10,1698.8889146690822
2012-08-14 09:34:20,1697.814084262843
2012-08-14 09:34:31,1697.944776020575
2012-08-14 09:34:40,1697.4903599858953
2012-08-14 09:34:51,1698.1432920743068
2012-08-14 09:35:01,1696.4666871243803
2012-08-14 09:35:10,1696.0528806762516
2012-08-14 09:35:21,1696.356029022099
2012-08-14 09:35:30,1697.446127725337
2012-08-14 09:35:41,1697.8762685840402
2012-08-14 09:35:51,1698.6696760821585
2012-08-14 09:36:00,1699.6457787518248
2012-08-14 09:36:11,1700.1391494362933
2012-08-14 09:36:20,1700.0884820568328
2012-08-14 09:36:31,1700.4136354435925
2012-08-14 09:36:41,1699.6651267211034
2012-08-14 09:36:50,1698.692650957003
2012-08-14 09:37:01,1700.2443362720376
2012-08-14 09:37:10,1698.5730741903926
2012-08-14 09:37:20,1697.186495724033
2012-08-14 09:37:31,1698.30020945463
2012-08-14 09:37:40,1698.7150654678858
2012-08-14 09:37:51,1699.8027395678023
2012-08-14 09:38:00,1698.4577318965214
2012-08-14 09:38:10,1698.3729593677028
2012-08-14 09:38:21,1698.4727121039482
2012-08-14 09:38:30,1698.712835427231
2012-08-14 09:38:41,1699.0304815725788
2012-08-14 09:38:50,1699.0792815880254
2012-08-14 09:39:00,1699.1767294703466
2012-08-14 09:39:11,1697.1570150184573
2012-08-14 09:39:20,1693.7243021339693
2012-08-14 09:39:31,1693.3782709381449
2012-08-14 09:39:41,1693.1638872876651
2012-08-14 09:39:50,1693.1361208920578
2012-08-14 09:40:01,1693.4645743482422
2012-08-14 09:40:10,1692.9603682262239
2012-08-14 09:40:21,1692.9277035753648
2012-08-14 09:40:31,1693.34371004081
2012-08-14 09:40:40,1693.4398211917394
2012-08-14 09:40:51,1693.992744587067
2012-08-14 09:41:00,1693.761674799584
2012-08-14 09:41:11,1693.7564746896633
2012-08-14 09:41:21,1694.1678587073523
2012-08-14 09:41:30,1694.1606803041664
2012-08-14 09:41:41,1694.2984904532473
2012-08-14 09:41:50,1694.0002760540601
2012-08-14 09:42:00,1692.4409220108182
2012-08-14 09:42:11,1691.8103936458883
2012-08-14 09:42:20,1692.2328645093212
2012-08-14 09:42:31,1691.2929828914787
2012-08-14 09:42:40,1690.4297394263258
2012-08-14 09:42:50,1690.3495412121906
2012-08-14 09:43:01,1690.684491279843
2012-08-14 09:43:10,1690.6080926620448
2012-08-14 09:43:21,1692.5216563845927
2012-08-14 09:43:31,1693.2507407630849
2012-08-14 09:43:40,1694.374961765338
2012-08-14 09:43:51,1693.987697341095
2012-08-14 09:44:00,1694.3510752376349
2012-08-14 09:44:11,1694.360991264449
2012-08-14 09:44:21,1694.4530851863296
2012-08-14 09:44:30,1694.162222809324
2012-08-14 09:44:41,1693.6931754822617
2012-08-14 09:44:50,1693.8497946031237
2012-08-14 09:45:01,1693.7930183551862
2012-08-14 09:45:11,1693.812556167612
2012-08-14 09:45:20,1693.2053460512861
2012-08-14 09:45:31,1692.5459323460436
2012-08-14 09:45:40,1692.993337359841
2012-08-14 09:45:51,1693.8638790642074
2012-08-14 09:46:01,1694.4473937828218
2012-08-14 09:46:10,1694.5727087665905
2012-08-14 09:46:21,1694.388021041719
2012-08-14 09:46:30,1693.9553775970176
2012-08-14 09:46:40,1693.6963201488984
2012-08-14 09:46:51,1693.7389911903017
2012-08-14 09:47:00,1693.3356645038455
2012-08-14 09:47:11,1693.0776045872701
2012-08-14 09:47:20,1692.3233434213068
2012-08-14 09:47:30,1692.3935720428167
2012-08-14 09:47:41,1692.7545940895247
2012-08-14 09:47:50,1694.446182403863
2012-08-14 09:48:01,1694.4834748594408
2012-08-14 09:48:11,1693.705799195802
2012-08-14 09:48:20,1693.8836841649104
2012-08-14 09:48:31,1692.64473534098
2012-08-14 09:48:40,1688.8918532952116
2012-08-14 09:48:51,1688.516104179497
2012-08-14 09:49:01,1689.2367902419467
2012-08-14 09:49:10,1689.1181385807895
2012-08-14 09:49:21,1688.6841400351393
2012-08-14 09:49:30,1689.0396623389636
2012-08-14 09:49:41,1689.1389429908177
2012-08-14 09:49:51,1689.954354023128
2012-08-14 09:50:00,1689.8477195977644
2012-08-14 09:50:11,1689.6155483663972
2012-08-14 09:50:20,1688.8158063031726
2012-08-14 09:50:30,1689.2068712728956
2012-08-14 09:50:41,1689.3141153078445
2012-08-14 09:50:50,1690.115708212256
2012-08-14 09:51:01,1689.6908631507595
2012-08-14 09:51:10,1689.7400209059872
2012-08-14 09:51:20,1689.461859545702
2012-08-14 09:51:31,1689.198846381463
2012-08-14 09:51:40,1688.9777012821125
2012-08-14 09:51:51,1689.2954279943738
2012-08-14 09:52:00,1688.9370373776271
2012-08-14 09:52:10,1688.4507248495518
2012-08-14 09:52:21,1688.226913873716
2012-08-14 09:52:30,1688.81564013759
2012-08-14 09:52:41,1688.495680209736
2012-08-14 09:52:51,1689.2099042661991
2012-08-14 09:53:00,1689.9171412647422
2012-08-14 09:53:11,1689.4298864893544
2012-08-14 09:53:20,1688.6402925751395
2012-08-14 09:53:31,1688.38923130183
2012-08-14 09:53:41,1688.960831908087
2012-08-14 09:53:50,1689.4603685126888
2012-08-14 09:54:01,1689.0963883301752
2012-08-14 09:54:10,1688.9715571592956
2012-08-14 09:54:21,1688.7841135866888
2012-08-14 09:54:31,1689.4419070777533
2012-08-14 09:54:40,1689.7601019529675
2012-08-14 09:54:51,1689.3684642480237
2012-08-14 09:55:00,1689.082936772146
2012-08-14 09:55:10,1688.8959113569706
2012-08-14 09:55:21,1689.130582656323
2012-08-14 09:55:30,1689.5745854579582
2012-08-14 09:55:41,1689.214584931604
2012-08-14 09:55:50,1688.9052165764572
2012-08-14 09:56:00,1689.0335014544414
2012-08-14 09:56:11,1688.746199472794
2012-08-14 09:56:20,1688.531469982026
2012-08-14 09:56:31,1689.147559890442
2012-08-14 09:56:40,1688.9706686027414
2012-08-14 09:56:50,1689.9149022401557
2012-08-14 09:57:01,1695.6685333816986
2012-08-14 09:57:10,1701.3146187725274
2012-08-14 09:57:21,1701.9167687694096
2012-08-14 09:57:31,1704.034825887175
2012-08-14 09:57:40,1708.2461725561361
2012-08-14 09:57:51,1711.4322536298853
2012-08-14 09:58:00,1716.8963833758999
2012-08-14 09:58:11,1721.3764352330036
2012-08-14 09:58:21,1724.597407778889
2012-08-14 09:58:30,1726.6170676902059
2012-08-14 09:58:41,1732.0660799502277
2012-08-14 09:58:50,1734.2579123346773
2012-08-14 09:59:01,1738.5086827538835
2012-08-14 09:59:11,1739.0685435739929
2012-08-14 09:59:20,1743.7280271453938
2012-08-14 09:59:31,1747.3305740297776
2012-08-14 09:59:40,1747.6068503904683
2012-08-14 09:59:50,1747.2931416427514
2012-08-14 10:00:01,1749.9689585715141
2012-08-14 10:00:10,1749.854617998267
2012-08-14 10:00:21,1749.6898459452175
2012-08-14 10:00:30,1749.876210174813
2012-08-14 10:00:40,1749.414886211368
2012-08-14 10:00:51,1749.544249706495
2012-08-14 10:01:00,1749.9918527970372
2012-08-14 10:01:11,1750.3013221261808
2012-08-14 10:01:20,1750.1458628467378
2012-08-14 10:01:30,1748.7351446690743
2012-08-14 10:01:41,1749.5385847027853
2012-08-14 10:01:50,1749.63771273051
2012-08-14 10:02:01,1749.508991036716
2012-08-14 10:02:11,1749.5261186370126
2012-08-14 10:02:20,1749.129772664658
2012-08-14 10:02:31,1750.1480709814423
2012-08-14 10:02:40,1749.8693876960524
2012-08-14 10:02:51,1749.4540689381922
2012-08-14 10:03:01,1754.4735746673955
2012-08-14 10:03:10,1755.9856639709378
2012-08-14 10:03:21,1756.7593483206756
2012-08-14 10:03:30,1757.733165990454
2012-08-14 10:03:41,1758.0098385692515
2012-08-14 10:03:51,1758.4362670087085
2012-08-14 10:04:00,1758.270003969765
2012-08-14 10:04:11,1758.3888023658178
2012-08-14 10:04:20,1758.5599404514742
2012-08-14 10:04:30,1758.3104420276802
2012-08-14 10:04:41,1756.607840776029
2012-08-14 10:04:50,1756.1770605922127
2012-08-14 10:05:01,1756.4781316682743
2012-08-14 10:05:10,1758.197108085067
2012-08-14 10:05:20,1758.6761636587094
2012-08-14 10:05:31,1758.6532329847353
2012-08-14 10:05:40,1758.058067625366
2012-08-14 10:05:51,1757.0380504027848
2012-08-14 10:06:01,1757.4478114335016
2012-08-14 10:06:10,1757.5274419896302
2012-08-14 10:06:21,1758.2401317960382
2012-08-14 10:06:30,1758.7477058700956
2012-08-14 10:06:41,1758.9785061822342
2012-08-14 10:06:51,1759.5794779179134
2012-08-14 10:07:00,1759.0801052905533
2012-08-14 10:07:11,1758.8744032334407
2012-08-14 10:07:20,1758.899899447347
2012-08-14 10:07:31,1759.0452670429677
2012-08-14 10:07:41,1758.5662419333412
2012-08-14 10:07:50,1758.4958785864474
2012-08-14 10:08:01,1758.6126426216467
2012-08-14 10:08:10,1758.3372444317836
2012-08-14 10:08:21,1758.854501934892
2012-08-14 10:08:31,1757.9592294080844
2012-08-14 10:08:40,1758.5121490221734
2012-08-14 10:08:51,1759.6253915217617
2012-08-14 10:09:00,1758.9795517245227
2012-08-14 10:09:10,1758.3104294497443
2012-08-14 10:09:21,1757.3658711342246
2012-08-14 10:09:30,1758.054153353752
2012-08-14 10:09:41,1759.0696413553655
2012-08-14 10:09:50,1760.0749379409842
2012-08-14 10:10:00,1760.1237173030395
2012-08-14 10:10:11,1759.4604310512902
2012-08-14 10:10:20,1758.8395338419837
2012-08-14 10:10:31,1758.8874865568841
2012-08-14 10:10:41,1759.6895453278742
2012-08-14 10:10:50,1759.7202126033246
2012-08-14 10:11:01,1759.8437248127125
2012-08-14 10:11:10,1759.469324174794
2012-08-14 10:11:21,1759.3934804970618
2012-08-14 10:11:31,1759.1585963634043
2012-08-14 10:11:40,1759.2313981033387
2012-08-14 10:11:51,1759.3987396415587
2012-08-14 10:12:00,1759.5824356548087
2012-08-14 10:12:11,1749.7358166311017
2012-08-14 10:12:21,1746.2504642575393
2012-08-14 10:12:30,1740.4450950232554
2012-08-14 10:12:41,1735.6374716410546
2012-08-14 10:12:50,1731.6031858096933
2012-08-14 10:13:00,1729.528229514897
2012-08-14 10:13:11,1735.0399321333311
2012-08-14 10:13:20,1735.3457964333563
2012-08-14 10:13:31,1732.7887213677386
2012-08-14 10:13:40,1731.2960432449754
2012-08-14 10:13:50,1722.1349623334238
2012-08-14 10:14:01,1722.2545421698517
2012-08-14 10:14:10,1722.2413678423563
2012-08-14 10:14:21,1722.4103991425343
2012-08-14 10:14:30,1723.0990340395765
2012-08-14 10:14:40,1722.7095136353832
2012-08-14 10:14:51,1721.229866405072
2012-08-14 10:15:00,1705.8679603446535
2012-08-14 10:15:11,1698.4044990615914
2012-08-14 10:15:21,1693.0100231081767
2012-08-14 10:15:30,1691.613267653807
2012-08-14 10:15:41,1691.7365934827874
2012-08-14 10:15:50,1687.6165950508716
2012-08-14 10:16:01,1687.3627284671106
2012-08-14 10:16:11,1686.7301893547594
2012-08-14 10:16:20,1683.8817770659286
2012-08-14 10:16:31,1683.2206481825774
2012-08-14 10:16:40,1682.996622874005
2012-08-14 10:16:51,1682.7809995549687
2012-08-14 10:17:01,1681.9082561753387
2012-08-14 10:17:10,1682.6516148354535
2012-08-14 10:17:21,1682.6245540728135
2012-08-14 10:17:30,1682.0941129230337
2012-08-14 10:17:40,1682.9818047299548
2012-08-14 10:17:51,1681.254500957014
2012-08-14 10:18:00,1681.309814368557
2012-08-14 10:18:11,1682.0976537097063
2012-08-14 10:18:20,1682.3387195649655
2012-08-14 10:18:30,1682.676115713441
2012-08-14 10:18:41,1682.2599181268045
2012-08-14 10:18:50,1682.055182773555
2012-08-14 10:19:01,1681.8340848492978
2012-08-14 10:19:10,1682.3204441436649
2012-08-14 10:19:20,1682.360126884745
2012-08-14 10:19:31,1682.556049546515
2012-08-14 10:19:40,1682.1653369788112
2012-08-14 10:19:51,1681.2517702199477
2012-08-14 10:20:01,1681.7172999721606
2012-08-14 10:20:10,1681.2231143114666
2012-08-14 10:20:21,1681.3541012974686
2012-08-14 10:20:30,1681.8383589019904
2012-08-14 10:20:41,1681.600638413411
2012-08-14 10:20:51,1682.2918801008848
2012-08-14 10:21:00,1680.9232868900447
2012-08-14 10:21:11,1678.8619893626455
2012-08-14 10:21:20,1674.3015758328065
2012-08-14 10:21:31,1671.1111288034142
2012-08-14 10:21:41,1665.9045227509935
2012-08-14 10:21:50,1657.2417875193526
2012-08-14 10:22:01,1656.6275235586206
2012-08-14 10:22:10,1655.8266123178105
2012-08-14 10:22:20,1656.6612783186679
2012-08-14 10:22:31,1656.5703860931678
2012-08-14 10:22:40,1656.3401801859316
2012-08-14 10:22:51,1655.4133650153472
2012-08-14 10:23:00,1655.6396959195763
2012-08-14 10:23:10,1655.5491590368088
2012-08-14 10:23:21,1655.1706045015742
2012-08-14 10:23:30,1654.6447695303698
2012-08-14 10:23:41,1654.725252993047
2012-08-14 10:23:50,1654.5771463625003
2012-08-14 10:24:00,1654.5904725238279
2012-08-14 10:24:11,1654.2239399526322
2012-08-14 10:24:20,1653.9835547009332
2012-08-14 10:24:31,1653.9077139136202
2012-08-14 10:24:41,1654.807885905916
2012-08-14 10:24:50,1655.266011980655
2012-08-14 10:25:01,1655.1995855119012
2012-08-14 10:25:10,1655.1578119310154
2012-08-14 10:25:21,1654.9497122641958
2012-08-14 10:25:31,1655.3966890707875
2012-08-14 10:25:40,1655.4497270584866
2012-08-14 10:25:51,1655.1878792514792
2012-08-14 10:26:00,1656.2653228491138
2012-08-14 10:26:11,1657.556413785041
2012-08-14 10:26:21,1657.865575030058
2012-08-14 10:26:30,1657.7821398352905
2012-08-14 10:26:41,1658.16508526792
2012-08-14 10:26:50,1658.9174097221635
2012-08-14 10:27:00,1658.3363616133176
2012-08-14 10:27:11,1661.2456810084004
2012-08-14 10:27:20,1664.6940576116433
2012-08-14 10:27:31,1664.5804202537595
2012-08-14 10:27:40,1667.4473635120314
2012-08-14 10:27:50,1666.66202788717
2012-08-14 10:28:01,1668.6082835716522
2012-08-14 10:28:10,1674.9694682586742
2012-08-14 10:28:21,1676.966861715982
2012-08-14 10:28:31,1677.0551145644874
2012-08-14 10:28:40,1678.7245062862835
2012-08-14 10:28:51,1678.4809294268425
2012-08-14 10:29:00,1681.449525437041
2012-08-14 10:29:11,1679.4227935806305
2012-08-14 10:29:21,1677.9679986280482
2012-08-14 10:29:30,1676.4829088806534
2012-08-14 10:29:41,1677.9621603696396
2012-08-14 10:29:50,1678.271250185247
2012-08-14 10:30:01,1677.8287399058345
2012-08-14 10:30:11,1679.0270776057207
2012-08-14 10:30:20,1678.581167993179
2012-08-14 10:30:31,1677.799731883754
2012-08-14 10:30:40,1682.1450771310765
2012-08-14 10:30:51,1680.0923340656211
2012-08-14 10:31:01,1680.5649122385196
2012-08-14 10:31:10,1680.499119457558
2012-08-14 10:31:21,1681.5023605770364
2012-08-14 10:31:30,1681.4447637982041
2012-08-14 10:31:40,1681.2232205819016
2012-08-14 10:31:51,1681.7336615490176
2012-08-14 10:32:00,1680.9138165298566
2012-08-14 10:32:11,1679.6092867649738
2012-08-14 10:32:20,1678.6072078080656
2012-08-14 10:32:30,1679.6481428650595
2012-08-14 10:32:41,1679.6588525180402
2012-08-14 10:32:50,1681.971316998618
2012-08-14 10:33:01,1680.6926349519738
2012-08-14 10:33:11,1681.4479574055238
2012-08-14 10:33:20,1681.093265259685
2012-08-14 10:33:31,1676.0530166777703
2012-08-14 10:33:40,1672.3608484392655
2012-08-14 10:33:51,1672.092570410729
2012-08-14 10:34:01,1671.7131752781395
2012-08-14 10:34:10,1671.9525362402535
2012-08-14 10:34:21,1671.9504803237853
2012-08-14 10:34:30,1671.3040835888035
2012-08-14 10:34:41,1671.1844938726856
2012-08-14 10:34:51,1672.4760036583311
2012-08-14 10:35:00,1671.897647447188
2012-08-14 10:35:11,1674.2414267250208
2012-08-14 10:35:20,1674.353824556963
2012-08-14 10:35:30,1675.849300636288
2012-08-14 10:35:41,1677.0695150201368
2012-08-14 10:35:50,1676.6718405150566
2012-08-14 10:36:01,1677.1245404739122
2012-08-14 10:36:10,1676.701629032291
2012-08-14 10:36:20,1676.1287482475016
2012-08-14 10:36:31,1676.737651858611
2012-08-14 10:36:40,1676.6556592269335
2012-08-14 10:36:51,1677.010272458841
2012-08-14 10:37:00,1675.7545924044402
2012-08-14 10:37:10,1676.3423070149338
2012-08-14 10:37:21,1676.795793764154
2012-08-14 10:37:30,1676.7503798904106
2012-08-14 10:37:41,1676.3596895104463
2012-08-14 10:37:51,1671.591345113685
2012-08-14 10:38:00,1671.5759169837124
2012-08-14 10:38:11,1672.8463675144246
2012-08-14 10:38:20,1673.2041748995525
2012-08-14 10:38:31,1674.8186639424137
2012-08-14 10:38:41,1674.372763077135
2012-08-14 10:38:50,1676.8142487646187
2012-08-14 10:39:01,1679.6462945623018
2012-08-14 10:39:10,1682.279931054075
2012-08-14 10:39:21,1682.2197084523002
2012-08-14 10:39:31,1682.9901304114926
2012-08-14 10:39:40,1682.477113684364
2012-08-14 10:39:51,1682.7837777943541
2012-08-14 10:40:00,1683.004742305388
2012-08-14 10:40:10,1682.974918520795
2012-08-14 10:40:21,1683.737384588068
2012-08-14 10:40:30,1683.896480005284
2012-08-14 10:40:41,1683.817964517142
2012-08-14 10:40:50,1681.7798902449476
2012-08-14 10:41:00,1682.4706636340404
2012-08-14 10:41:11,1681.9085560046822
2012-08-14 10:41:20,1682.5736611530901
2012-08-14 10:41:31,1682.586504091287
2012-08-14 10:41:40,1682.25917588749
2012-08-14 10:41:50,1682.0284719468834
2012-08-14 10:42:01,1682.0544057573181
2012-08-14 10:42:10,1681.8285144370363
2012-08-14 10:42:21,1681.784527618938
2012-08-14 10:42:31,1681.9679054852536
2012-08-14 10:42:40,1681.8680692996036
2012-08-14 10:42:51,1681.5884126470592
2012-08-14 10:43:00,1679.683520935397
2012-08-14 10:43:11,1681.363888688421
2012-08-14 10:43:21,1680.435865310342
2012-08-14 10:43:30,1680.1071109837928
2012-08-14 10:43:41,1680.8909162249465
2012-08-14 10:43:50,1680.3649157835202
2012-08-14 10:44:01,1680.2888774044252
2012-08-14 10:44:11,1684.6190734927839
2012-08-14 10:44:20,1681.029365270288
2012-08-14 10:44:31,1683.197047078368
2012-08-14 10:44:40,1685.983373973044
2012-08-14 10:44:50,1691.7273754032194
2012-08-14 10:45:01,1692.1482227966496
2012-08-14 10:45:10,1692.8706220898318
2012-08-14 10:45:21,1696.8892375701625
2012-08-14 10:45:30,1704.0535808788343
2012-08-14 10:45:40,1707.0486334962902
2012-08-14 10:45:51,1709.525296251151
2012-08-14 10:46:00,1709.5776792682664
2012-08-14 10:46:11,1710.573135474995
2012-08-14 10:46:20,1711.0875847682164
2012-08-14 10:46:30,1711.0860056836493
2012-08-14 10:46:41,1710.0452297962354
2012-08-14 10:46:50,1709.565310594471
2012-08-14 10:47:01,1709.8341148973664
2012-08-14 10:47:11,1709.6019725182284
2012-08-14 10:47:20,1709.3864438513765
2012-08-14 10:47:31,1709.7825841922286
2012-08-14 10:47:40,1709.062889285916
2012-08-14 10:47:51,1708.4826875004785
2012-08-14 10:48:01,1709.1845986663
2012-08-14 10:48:10,1709.7515225054601
2012-08-14 10:48:21,1709.4785634290672
2012-08-14 10:48:30,1708.9074230074416
2012-08-14 10:48:41,1708.9946059164854
2012-08-14 10:48:51,1709.9105244499442
2012-08-14 10:49:00,1709.6882561935251
2012-08-14 10:49:11,1709.1866600427313
2012-08-14 10:49:20,1711.8841013797323
2012-08-14 10:49:30,1714.6559046692892
2012-08-14 10:49:41,1715.5817684801175
2012-08-14 10:49:50,1715.4915261613896
2012-08-14 10:50:01,1715.2991600756661
2012-08-14 10:50:10,1715.3298889892308
2012-08-14 10:50:20,1714.8127160833924
2012-08-14 10:50:31,1715.1133690996644
2012-08-14 10:50:40,1714.9713187289517
2012-08-14 10:50:51,1715.2931474552272
2012-08-14 10:51:01,1715.3178130894348
2012-08-14 10:51:10,1714.6117363082005
2012-08-14 10:51:21,1714.716438187933
2012-08-14 10:51:30,1714.4424964196687
2012-08-14 10:51:41,1714.6980796815328
2012-08-14 10:51:51,1714.5360936809286
2012-08-14 10:52:00,1714.8262239299609
2012-08-14 10:52:11,1715.005606376766
2012-08-14 10:52:20,1715.3248718590194
2012-08-14 10:52:31,1711.6774009762282
2012-08-14 10:52:41,1710.105013204203
2012-08-14 10:52:50,1710.8079468777555
2012-08-14 10:53:01,1711.3528963448482
2012-08-14 10:53:10,1711.9966904797602
2012-08-14 10:53:21,1714.022973180553
2012-08-14 10:53:31,1714.050486972852
2012-08-14 10:53:40,1714.62542032918
2012-08-14 10:53:51,1714.787884099187
2012-08-14 10:54:00,1715.2794000320566
2012-08-14 10:54:10,1715.0071200014506
2012-08-14 10:54:21,1714.9228640724389
2012-08-14 10:54:30,1714.444605811435
2012-08-14 10:54:41,1714.4695048242595
2012-08-14 10:54:50,1714.9120567757604
2012-08-14 10:55:00,1714.7212155133814
2012-08-14 10:55:11,1715.068459821654
2012-08-14 10:55:20,1719.3405308254382
2012-08-14 10:55:31,1722.4199780464144
2012-08-14 10:55:41,1723.6165633018004
2012-08-14 10:55:50,1722.3597435154668
2012-08-14 10:56:01,1721.3774740878785
2012-08-14 10:56:10,1720.2230537103233
2012-08-14 10:56:21,1719.501894132109
2012-08-14 10:56:31,1719.1395473989508
2012-08-14 10:56:40,1719.7058622343006
2012-08-14 10:56:51,1725.527819802387
2012-08-14 10:57:00,1727.3685279416454
2012-08-14 10:57:11,1727.1969923679064
2012-08-14 10:57:21,1727.847455313966
2012-08-14 10:57:30,1726.874294621484
2012-08-14 10:57:41,1724.5421489191326
2012-08-14 10:57:50,1724.221269904318
2012-08-14 10:58:00,1723.5556553675513
2012-08-14 10:58:11,1724.1175913846807
2012-08-14 10:58:20,1724.3012004365655
2012-08-14 10:58:31,1725.2375377195956
2012-08-14 10:58:40,1724.399266649049
2012-08-14 10:58:50,1724.4984902146757
2012-08-14 10:59:01,1725.2243483447194
2012-08-14 10:59:10,1723.7008486517889
2012-08-14 10:59:21,1723.3720950234544
2012-08-14 10:59:30,1722.544123731366
2012-08-14 10:59:40,1724.8863819457042
2012-08-14 10:59:51,1725.7902964867937
2012-08-14 11:00:00,1727.8606177379554
2012-08-14 11:00:11,1728.810480986093
2012-08-14 11:00:21,1729.496664444478
2012-08-14 11:00:30,1727.7584187046618
2012-08-14 11:00:41,1728.4702138358125
2012-08-14 11:00:50,1728.6089344516354
2012-08-14 11:01:01,1730.0284108544895
2012-08-14 11:01:11,1729.8737367172437
2012-08-14 11:01:20,1729.8001533806525
2012-08-14 11:01:31,1728.1675384362936
2012-08-14 11:01:40,1728.7514667546398
2012-08-14 11:01:51,1729.0898219415647
2012-08-14 11:02:01,1728.4569574427737
2012-08-14 11:02:10,1728.9555288801748
2012-08-14 11:02:21,1727.288885735195
2012-08-14 11:02:30,1725.630856357579
2012-08-14 11:02:40,1721.6999787664731
2012-08-14 11:02:51,1716.149950998895
2012-08-14 11:03:00,1709.6548583247327
2012-08-14 11:03:11,1707.3491343866604
2012-08-14 11:03:20,1707.1131748776863
2012-08-14 11:03:30,1706.5851700677038
2012-08-14 11:03:41,1706.3868564719212
2012-08-14 11:03:50,1706.5196413308493
2012-08-14 11:04:01,1706.7005200353412
2012-08-14 11:04:10,1706.0204441645178
2012-08-14 11:04:20,1706.6673756010034
2012-08-14 11:04:31,1707.5864299120076
2012-08-14 11:04:40,1701.8231832765653
2012-08-14 11:04:51,1695.6096666309397
2012-08-14 11:05:01,1691.4217279216518
2012-08-14 11:05:10,1691.556941386433
2012-08-14 11:05:21,1691.5804735150118
2012-08-14 11:05:30,1691.7525055747817
2012-08-14 11:05:41,1691.2956702082377
2012-08-14 11:05:51,1691.1285334550519
2012-08-14 11:06:00,1690.5768216399215
2012-08-14 11:06:11,1689.88570045623
2012-08-14 11:06:20,1689.6152759670304
2012-08-14 11:06:31,1689.0658917662759
2012-08-14 11:06:41,1689.9284877710124
2012-08-14 11:06:50,1689.565958197015
2012-08-14 11:07:01,1689.2637200317365
2012-08-14 11:07:10,1691.0086718098048
2012-08-14 11:07:20,1691.148161828225
2012-08-14 11:07:31,1691.3992470555665
2012-08-14 11:07:40,1686.1332405247194
2012-08-14 11:07:51,1686.1696415640147
2012-08-14 11:08:00,1686.8648723221213
2012-08-14 11:08:10,1686.8425351602962
2012-08-14 11:08:21,1686.9927373380942
2012-08-14 11:08:30,1687.3596040064613
2012-08-14 11:08:41,1686.5983251406058
2012-08-14 11:08:50,1688.4515382707054
2012-08-14 11:09:00,1687.3016581415366
2012-08-14 11:09:11,1692.59174455175
2012-08-14 11:09:20,1695.5832620422318
2012-08-14 11:09:31,1701.3042831995938
2012-08-14 11:09:41,1702.8352926996088
2012-08-14 11:09:50,1702.3695996836636
2012-08-14 11:10:01,1702.342826695014
2012-08-14 11:10:10,1701.867834438878
2012-08-14 11:10:21,1701.8124736426207
2012-08-14 11:10:31,1703.5617785920356
2012-08-14 11:10:40,1706.0968154491736
2012-08-14 11:10:51,1709.729744747272
2012-08-14 11:11:00,1714.743898388954
2012-08-14 11:11:11,1720.7379798441443
2012-08-14 11:11:21,1725.9827057548484
2012-08-14 11:11:30,1726.947403672524
2012-08-14 11:11:41,1725.295616479475
2012-08-14 11:11:50,1727.6346651221709
2012-08-14 11:12:00,1728.0395456088518
2012-08-14 11:12:11,1728.5739752172972
2012-08-14 11:12:20,1727.997808643925
2012-08-14 11:12:31,1727.035205803523
2012-08-14 11:12:40,1727.05431491142
2012-08-14 11:12:50,1726.959563788907
2012-08-14 11:13:01,1727.7890238342397
2012-08-14 11:13:10,1727.679136678301
2012-08-14 11:13:21,1727.344086578666
2012-08-14 11:13:31,1728.7820330929885
2012-08-14 11:13:40,1729.437915698158
2012-08-14 11:13:51,1729.446900361483
2012-08-14 11:14:00,1729.4285550446257
2012-08-14 11:14:11,1729.3832140136992
2012-08-14 11:14:21,1728.4675464759996
2012-08-14 11:14:30,1728.3871778901628
2012-08-14 11:14:41,1727.8398970331853
2012-08-14 11:14:50,1727.4490167344366
2012-08-14 11:15:01,1727.9899395838797
2012-08-14 11:15:11,1727.7210524018908
2012-08-14 11:15:20,1727.4271343913827
2012-08-14 11:15:31,1727.8206840076025
2012-08-14 11:15:40,1727.4006414545206
2012-08-14 11:15:51,1727.2929624400863
2012-08-14 11:16:01,1726.832771662504
2012-08-14 11:16:10,1727.2959670233383
2012-08-14 11:16:21,1727.7342588028846
2012-08-14 11:16:30,1727.953162214678
2012-08-14 11:16:40,1727.1945585810731
2012-08-14 11:16:51,1726.5808120139789
2012-08-14 11:17:00,1727.3244041157677
2012-08-14 11:17:11,1726.9948741879018
2012-08-14 11:17:20,1727.0361492605948
2012-08-14 11:17:30,1726.8735469933504
2012-08-14 11:17:41,1726.4615810738408
2012-08-14 11:17:50,1725.871407874602
2012-08-14 11:18:01,1725.2880459694645
2012-08-14 11:18:11,1725.4412963831503
2012-08-14 11:18:20,1724.977534852755
2012-08-14 11:18:31,1725.4341789453108
2012-08-14 11:18:40,1727.6514825641195
2012-08-14 11:18:51,1727.161132398852
2012-08-14 11:19:01,1726.9921510009208
2012-08-14 11:19:10,1726.7804325954248
2012-08-14 11:19:21,1727.1473671200222
2012-08-14 11:19:30,1726.771596098344
2012-08-14 11:19:41,1726.3876549326849
2012-08-14 11:19:51,1725.5750916921306
2012-08-14 11:20:00,1726.0602609122045
2012-08-14 11:20:11,1726.939000590153
2012-08-14 11:20:20,1726.6805105761146
2012-08-14 11:20:30,1726.6604036828005
2012-08-14 11:20:41,1726.4234501474164
2012-08-14 11:20:50,1726.7906070172824
2012-08-14 11:21:01,1726.8315361035793
2012-08-14 11:21:10,1726.6056220011094
2012-08-14 11:21:20,1726.972652081298
2012-08-14 11:21:31,1726.8578054690672
2012-08-14 11:21:40,1726.866596852284
2012-08-14 11:21:51,1726.7667403702574
2012-08-14 11:22:00,1726.1645782503222
2012-08-14 11:22:10,1726.1760969970082
2012-08-14 11:22:21,1726.8527370533131
2012-08-14 11:22:30,1726.4414730843707
2012-08-14 11:22:41,1725.8787273755668
2012-08-14 11:22:51,1725.1725503386099
2012-08-14 11:23:00,1725.392273821585
2012-08-14 11:23:11,1726.341295688239
2012-08-14 11:23:20,1726.7524055213592
2012-08-14 11:23:31,1726.6250240985783
2012-08-14 11:23:41,1726.2332949876318
2012-08-14 11:23:50,1726.024885473146
2012-08-14 11:24:01,1725.6219644519322
2012-08-14 11:24:10,1725.3229504884973
2012-08-14 11:24:21,1727.034985312598
2012-08-14 11:24:31,1727.775219424978
2012-08-14 11:24:40,1727.5851687889756
2012-08-14 11:24:51,1727.4376692805606
2012-08-14 11:25:00,1726.6453788293543
2012-08-14 11:25:10,1726.5314689316663
2012-08-14 11:25:21,1725.7480245539773
2012-08-14 11:25:30,1725.9971746104086
2012-08-14 11:25:41,1724.7115681759885
2012-08-14 11:25:50,1724.1020268383493
2012-08-14 11:26:00,1724.677560321574
2012-08-14 11:26:11,1725.4776754800384
2012-08-14 11:26:20,1726.069047313401
2012-08-14 11:26:31,1726.3606480292049
2012-08-14 11:26:40,1727.0099438960979
2012-08-14 11:26:50,1726.705999237954
2012-08-14 11:27:01,1727.4920706492744
2012-08-14 11:27:10,1728.5930156951322
2012-08-14 11:27:21,1727.8610435081018
2012-08-14 11:27:31,1727.291583391552
2012-08-14 11:27:40,1726.3833968185263
2012-08-14 11:27:51,1726.2059870767646
2012-08-14 11:28:00,1726.5630650389885
2012-08-14 11:28:11,1726.132633617471
2012-08-14 11:28:21,1725.8526724913763
2012-08-14 11:28:30,1725.8536195239476
2012-08-14 11:28:41,1726.4695012278426
2012-08-14 11:28:50,1726.303682994904
2012-08-14 11:29:01,1725.8540958406113
2012-08-14 11:29:11,1726.8345157797942
2012-08-14 11:29:20,1727.187317057207
2012-08-14 11:29:31,1726.4047140671125
2012-08-14 11:29:40,1726.3800684663574
2012-08-14 11:29:50,1725.6263864233074
2012-08-14 11:30:01,1727.072080569675
2012-08-14 11:30:10,1728.2774045259528
2012-08-14 11:30:21,1729.3249904297734
2012-08-14 11:30:30,1729.0598199341002
2012-08-14 11:30:40,1728.8247228989476
2012-08-14 11:30:51,1728.547767074889
2012-08-14 11:31:00,1728.2807555368377
2012-08-14 11:31:11,1729.4255784417392
2012-08-14 11:31:20,1727.9235707758232
2012-08-14 11:31:30,1728.3103435646117
2012-08-14 11:31:41,1728.7392128366723
2012-08-14 11:31:50,1728.524446967559
2012-08-14 11:32:01,1729.083168375915
2012-08-14 11:32:11,1728.978930232012
2012-08-14 11:32:20,1729.5832539261949
2012-08-14 11:32:31,1729.5857294992318
2012-08-14 11:32:40,1730.5321824040118
2012-08-14 11:32:51,1729.0905742019127
2012-08-14 11:33:01,1727.8640058757132
2012-08-14 11:33:10,1728.6012069545473
2012-08-14 11:33:21,1728.181465548347
2012-08-14 11:33:30,1728.5242848455728
2012-08-14 11:33:41,1730.0030278395695
2012-08-14 11:33:51,1730.1194334616205
2012-08-14 11:34:00,1728.457784769062
2012-08-14 11:34:11,1728.1393338434298
2012-08-14 11:34:20,1728.840892841484
2012-08-14 11:34:30,1728.8857018170597
2012-08-14 11:34:41,1729.1494077552761
2012-08-14 11:34:50,1729.0080172906798
2012-08-14 11:35:01,1729.865389609484
2012-08-14 11:35:10,1728.8760355001448
2012-08-14 11:35:20,1727.6269618704007
2012-08-14 11:35:31,1727.904435575611
2012-08-14 11:35:40,1728.5101248347005
2012-08-14 11:35:51,1728.9120908157986
2012-08-14 11:36:01,1728.5852045473982
2012-08-14 11:36:10,1728.204278499904
2012-08-14 11:36:21,1727.6430092148964
2012-08-14 11:36:30,1727.490587063484
2012-08-14 11:36:41,1727.1747789297722
2012-08-14 11:36:51,1727.0297991164252
2012-08-14 11:37:00,1727.2277343717858
2012-08-14 11:37:11,1727.5024076323998
2012-08-14 11:37:20,1727.8369156714855
2012-08-14 11:37:31,1727.918971381532
2012-08-14 11:37:41,1727.6244330673605
2012-08-14 11:37:50,1726.9762131205844
2012-08-14 11:38:01,1726.3469403970225
2012-08-14 11:38:10,1726.7886990982172
2012-08-14 11:38:21,1727.5431388458937
2012-08-14 11:38:31,1727.0577974940504
2012-08-14 11:38:40,1726.9785246269212
2012-08-14 11:38:51,1726.851736199226
2012-08-14 11:39:00,1727.199338100777
2012-08-14 11:39:10,1727.2651515229024
2012-08-14 11:39:21,1726.9584974284535
2012-08-14 11:39:30,1727.4307441731798
2012-08-14 11:39:41,1727.1028854315307
2012-08-14 11:39:50,1726.8904751102598
2012-08-14 11:40:00,1726.3771894097677
2012-08-14 11:40:11,1726.022796465837
2012-08-14 11:40:20,1725.5916443874119
2012-08-14 11:40:31,1724.9345910675802
2012-08-14 11:40:41,1724.7319062753395
2012-08-14 11:40:50,1724.612148532635
2012-08-14 11:41:01,1724.9095695293568
2012-08-14 11:41:10,1725.3237444209626
2012-08-14 11:41:21,1725.0784526484983
2012-08-14 11:41:31,1725.1350476685877
2012-08-14 11:41:40,1725.830470254728
2012-08-14 11:41:51,1728.274959824962
2012-08-14 11:42:00,1727.811019594279
2012-08-14 11:42:11,1727.2379205597222
2012-08-14 11:42:21,1726.5511332589374
2012-08-14 11:42:30,1726.770514340963
2012-08-14 11:42:41,1727.5867692505417
2012-08-14 11:42:50,1728.2201833453298
2012-08-14 11:43:00,1729.0037905752743
2012-08-14 11:43:11,1728.271629649926
2012-08-14 11:43:20,1727.220084920681
2012-08-14 11:43:31,1727.6858513832674
2012-08-14 11:43:40,1727.203477225631
2012-08-14 11:43:50,1727.8045226639185
2012-08-14 11:44:01,1727.3386789092851
2012-08-14 11:44:10,1727.0920414165691
2012-08-14 11:44:21,1727.960414417663
2012-08-14 11:44:30,1727.6324197996912
2012-08-14 11:44:40,1727.4934252313017
2012-08-14 11:44:51,1727.0359792809677
2012-08-14 11:45:00,1727.6559045769272
2012-08-14 11:45:11,1728.4248321695688
2012-08-14 11:45:21,1729.0369418340374
2012-08-14 11:45:30,1728.1022944433807
2012-08-14 11:45:41,1727.2305614641434
2012-08-14 11:45:50,1727.33921041016
2012-08-14 11:46:01,1727.5095298400938
2012-08-14 11:46:11,1726.9153874088643
2012-08-14 11:46:20,1725.5003615001126
2012-08-14 11:46:31,1726.719956733646
2012-08-14 11:46:40,1727.2633362141805
2012-08-14 11:46:51,1727.6989367123697
2012-08-14 11:47:01,1727.0300055794357
2012-08-14 11:47:10,1727.09113920041
2012-08-14 11:47:21,1727.0346172832678
2012-08-14 11:47:30,1726.9957933188653
2012-08-14 11:47:40,1726.9364379333597
2012-08-14 11:47:51,1726.0337732272958
2012-08-14 11:48:00,1724.5049390461663
2012-08-14 11:48:11,1722.5128370889681
2012-08-14 11:48:20,1719.135088274677
2012-08-14 11:48:30,1713.9999093077095
2012-08-14 11:48:41,1708.5453356161142
2012-08-14 11:48:50,1705.3632794440562
2012-08-14 11:49:01,1702.7658587422966
2012-08-14 11:49:10,1695.743959779808
2012-08-14 11:49:20,1692.234286085718
2012-08-14 11:49:31,1688.2683892068023
2012-08-14 11:49:40,1681.866889257271
2012-08-14 11:49:51,1679.5086192486847
2012-08-14 11:50:01,1674.5748235021865
2012-08-14 11:50:10,1669.922902481538
2012-08-14 11:50:21,1666.924124357568
2012-08-14 11:50:30,1665.058292112258
2012-08-14 11:50:41,1661.7861334194392
2012-08-14 11:50:51,1661.7086533370161
2012-08-14 11:51:00,1662.3719581506975
2012-08-14 11:51:11,1661.5712350246097
2012-08-14 11:51:20,1661.9574171496074
2012-08-14 11:51:31,1662.0492315466847
2012-08-14 11:51:41,1661.990401007218
2012-08-14 11:51:50,1655.968418406526
2012-08-14 11:52:01,1653.2901427780967
2012-08-14 11:52:10,1652.5030367111358
2012-08-14 11:52:20,1651.8824804766468
2012-08-14 11:52:31,1652.5717965127064
2012-08-14 11:52:40,1652.380548382389
2012-08-14 11:52:51,1652.4803663603093
2012-08-14 11:53:00,1651.2999319254109
2012-08-14 11:53:10,1649.5503342166307
2012-08-14 11:53:21,1650.41579909996
2012-08-14 11:53:30,1650.3716781802646
2012-08-14 11:53:41,1650.4325695155885
2012-08-14 11:53:50,1650.7208622887526
2012-08-14 11:54:00,1650.6516169795432
2012-08-14 11:54:11,1651.0466762172284
2012-08-14 11:54:20,1650.9747991955721
2012-08-14 11:54:31,1651.7726809478902
2012-08-14 11:54:41,1651.864249144669
2012-08-14 11:54:50,1651.556575996903
2012-08-14 11:55:01,1650.3519937051321
2012-08-14 11:55:10,1650.4284477804304
2012-08-14 11:55:21,1649.6647511735266
2012-08-14 11:55:31,1650.2809374970232
2012-08-14 11:55:40,1647.4556589712563
2012-08-14 11:55:51,1641.7042292597284
2012-08-14 11:56:00,1635.9367982880506
2012-08-14 11:56:11,1633.8040170761092
2012-08-14 11:56:21,1632.1659336036914
2012-08-14 11:56:30,1630.0907681713136
2012-08-14 11:56:41,1628.9976665552022
2012-08-14 11:56:50,1626.8847616136936
2012-08-14 11:57:00,1624.6016223522256
2012-08-14 11:57:11,1624.9097697383522
2012-08-14 11:57:20,1624.919123866114
2012-08-14 11:57:31,1626.2179990416007
2012-08-14 11:57:40,1626.880015209023
2012-08-14 11:57:50,1629.1243153079731
2012-08-14 11:58:01,1630.6686990115554
2012-08-14 11:58:10,1631.8513880251985
2012-08-14 11:58:21,1630.5085558658504
2012-08-14 11:58:31,1632.1560943953953
2012-08-14 11:58:40,1631.9085116187437
2012-08-14 11:58:51,1631.952971161774
2012-08-14 11:59:00,1632.4285702234463
2012-08-14 11:59:11,1634.0719445723266
2012-08-14 11:59:21,1634.453422656249
2012-08-14 11:59:30,1634.0868443557358
2012-08-14 11:59:41,1634.2094336658827
2012-08-14 11:59:50,1633.4802695764952
2012-08-14 12:00:01,1633.4957947307792
2012-08-14 12:00:11,1633.692167691227
2012-08-14 12:00:20,1634.0106314271338
2012-08-14 12:00:31,1633.272424872856
2012-08-14 12:00:40,1633.344808298716
2012-08-14 12:00:51,1633.7039656709544
2012-08-14 12:01:01,1633.6976822764095
2012-08-14 12:01:10,1632.8839930839956
2012-08-14 12:01:21,1631.6553243293536
2012-08-14 12:01:30,1631.8350534267693
2012-08-14 12:01:40,1632.0206420939678
2012-08-14 12:01:51,1632.0503072537458
2012-08-14 12:02:00,1630.9845960029995
2012-08-14 12:02:11,1630.3080963837174
2012-08-14 12:02:20,1630.1441360241301
2012-08-14 12:02:30,1630.3116650949564
2012-08-14 12:02:41,1628.7981773597771
2012-08-14 12:02:50,1629.7463222224078
2012-08-14 12:03:01,1630.3641036940583
2012-08-14 12:03:11,1629.6015052671196
2012-08-14 12:03:20,1630.020036820494
2012-08-14 12:03:31,1630.322708064268
2012-08-14 12:03:40,1631.6637421274986
2012-08-14 12:03:51,1632.232650589993
2012-08-14 12:04:01,1632.363984700938
2012-08-14 12:04:10,1632.0468797882857
2012-08-14 12:04:21,1631.4585206923205
2012-08-14 12:04:30,1630.1398046347747
2012-08-14 12:04:41,1629.6646206408238
2012-08-14 12:04:51,1628.6315565129912
2012-08-14 12:05:00,1629.1830970417075
2012-08-14 12:05:11,1629.3002732100367
2012-08-14 12:05:20,1629.2699009740822
2012-08-14 12:05:30,1629.3559314948257
2012-08-14 12:05:41,1628.0587965425157
2012-08-14 12:05:50,1629.5101383614372
2012-08-14 12:06:01,1629.746406031093
2012-08-14 12:06:10,1630.2127807955446
2012-08-14 12:06:20,1629.2928855563432
2012-08-14 12:06:31,1628.7913753662376
2012-08-14 12:06:40,1628.060452754654
2012-08-14 12:06:51,1627.842423134358
2012-08-14 12:07:00,1629.5395878692625
2012-08-14 12:07:10,1629.4203402229161
2012-08-14 12:07:21,1629.4559646747105
2012-08-14 12:07:30,1629.4686800497052
2012-08-14 12:07:41,1630.0399633785155
2012-08-14 12:07:51,1629.6765032901706
2012-08-14 12:08:00,1629.5365753992135
2012-08-14 12:08:11,1629.998222872739
2012-08-14 12:08:20,1629.8626077344566
2012-08-14 12:08:31,1629.2898913571046
2012-08-14 12:08:41,1630.764509700476
2012-08-14 12:08:50,1630.936718019651
2012-08-14 12:09:01,1629.1587694829977
2012-08-14 12:09:10,1629.492421919212
2012-08-14 12:09:21,1630.2440892890286
2012-08-14 12:09:31,1628.727609698292
2012-08-14 12:09:40,1629.5817859501026
2012-08-14 12:09:51,1625.9131582971852
2012-08-14 12:10:00,1623.416081300336
2012-08-14 12:10:10,1622.261567897992
2012-08-14 12:10:21,1621.2833818421518
2012-08-14 12:10:30,1616.4174222697332
2012-08-14 12:10:41,1610.1390355572098
2012-08-14 12:10:50,1608.4310517328784
2012-08-14 12:11:00,1604.25395776104
2012-08-14 12:11:11,1601.0853771761347
2012-08-14 12:11:20,1598.6584919743595
2012-08-14 12:11:31,1597.6936259316835
2012-08-14 12:11:40,1593.0917577072441
2012-08-14 12:11:50,1590.7438586369422
2012-08-14 12:12:01,1588.359970499765
2012-08-14 12:12:10,1583.6118918437
2012-08-14 12:12:21,1580.7339992219886
2012-08-14 12:12:31,1576.8790847433943
2012-08-14 12:12:40,1575.6356630315872
2012-08-14 12:12:51,1577.0555104337423
2012-08-14 12:13:00,1578.094268918074
2012-08-14 12:13:11,1578.1786772393866
2012-08-14 12:13:21,1578.0794016985185
2012-08-14 12:13:30,1577.5906465805156
2012-08-14 12:13:41,1577.212063888511
2012-08-14 12:13:50,1575.1446956312848
2012-08-14 12:14:01,1574.6445306826024
2012-08-14 12:14:11,1575.310950527917
2012-08-14 12:14:20,1574.9213238997559
2012-08-14 12:14:31,1575.0824230876733
2012-08-14 12:14:40,1575.641682755215
2012-08-14 12:14:50,1575.6760588576587
2012-08-14 12:15:01,1574.4416852033555
2012-08-14 12:15:10,1574.458790350057
2012-08-14 12:15:21,1574.8028254569533
2012-08-14 12:15:30,1570.6045683780592
2012-08-14 12:15:40,1570.778432223523
2012-08-14 12:15:51,1570.6375512429784
2012-08-14 12:16:00,1570.7803626191721
2012-08-14 12:16:11,1569.8213307890828
2012-08-14 12:16:20,1569.5393073341838
2012-08-14 12:16:30,1569.7947695530258
2012-08-14 12:16:41,1570.1405158904315
2012-08-14 12:16:50,1569.780581583497
2012-08-14 12:17:01,1570.109847598339
2012-08-14 12:17:11,1570.0805647544578
2012-08-14 12:17:20,1571.4017210810746
2012-08-14 12:17:31,1571.5604659246605
2012-08-14 12:17:40,1571.0850544164905
2012-08-14 12:17:51,1571.5804519324995
2012-08-14 12:18:01,1573.7610390142374
2012-08-14 12:18:10,1573.9932105655555
2012-08-14 12:18:21,1573.4117114321512
2012-08-14 12:18:30,1574.0596852076376
2012-08-14 12:18:41,1572.7193196088674
2012-08-14 12:18:51,1572.854327548462
2012-08-14 12:19:00,1568.051934756971
2012-08-14 12:19:11,1563.0714093317367
2012-08-14 12:19:20,1562.7035476440597
2012-08-14 12:19:30,1562.3015399664353
2012-08-14 12:19:41,1563.050367881745
2012-08-14 12:19:50,1563.07806008028
2012-08-14 12:20:01,1563.2102541345403
2012-08-14 12:20:10,1563.0051730493587
2012-08-14 12:20:20,1561.1817628521337
2012-08-14 12:20:31,1560.2068580760176
2012-08-14 12:20:40,1558.56622323064
2012-08-14 12:20:51,1557.8798863559255
2012-08-14 12:21:01,1557.9971170105218
2012-08-14 12:21:10,1557.9313393095656
2012-08-14 12:21:21,1557.864855703796
2012-08-14 12:21:30,1558.3358915568865
2012-08-14 12:21:41,1558.2789030632562
2012-08-14 12:21:51,1555.20725191404
2012-08-14 12:22:00,1554.890056989814
2012-08-14 12:22:11,1555.2049352236024
2012-08-14 12:22:20,1554.654718397408
2012-08-14 12:22:31,1554.3381854906177
2012-08-14 12:22:41,1554.3693976360285
2012-08-14 12:22:50,1554.2850151494868
2012-08-14 12:23:01,1554.4026487443432
2012-08-14 12:23:10,1554.478878649859
2012-08-14 12:23:21,1554.683802783947
2012-08-14 12:23:31,1554.5891152622894
2012-08-14 12:23:40,1556.2645775204269
2012-08-14 12:23:51,1555.801778384968
2012-08-14 12:24:00,1555.4555567133607
2012-08-14 12:24:10,1555.527362436968
2012-08-14 12:24:21,1556.8346189173178
2012-08-14 12:24:30,1558.0984469822083
2012-08-14 12:24:41,1558.7115327316767
2012-08-14 12:24:50,1558.7264505851244
2012-08-14 12:25:00,1559.08910715997
2012-08-14 12:25:11,1559.3062101339262
2012-08-14 12:25:20,1559.3075078038687
2012-08-14 12:25:31,1558.0357082842918
2012-08-14 12:25:41,1557.331314286655
2012-08-14 12:25:50,1557.1968503122212
2012-08-14 12:26:01,1557.3848711856956
2012-08-14 12:26:10,1558.180360707134
2012-08-14 12:26:21,1557.9832953100024
2012-08-14 12:26:31,1556.9564254397635
2012-08-14 12:26:40,1556.3440153756528
2012-08-14 12:26:51,1557.876953019845
2012-08-14 12:27:00,1557.8082111646108
2012-08-14 12:27:11,1557.9489283145897
2012-08-14 12:27:21,1558.5690976056321
2012-08-14 12:27:30,1558.4156134951015
2012-08-14 12:27:41,1558.7394227961481
2012-08-14 12:27:50,1562.7125201428148
2012-08-14 12:28:00,1562.7143872072272
2012-08-14 12:28:11,1567.5587871646069
2012-08-14 12:28:20,1567.4587212803187
2012-08-14 12:28:31,1567.214639784036
2012-08-14 12:28:40,1570.5793986536987
2012-08-14 12:28:50,1573.248624449466
2012-08-14 12:29:01,1574.3353672919745
2012-08-14 12:29:10,1574.057227685618
2012-08-14 12:29:21,1576.0591240999486
2012-08-14 12:29:30,1576.2535485954825
2012-08-14 12:29:40,1574.6263088378696
2012-08-14 12:29:51,1573.4180844439613
2012-08-14 12:30:00,1573.5316084251492
2012-08-14 12:30:11,1573.0063619025968
2012-08-14 12:30:21,1573.1138926071626
2012-08-14 12:30:30,1573.3594096316667
2012-08-14 12:30:41,1573.2106557613401
2012-08-14 12:30:50,1574.4249628481723
2012-08-14 12:31:01,1574.4831957369345
2012-08-14 12:31:11,1574.5787111870534
2012-08-14 12:31:20,1572.0686065942546
2012-08-14 12:31:31,1567.6135130404741
2012-08-14 12:31:40,1567.7404492921983
2012-08-14 12:31:51,1567.168801958351
2012-08-14 12:32:01,1566.4654481890536
2012-08-14 12:32:10,1566.59853963699
2012-08-14 12:32:21,1566.0794935264498
2012-08-14 12:32:30,1567.266574991484
2012-08-14 12:32:40,1567.7640463091325
2012-08-14 12:32:51,1568.7780265956028
2012-08-14 12:33:00,1571.3639757174726
2012-08-14 12:33:11,1569.9041343774727
2012-08-14 12:33:20,1568.817125216232
2012-08-14 12:33:30,1568.413699320485
2012-08-14 12:33:41,1567.2793900254035
2012-08-14 12:33:50,1567.0652952851322
2012-08-14 12:34:01,1565.2158411219286
2012-08-14 12:34:10,1559.3793037207286
2012-08-14 12:34:20,1558.5046385999005
2012-08-14 12:34:31,1558.3424350408775
2012-08-14 12:34:40,1559.0694091410774
2012-08-14 12:34:51,1559.7468028846147
2012-08-14 12:35:01,1559.969781472793
2012-08-14 12:35:10,1560.27331018071
2012-08-14 12:35:21,1559.0953994846693
2012-08-14 12:35:30,1559.6203654894944
2012-08-14 12:35:41,1559.0937196422117
2012-08-14 12:35:51,1558.4952968068794
2012-08-14 12:36:00,1558.919929700966
2012-08-14 12:36:11,1555.9151652701846
2012-08-14 12:36:20,1553.6321898253682
2012-08-14 12:36:31,1553.701778233226
2012-08-14 12:36:41,1553.5562637076193
2012-08-14 12:36:50,1555.1986108761894
2012-08-14 12:37:01,1555.683720702978
2012-08-14 12:37:10,1555.494646777023
2012-08-14 12:37:20,1554.9542282862992
2012-08-14 12:37:31,1554.9087039903131
2012-08-14 12:37:40,1554.9073804557315
2012-08-14 12:37:51,1554.8768575913666
2012-08-14 12:38:00,1554.9150286246022
2012-08-14 12:38:10,1555.01540800764
2012-08-14 12:38:21,1554.8937785612748
2012-08-14 12:38:30,1554.3557560106406
2012-08-14 12:38:41,1553.5703788018739
2012-08-14 12:38:50,1553.7822764808554
2012-08-14 12:39:00,1553.604019491896
2012-08-14 12:39:11,1554.2257740870032
2012-08-14 12:39:20,1554.0995557880594
2012-08-14 12:39:31,1554.1025904447695
2012-08-14 12:39:41,1553.49995236606
2012-08-14 12:39:50,1552.8695587947389
2012-08-14 12:40:01,1550.133708813222
2012-08-14 12:40:10,1550.5047264542482
2012-08-14 12:40:21,1550.2297906173947
2012-08-14 12:40:31,1550.664564424274
2012-08-14 12:40:40,1550.387769390728
2012-08-14 12:40:51,1549.5497768935943
2012-08-14 12:41:00,1548.581506592957
2012-08-14 12:41:11,1547.832582869295
2012-08-14 12:41:21,1547.9207130676316
2012-08-14 12:41:30,1548.676677004559
2012-08-14 12:41:41,1549.211605604355
2012-08-14 12:41:50,1549.5579743942724
2012-08-14 12:42:00,1548.3680146572315
2012-08-14 12:42:11,1548.5743931559718
2012-08-14 12:42:20,1549.3678182938916
2012-08-14 12:42:31,1547.7214274460682
2012-08-14 12:42:40,1548.4463291563377
2012-08-14 12:42:50,1548.3980026187562
2012-08-14 12:43:01,1548.5779529440783
2012-08-14 12:43:10,1549.5391210448058
2012-08-14 12:43:21,1548.8318153807268
2012-08-14 12:43:31,1548.1647460056138
2012-08-14 12:43:40,1545.2347814386962
2012-08-14 12:43:51,1543.249975282988
2012-08-14 12:44:00,1541.1179373004024
2012-08-14 12:44:11,1539.418330113354
2012-08-14 12:44:21,1536.8182422922812
2012-08-14 12:44:30,1531.1874177072025
2012-08-14 12:44:41,1530.7455344789307
2012-08-14 12:44:50,1529.2286006372112
2012-08-14 12:45:01,1528.7096128909009
2012-08-14 12:45:11,1528.6620698144968
2012-08-14 12:45:20,1528.7482931429481
2012-08-14 12:45:31,1528.6631418353102
2012-08-14 12:45:40,1528.9692486651832
2012-08-14 12:45:51,1529.5016773169086
2012-08-14 12:46:01,1528.5935390958346
2012-08-14 12:46:10,1528.8030099146642
2012-08-14 12:46:21,1528.8662490318281
2012-08-14 12:46:30,1529.1536810898458
2012-08-14 12:46:40,1529.646473977663
2012-08-14 12:46:51,1528.9650608061668
2012-08-14 12:47:00,1528.7823989293292
2012-08-14 12:47:11,1529.607958471388
2012-08-14 12:47:20,1529.5550951961654
2012-08-14 12:47:30,1529.7316630168061
2012-08-14 12:47:41,1529.8039199196837
2012-08-14 12:47:50,1530.144371703427
2012-08-14 12:48:01,1529.9572407829824
2012-08-14 12:48:11,1529.413755817419
2012-08-14 12:48:20,1530.0032759140747
2012-08-14 12:48:31,1529.2425538201583
2012-08-14 12:48:40,1528.6897045279945
2012-08-14 12:48:51,1528.748234625661
2012-08-14 12:49:01,1528.4953873360257
2012-08-14 12:49:10,1528.099367517854
2012-08-14 12:49:21,1527.8283340080188
2012-08-14 12:49:30,1525.7773118595783
2012-08-14 12:49:41,1526.3392862150674
2012-08-14 12:49:51,1527.0370564068023
2012-08-14 12:50:00,1527.1244623795035
2012-08-14 12:50:11,1527.205112951389
2012-08-14 12:50:20,1526.6575429231075
2012-08-14 12:50:30,1525.7613163192098
2012-08-14 12:50:41,1526.8299919809792
2012-08-14 12:50:50,1526.788835445305
2012-08-14 12:51:01,1526.9737922454985
2012-08-14 12:51:10,1527.7786004699135
2012-08-14 12:51:20,1527.6446793649259
2012-08-14 12:51:31,1528.0326695093963
2012-08-14 12:51:40,1528.1607447122376
2012-08-14 12:51:51,1528.1347140017024
2012-08-14 12:52:00,1527.4038481912494
2012-08-14 12:52:10,1527.9862367676624
2012-08-14 12:52:21,1528.098761189564
2012-08-14 12:52:30,1527.912912429015
2012-08-14 12:52:41,1527.6043035029345
2012-08-14 12:52:51,1527.6688570058773
2012-08-14 12:53:00,1527.6030781836207
2012-08-14 12:53:11,1527.7888672517777
2012-08-14 12:53:20,1527.5496246760028
2012-08-14 12:53:31,1527.363818130527
2012-08-14 12:53:41,1527.726126924854
2012-08-14 12:53:50,1527.6948866652745
2012-08-14 12:54:01,1527.5400030213268
2012-08-14 12:54:10,1527.7141739231824
2012-08-14 12:54:21,1527.9401648221838
2012-08-14 12:54:31,1528.2649675142313
2012-08-14 12:54:40,1527.9434011460924
2012-08-14 12:54:51,1527.9000619567657
2012-08-14 12:55:00,1528.312721094111
2012-08-14 12:55:10,1528.748794947607
2012-08-14 12:55:21,1529.073797504835
2012-08-14 12:55:30,1529.1202125462971
2012-08-14 12:55:41,1528.6019718778807
2012-08-14 12:55:50,1528.3224518711086
2012-08-14 12:56:00,1528.145478559028
2012-08-14 12:56:11,1528.525108452297
2012-08-14 12:56:20,1528.027296637557
2012-08-14 12:56:31,1528.4947741975968
2012-08-14 12:56:40,1528.4638990619692
2012-08-14 12:56:50,1528.3330062685718
2012-08-14 12:57:01,1527.839342789364
2012-08-14 12:57:10,1527.922847079941
2012-08-14 12:57:21,1527.9499938991212
2012-08-14 12:57:31,1527.8596185733431
2012-08-14 12:57:40,1528.040803378944
2012-08-14 12:57:51,1528.0098430894266
2012-08-14 12:58:00,1527.6269864679678
2012-08-14 12:58:11,1527.85944011694
2012-08-14 12:58:21,1527.9773697407243
2012-08-14 12:58:30,1528.2495374377356
2012-08-14 12:58:41,1528.3460278788214
2012-08-14 12:58:50,1527.9928295661352
2012-08-14 12:59:01,1527.9115494532855
2012-08-14 12:59:11,1528.2697591965925
2012-08-14 12:59:20,1528.3183645496208
2012-08-14 12:59:31,1528.0327694542295
2012-08-14 12:59:40,1527.6617214858875
2012-08-14 12:59:50,1527.7597177196385
2012-08-14 13:00:01,1528.1981273747485
2012-08-14 13:00:10,1528.1076719804696
2012-08-14 13:00:21,1528.0575870563107
2012-08-14 13:00:30,1528.420663023688
2012-08-14 13:00:40,1528.3882092586566
2012-08-14 13:00:51,1528.4461803716829
2012-08-14 13:01:00,1528.6193982207094
2012-08-14 13:01:11,1528.5176285424525
2012-08-14 13:01:20,1528.7584049251375
2012-08-14 13:01:30,1528.555614994896
2012-08-14 13:01:41,1528.6831148656745
2012-08-14 13:01:50,1528.1752697405313
2012-08-14 13:02:01,1528.204869604379
2012-08-14 13:02:11,1527.57138117414
2012-08-14 13:02:20,1528.2923181436022
2012-08-14 13:02:31,1528.339748727332
2012-08-14 13:02:40,1528.0793870956707
2012-08-14 13:02:51,1527.8843865233887
2012-08-14 13:03:01,1528.1050288153533
2012-08-14 13:03:10,1528.6825421232093
2012-08-14 13:03:21,1528.6647291038232
2012-08-14 13:03:30,1528.457192912762
2012-08-14 13:03:41,1527.9455590972343
2012-08-14 13:03:51,1527.6768298657046
2012-08-14 13:04:00,1527.5708651441737
2012-08-14 13:04:11,1527.9034598260157
2012-08-14 13:04:20,1527.9922197099322
2012-08-14 13:04:30,1528.4040116454794
2012-08-14 13:04:41,1528.3557166029987
2012-08-14 13:04:50,1528.104657414085
2012-08-14 13:05:01,1527.9119188210489
2012-08-14 13:05:10,1528.1359367019218
2012-08-14 13:05:20,1528.9268394328901
2012-08-14 13:05:31,1529.1270976599583
2012-08-14 13:05:40,1529.5768856635364
2012-08-14 13:05:51,1529.1542582694972
2012-08-14 13:06:01,1529.145240105589
2012-08-14 13:06:10,1528.791563209302
2012-08-14 13:06:21,1528.80542685426
2012-08-14 13:06:30,1528.7152084741429
2012-08-14 13:06:41,1528.4091139007621
2012-08-14 13:06:51,1528.495302596591
2012-08-14 13:07:00,1528.197046288831
2012-08-14 13:07:11,1528.3397738204574
2012-08-14 13:07:20,1528.217311527912
2012-08-14 13:07:31,1528.3047705931208
2012-08-14 13:07:41,1528.0755004663972
2012-08-14 13:07:50,1527.9974940668221
2012-08-14 13:08:01,1528.2462406786876
2012-08-14 13:08:10,1528.4912944283205
2012-08-14 13:08:21,1528.8218084978646
2012-08-14 13:08:31,1529.094120176968
2012-08-14 13:08:40,1529.2249076600285
2012-08-14 13:08:51,1529.2559833120508
2012-08-14 13:09:00,1529.1884664370232
2012-08-14 13:09:10,1528.7839181681554
2012-08-14 13:09:21,1529.019618440156
2012-08-14 13:09:30,1529.3373630530082
2012-08-14 13:09:41,1528.7413913743562
2012-08-14 13:09:50,1528.999120628466
2012-08-14 13:10:00,1528.9833553360108
2012-08-14 13:10:11,1528.5417392432512
2012-08-14 13:10:20,1528.3867528206174
2012-08-14 13:10:31,1528.7272158499397
2012-08-14 13:10:41,1529.3523201600992
2012-08-14 13:10:50,1529.3647846907113
2012-08-14 13:11:01,1529.2516613764844
2012-08-14 13:11:10,1529.2147484282355
2012-08-14 13:11:21,1529.2154581246875
2012-08-14 13:11:31,1529.1936938009299
2012-08-14 13:11:40,1529.5272950616204
2012-08-14 13:11:51,1529.8062002342797
2012-08-14 13:12:00,1529.2292183206325
2012-08-14 13:12:11,1529.5646345727453
2012-08-14 13:12:21,1529.935033831266
2012-08-14 13:12:30,1530.2333451917946
2012-08-14 13:12:41,1530.2041043090435
2012-08-14 13:12:50,1529.9683406494487
2012-08-14 13:13:00,1529.824945727182
2012-08-14 13:13:11,1529.7750029376834
2012-08-14 13:13:20,1528.9617488436354
2012-08-14 13:13:31,1528.6709349681792
2012-08-14 13:13:40,1528.9031687751012
2012-08-14 13:13:50,1528.2382485937278
2012-08-14 13:14:01,1528.718296088007
2012-08-14 13:14:10,1529.7245218301941
2012-08-14 13:14:21,1529.7358019217963
2012-08-14 13:14:30,1529.9664861010792
2012-08-14 13:14:40,1529.899659414845
2012-08-14 13:14:51,1529.4574609463973
2012-08-14 13:15:00,1530.2400810097467
2012-08-14 13:15:11,1530.3530689816218
2012-08-14 13:15:21,1529.4521810808978
2012-08-14 13:15:30,1528.5353204840615
2012-08-14 13:15:41,1528.4606513579997
2012-08-14 13:15:50,1528.8110717726233
2012-08-14 13:16:01,1529.2929498241929
2012-08-14 13:16:11,1523.2017223255423
2012-08-14 13:16:20,1512.5488136318572
2012-08-14 13:16:31,1511.393065494113
2012-08-14 13:16:40,1517.8329620022869
2012-08-14 13:16:51,1519.5264288816416
2012-08-14 13:17:01,1529.3089216999401
2012-08-14 13:17:10,1530.8791419343459
2012-08-14 13:17:21,1524.6143368383182
2012-08-14 13:17:30,1520.6975970673911
2012-08-14 13:17:40,1516.8246900917857
2012-08-14 13:17:51,1516.2366229011736
2012-08-14 13:18:00,1516.2285074407298
2012-08-14 13:18:11,1516.2381164611106
2012-08-14 13:18:20,1516.3756683738259
2012-08-14 13:18:30,1515.9441224016289
2012-08-14 13:18:41,1515.1453379543254
2012-08-14 13:18:50,1515.3029723267184
2012-08-14 13:19:01,1515.8061947652209
2012-08-14 13:19:10,1516.9277361063835
2012-08-14 13:19:20,1516.188293594612
2012-08-14 13:19:31,1516.9379021588293
2012-08-14 13:19:40,1517.5295126811159
2012-08-14 13:19:51,1517.2579666066322
2012-08-14 13:20:01,1517.6706708794388
2012-08-14 13:20:10,1517.654124284058
2012-08-14 13:20:21,1515.2834196366875
2012-08-14 13:20:30,1515.502526359606
2012-08-14 13:20:41,1515.31382375535
2012-08-14 13:20:51,1514.8982891113951
2012-08-14 13:21:00,1514.7961120375448
2012-08-14 13:21:11,1515.0843538706163
2012-08-14 13:21:20,1513.1423772674161
2012-08-14 13:21:31,1513.3783284699866
2012-08-14 13:21:41,1509.8379410143414
2012-08-14 13:21:50,1509.585464572979
2012-08-14 13:22:01,1509.3378395141601
2012-08-14 13:22:10,1509.247905712864
2012-08-14 13:22:20,1509.0545534604287
2012-08-14 13:22:31,1508.5716023335308
2012-08-14 13:22:40,1508.4049954530722
2012-08-14 13:22:51,1508.6666423443353
2012-08-14 13:23:00,1508.5912449678945
2012-08-14 13:23:10,1508.1325389208544
2012-08-14 13:23:21,1508.3809123608341
2012-08-14 13:23:30,1508.6929313110356
2012-08-14 13:23:41,1508.947800931962
2012-08-14 13:23:50,1509.1286043487426
2012-08-14 13:24:00,1509.4741471387367
2012-08-14 13:24:11,1509.4856349372117
2012-08-14 13:24:20,1509.701395641994
2012-08-14 13:24:31,1511.4199479863819
2012-08-14 13:24:41,1509.5204640249679
2012-08-14 13:24:50,1508.1102161707934
2012-08-14 13:25:01,1508.2332249583685
2012-08-14 13:25:10,1508.7586673963924
2012-08-14 13:25:21,1508.25433769326
2012-08-14 13:25:31,1508.0373485477528
2012-08-14 13:25:40,1508.3239698719497
2012-08-14 13:25:51,1509.530420236219
2012-08-14 13:26:00,1510.3224195763644
2012-08-14 13:26:11,1511.176587301043
2012-08-14 13:26:21,1510.2140352768993
2012-08-14 13:26:30,1510.032349371881
2012-08-14 13:26:41,1505.3072553726076
2012-08-14 13:26:50,1503.6419726411655
2012-08-14 13:27:00,1503.0508199679075
2012-08-14 13:27:11,1501.8309458773558
2012-08-14 13:27:20,1501.4823536199196
2012-08-14 13:27:31,1501.3414819862496
2012-08-14 13:27:40,1502.4440323304789
2012-08-14 13:27:50,1502.8029747709686
2012-08-14 13:28:01,1502.9813270915731
2012-08-14 13:28:10,1504.00631948762
2012-08-14 13:28:21,1504.1116896104747
2012-08-14 13:28:31,1503.439482145734
2012-08-14 13:28:40,1503.3063246039271
2012-08-14 13:28:51,1503.6513243813881
2012-08-14 13:29:00,1503.8909388718685
2012-08-14 13:29:11,1503.5988889544187
2012-08-14 13:29:21,1503.8642935282544
2012-08-14 13:29:30,1504.153372701954
2012-08-14 13:29:41,1503.1495696042496
2012-08-14 13:29:50,1501.7370736089954
2012-08-14 13:30:01,1501.7692177769009
2012-08-14 13:30:11,1501.703136697559
2012-08-14 13:30:20,1500.9950112051308
2012-08-14 13:30:31,1495.789082324145
2012-08-14 13:30:40,1493.7386153192988
2012-08-14 13:30:51,1489.862452326136
2012-08-14 13:31:01,1488.9498991134872
2012-08-14 13:31:10,1488.8814824745425
2012-08-14 13:31:21,1488.7685368252667
2012-08-14 13:31:30,1489.3084682911683
2012-08-14 13:31:40,1489.0121265630519
2012-08-14 13:31:51,1488.631059231266
2012-08-14 13:32:00,1487.864181685504
2012-08-14 13:32:11,1487.1669799375752
2012-08-14 13:32:20,1486.9684968288468
2012-08-14 13:32:30,1487.2366134614742
2012-08-14 13:32:41,1486.7150602038744
2012-08-14 13:32:50,1485.5663546650553
2012-08-14 13:33:01,1485.1681420498992
2012-08-14 13:33:11,1486.3362343811912
2012-08-14 13:33:20,1486.9055293422248
2012-08-14 13:33:31,1487.6024388234025
2012-08-14 13:33:40,1488.0506300667375
2012-08-14 13:33:51,1487.9737189336504
2012-08-14 13:34:01,1487.4589759971634
2012-08-14 13:34:10,1485.5994202969769
2012-08-14 13:34:21,1486.4736430556513
2012-08-14 13:34:30,1482.3036830837582
2012-08-14 13:34:41,1480.0147156988996
2012-08-14 13:34:51,1479.7153062359869
2012-08-14 13:35:00,1480.290232300584
2012-08-14 13:35:11,1479.2286898074667
2012-08-14 13:35:20,1479.8929377994373
2012-08-14 13:35:30,1480.1105292211978
2012-08-14 13:35:41,1479.6712540124659
2012-08-14 13:35:50,1478.4247720090077
2012-08-14 13:36:01,1479.5243300180182
2012-08-14 13:36:10,1480.580688635412
2012-08-14 13:36:20,1480.8508576084635
2012-08-14 13:36:31,1480.9354467233068
2012-08-14 13:36:40,1479.4423963160316
2012-08-14 13:36:51,1479.8353408114106
2012-08-14 13:37:00,1477.0339365982345
2012-08-14 13:37:10,1475.6488369393037
2012-08-14 13:37:21,1474.8536603332393
2012-08-14 13:37:30,1474.095768394098
2012-08-14 13:37:41,1473.901135373046
2012-08-14 13:37:51,1472.9558753829879
2012-08-14 13:38:00,1472.1276927696285
2012-08-14 13:38:11,1472.1362542034105
2012-08-14 13:38:20,1473.3705181562948
2012-08-14 13:38:31,1474.5058595333571
2012-08-14 13:38:41,1474.315896608588
2012-08-14 13:38:50,1473.5456449434594
2012-08-14 13:39:01,1473.3519146368963
2012-08-14 13:39:10,1472.5294690940502
2012-08-14 13:39:21,1471.6710845724403
2012-08-14 13:39:31,1470.8603885642567
2012-08-14 13:39:40,1471.6420608273606
2012-08-14 13:39:51,1471.5770595380072
2012-08-14 13:40:00,1472.2357861148046
2012-08-14 13:40:10,1472.2953589105282
2012-08-14 13:40:21,1472.7218550733724
2012-08-14 13:40:30,1473.0588840038095
2012-08-14 13:40:41,1472.2105843371896
2012-08-14 13:40:50,1472.2450840682932
2012-08-14 13:41:00,1472.3778558695365
2012-08-14 13:41:11,1472.089330779733
2012-08-14 13:41:20,1472.631917578732
2012-08-14 13:41:31,1473.7015881217715
2012-08-14 13:41:40,1473.4222861510127
2012-08-14 13:41:50,1473.6290228221856
2012-08-14 13:42:01,1473.5066388981763
2012-08-14 13:42:10,1473.4791429792485
2012-08-14 13:42:21,1473.3613022673449
2012-08-14 13:42:31,1473.6433248069507
2012-08-14 13:42:40,1473.8413465539118
2012-08-14 13:42:51,1473.9109539993067
2012-08-14 13:43:00,1473.8218413345348
2012-08-14 13:43:11,1474.093065860141
2012-08-14 13:43:21,1474.2413696860392
2012-08-14 13:43:30,1474.1066229749729
2012-08-14 13:43:41,1474.445949683461
2012-08-14 13:43:50,1473.6246026232047
2012-08-14 13:44:01,1472.8925204647558
2012-08-14 13:44:11,1472.6641616095678
2012-08-14 13:44:20,1471.2676806227441
2012-08-14 13:44:31,1471.036421055852
2012-08-14 13:44:40,1470.865133481474
2012-08-14 13:44:50,1470.5640040725427
2012-08-14 13:45:01,1471.2019641665963
2012-08-14 13:45:10,1471.581725775577
2012-08-14 13:45:21,1471.7437512003219
2012-08-14 13:45:30,1471.6553475256615
2012-08-14 13:45:40,1472.2215119891266
2012-08-14 13:45:51,1472.3929997847304
2012-08-14 13:46:00,1472.8177548726046
2012-08-14 13:46:11,1473.0910212853214
2012-08-14 13:46:20,1472.679481779672
2012-08-14 13:46:30,1472.3679626430542
2012-08-14 13:46:41,1472.5042261711073
2012-08-14 13:46:50,1472.766586164132
2012-08-14 13:47:01,1472.4360729305397
2012-08-14 13:47:11,1472.347058601183
2012-08-14 13:47:20,1472.0597042982201
2012-08-14 13:47:31,1472.2051317154478
2012-08-14 13:47:40,1472.2021525730943
2012-08-14 13:47:51,1472.1517202483087
2012-08-14 13:48:01,1471.860319716689
2012-08-14 13:48:10,1471.8235384454929
2012-08-14 13:48:21,1471.416124246408
2012-08-14 13:48:30,1471.3308771796314
2012-08-14 13:48:41,1471.2481311569977
2012-08-14 13:48:51,1471.6647555712927
2012-08-14 13:49:00,1471.2264313317517
2012-08-14 13:49:11,1470.921987800192
2012-08-14 13:49:20,1471.5778445241765
2012-08-14 13:49:30,1472.1267404031184
2012-08-14 13:49:41,1472.5414221889255
2012-08-14 13:49:50,1472.9979951364114
2012-08-14 13:50:01,1472.8427246943756
2012-08-14 13:50:10,1472.6424036555748
2012-08-14 13:50:20,1472.5445588664372
2012-08-14 13:50:31,1472.2112843452423
2012-08-14 13:50:40,1472.4345868890566
2012-08-14 13:50:51,1473.1201003075898
2012-08-14 13:51:01,1473.1078155654536
2012-08-14 13:51:10,1473.1512222832112
2012-08-14 13:51:21,1473.2963277049969
2012-08-14 13:51:30,1472.7034322076215
2012-08-14 13:51:41,1472.958791466146
2012-08-14 13:51:51,1473.2943317213985
2012-08-14 13:52:00,1473.9001108170044
2012-08-14 13:52:11,1472.6994498277386
2012-08-14 13:52:20,1469.9543300714724
2012-08-14 13:52:31,1469.3702308302043
2012-08-14 13:52:41,1469.887725042803
2012-08-14 13:52:50,1471.685397667666
2012-08-14 13:53:01,1470.424132156602
2012-08-14 13:53:10,1471.3727636868448
2012-08-14 13:53:21,1469.8736569833331
2012-08-14 13:53:31,1470.0839612967786
2012-08-14 13:53:40,1469.9765107139808
2012-08-14 13:53:51,1468.1752211043047
2012-08-14 13:54:00,1467.8436059397552
2012-08-14 13:54:10,1467.8410324935296
2012-08-14 13:54:21,1467.2034423781356
2012-08-14 13:54:30,1466.9842787663677
2012-08-14 13:54:41,1466.5626648098087
2012-08-14 13:54:50,1466.518322116965
2012-08-14 13:55:00,1466.7634087066997
2012-08-14 13:55:11,1467.0885902670414
2012-08-14 13:55:20,1467.521199485185
2012-08-14 13:55:31,1467.6719121089286
2012-08-14 13:55:41,1467.4101957688733
2012-08-14 13:55:50,1467.5395835762424
2012-08-14 13:56:01,1467.8601560665168
2012-08-14 13:56:10,1467.8610645245326
2012-08-14 13:56:21,1467.430297295453
2012-08-14 13:56:31,1467.8923127559456
2012-08-14 13:56:40,1467.9520007600404
2012-08-14 13:56:51,1468.0714138884914
2012-08-14 13:57:00,1468.4059481749698
2012-08-14 13:57:11,1467.9650256897453
2012-08-14 13:57:21,1468.2404274858186
2012-08-14 13:57:30,1468.2367611161708
2012-08-14 13:57:41,1467.8969692202734
2012-08-14 13:57:50,1467.0870846353025
2012-08-14 13:58:00,1466.908979781212
2012-08-14 13:58:11,1466.9023985430563
2012-08-14 13:58:20,1466.8765123096375
2012-08-14 13:58:31,1467.17682995253
2012-08-14 13:58:40,1467.3715085093527
2012-08-14 13:58:50,1467.3880294954427
2012-08-14 13:59:01,1468.5245745544032
2012-08-14 13:59:10,1468.196335393268
2012-08-14 13:59:21,1468.0889637409289
2012-08-14 13:59:30,1468.5738926387003
2012-08-14 13:59:40,1469.2187129425101
2012-08-14 13:59:51,1469.7055840480268
2012-08-14 14:00:00,1470.3669189032494
2012-08-14 14:00:11,1470.0343595260756
2012-08-14 14:00:21,1469.7487605685621
2012-08-14 14:00:30,1469.6219315150697
2012-08-14 14:00:41,1469.7202172232378
2012-08-14 14:00:50,1469.8864953910568
2012-08-14 14:01:01,1470.7574477867286
2012-08-14 14:01:11,1471.6079850249694
2012-08-14 14:01:20,1471.735550349984
2012-08-14 14:01:31,1470.9365558903003
2012-08-14 14:01:40,1470.277065533754
2012-08-14 14:01:51,1470.4285241153787
2012-08-14 14:02:01,1470.8484435012251
2012-08-14 14:02:10,1471.5572167566913
2012-08-14 14:02:21,1471.3231779780156
2012-08-14 14:02:30,1471.2685156367256
2012-08-14 14:02:40,1471.9286031579759
2012-08-14 14:02:51,1471.8478343524605
2012-08-14 14:03:00,1471.621053922758
2012-08-14 14:03:11,1471.4253176782745
2012-08-14 14:03:20,1469.7168697757265
2012-08-14 14:03:30,1470.2533663388203
2012-08-14 14:03:41,1470.6306501681956
2012-08-14 14:03:50,1469.880082183021
2012-08-14 14:04:01,1468.2260543387138
2012-08-14 14:04:10,1467.5902452171208
2012-08-14 14:04:20,1467.1749213091446
2012-08-14 14:04:31,1467.3375348521677
2012-08-14 14:04:40,1467.3221861930824
2012-08-14 14:04:51,1467.7703294671537
2012-08-14 14:05:01,1468.3137098289412
2012-08-14 14:05:10,1468.1723553702411
2012-08-14 14:05:21,1468.8505955871015
2012-08-14 14:05:30,1469.8424042375543
2012-08-14 14:05:41,1469.9885203866606
2012-08-14 14:05:51,1469.449240707688
2012-08-14 14:06:00,1469.2013951461506
2012-08-14 14:06:11,1469.3675495396515
2012-08-14 14:06:20,1469.4751683882594
2012-08-14 14:06:31,1469.4357034862148
2012-08-14 14:06:41,1469.0388345743863
2012-08-14 14:06:50,1469.2609764259994
2012-08-14 14:07:01,1469.0358912683366
2012-08-14 14:07:10,1469.0607059863446
2012-08-14 14:07:20,1469.125920918771
2012-08-14 14:07:31,1469.2076601677504
2012-08-14 14:07:40,1469.3060616251946
2012-08-14 14:07:51,1469.050704805929
2012-08-14 14:08:00,1468.7706227152719
2012-08-14 14:08:10,1469.414345895482
2012-08-14 14:08:21,1469.3796681108702
2012-08-14 14:08:30,1469.622029531029
2012-08-14 14:08:41,1469.5457173145396
2012-08-14 14:08:50,1469.3399342181558
2012-08-14 14:09:00,1468.9486685831896
2012-08-14 14:09:11,1469.1728243754008
2012-08-14 14:09:20,1469.4014836147894
2012-08-14 14:09:31,1469.7818296350595
2012-08-14 14:09:41,1469.5273940742095
2012-08-14 14:09:50,1469.2205265326725
2012-08-14 14:10:01,1469.4116689926168
2012-08-14 14:10:10,1469.4474820825526
2012-08-14 14:10:21,1469.6807295486597
2012-08-14 14:10:31,1469.54939730921
2012-08-14 14:10:40,1469.647836440068
2012-08-14 14:10:51,1469.3832225063657
2012-08-14 14:11:00,1469.2848836942817
2012-08-14 14:11:11,1469.2675746963885
2012-08-14 14:11:21,1469.6228935885517
2012-08-14 14:11:30,1469.5493736302706
2012-08-14 14:11:41,1469.1461261598977
2012-08-14 14:11:50,1469.3234270546566
2012-08-14 14:12:00,1469.7964597741982
2012-08-14 14:12:11,1469.7920493990903
2012-08-14 14:12:20,1469.9721422997127
2012-08-14 14:12:31,1469.7984417346731
2012-08-14 14:12:40,1470.020632125824
2012-08-14 14:12:50,1469.801063032544
2012-08-14 14:13:01,1469.7716858990993
2012-08-14 14:13:10,1469.525494100453
2012-08-14 14:13:21,1469.4330001761045
2012-08-14 14:13:31,1469.2787654539093
2012-08-14 14:13:40,1469.5119082361587
2012-08-14 14:13:51,1469.4033904102357
2012-08-14 14:14:00,1469.3822228528568
2012-08-14 14:14:11,1469.2407585511785
2012-08-14 14:14:21,1469.2453246991827
2012-08-14 14:14:30,1469.384103966265
2012-08-14 14:14:41,1469.36482655229
2012-08-14 14:14:50,1469.5387876972636
2012-08-14 14:15:01,1469.8343486903348
2012-08-14 14:15:11,1469.5413784683717
2012-08-14 14:15:20,1469.7296787516127
2012-08-14 14:15:31,1469.5598067837398
2012-08-14 14:15:40,1469.2337799253912
2012-08-14 14:15:51,1469.260951032308
2012-08-14 14:16:01,1469.644894573145
2012-08-14 14:16:10,1469.2508426790891
2012-08-14 14:16:21,1469.2012302323126
2012-08-14 14:16:30,1468.9918030393965
2012-08-14 14:16:40,1469.284828090374
2012-08-14 14:16:51,1469.5310167362231
2012-08-14 14:17:00,1469.3821984220174
2012-08-14 14:17:11,1469.7091955296037
2012-08-14 14:17:20,1469.948932073695
2012-08-14 14:17:30,1469.7690273246426
2012-08-14 14:17:41,1469.7417432486561
2012-08-14 14:17:50,1469.3648335816915
2012-08-14 14:18:01,1469.9287875152531
2012-08-14 14:18:11,1469.9930226948638
2012-08-14 14:18:20,1469.8938335212129
2012-08-14 14:18:31,1469.8524831134034
2012-08-14 14:18:40,1469.969150847543
2012-08-14 14:18:51,1470.2355212728762
2012-08-14 14:19:01,1470.1391034322578
2012-08-14 14:19:10,1469.8846626270395
2012-08-14 14:19:21,1469.85157335935
2012-08-14 14:19:30,1469.7046328850636
2012-08-14 14:19:41,1469.457523806214
2012-08-14 14:19:51,1469.6045477454645
2012-08-14 14:20:00,1469.7502657514444
2012-08-14 14:20:11,1470.4878049899503
2012-08-14 14:20:20,1470.2704973275993
2012-08-14 14:20:30,1469.283017441986
2012-08-14 14:20:41,1469.0919231028088
2012-08-14 14:20:50,1469.9002518024763
2012-08-14 14:21:01,1469.8589274515562
2012-08-14 14:21:10,1469.4961490911871
2012-08-14 14:21:20,1469.7064651987316
2012-08-14 14:21:31,1470.0398981712667
2012-08-14 14:21:40,1469.6853152536842
2012-08-14 14:21:51,1469.7808766676724
2012-08-14 14:22:00,1469.5815248101812
2012-08-14 14:22:10,1469.4602628423206
2012-08-14 14:22:21,1469.3114776216507
2012-08-14 14:22:30,1469.1921251748852
2012-08-14 14:22:41,1469.3568389463173
2012-08-14 14:22:51,1469.4399252440062
2012-08-14 14:23:00,1469.1742011021688
2012-08-14 14:23:11,1469.1915905214307
2012-08-14 14:23:20,1469.522866066797
2012-08-14 14:23:31,1469.9675060312363
2012-08-14 14:23:41,1470.4556432377472
2012-08-14 14:23:50,1470.2717029100697
2012-08-14 14:24:01,1469.7064498598659
2012-08-14 14:24:10,1469.851569290626
2012-08-14 14:24:21,1469.978267034351
2012-08-14 14:24:31,1470.5724916258812
2012-08-14 14:24:40,1470.390673080498
2012-08-14 14:24:51,1470.1150836086379
2012-08-14 14:25:00,1470.1339314037482
2012-08-14 14:25:10,1469.9179387641868
2012-08-14 14:25:21,1469.6496023055588
2012-08-14 14:25:30,1469.3307536297957
2012-08-14 14:25:41,1469.2142846884983
2012-08-14 14:25:50,1469.306975794811
2012-08-14 14:26:00,1469.884799331463
2012-08-14 14:26:11,1469.77260205665
2012-08-14 14:26:20,1469.7681775819653
2012-08-14 14:26:31,1469.5451451146132
2012-08-14 14:26:40,1469.4055831202422
2012-08-14 14:26:50,1469.3428434336909
2012-08-14 14:27:01,1470.0180592227082
2012-08-14 14:27:10,1470.4964905715544
2012-08-14 14:27:21,1470.283350479295
2012-08-14 14:27:31,1469.7065455007983
2012-08-14 14:27:40,1469.4879698259917
2012-08-14 14:27:51,1469.657199070411
2012-08-14 14:28:00,1470.2653000767477
2012-08-14 14:28:11,1470.2782460025235
2012-08-14 14:28:21,1470.2321392755905
2012-08-14 14:28:30,1470.0712781912382
2012-08-14 14:28:41,1469.7937672484438
2012-08-14 14:28:50,1469.9794418682598
2012-08-14 14:29:01,1469.845339255397
2012-08-14 14:29:11,1470.1363924086072
2012-08-14 14:29:20,1470.5911265822263
2012-08-14 14:29:31,1470.8510540687423
2012-08-14 14:29:40,1469.7686813101616
2012-08-14 14:29:50,1468.8842121388423
2012-08-14 14:30:01,1469.176563860168
2012-08-14 14:30:10,1469.5978835753056
2012-08-14 14:30:21,1469.5318841343342
2012-08-14 14:30:30,1469.917315465787
2012-08-14 14:30:40,1468.9032791041423
2012-08-14 14:30:51,1466.0217002298643
2012-08-14 14:31:00,1465.4484197267225
2012-08-14 14:31:11,1465.2762725235
2012-08-14 14:31:20,1465.2652385662686
2012-08-14 14:31:30,1465.6244173321334
2012-08-14 14:31:41,1466.0543066855544
2012-08-14 14:31:50,1466.3950983206191
2012-08-14 14:32:01,1465.8926337687772
2012-08-14 14:32:11,1465.7530256815346
2012-08-14 14:32:20,1466.0901876834807
2012-08-14 14:32:31,1466.180265967697
2012-08-14 14:32:40,1466.358001542773
2012-08-14 14:32:51,1466.193734058228
2012-08-14 14:33:01,1466.2266689588473
2012-08-14 14:33:10,1466.455465948922
2012-08-14 14:33:21,1466.7505419943614
2012-08-14 14:33:30,1466.8224675325441
2012-08-14 14:33:41,1466.6046515891326
2012-08-14 14:33:51,1465.6253331680466
2012-08-14 14:34:00,1464.6902267911512
2012-08-14 14:34:11,1464.6608564788935
2012-08-14 14:34:20,1464.4606423367002
2012-08-14 14:34:30,1464.6782991530165
2012-08-14 14:34:41,1464.9061903801096
2012-08-14 14:34:50,1464.9899477726465
2012-08-14 14:35:01,1465.2166594890216
2012-08-14 14:35:10,1465.127454131926
2012-08-14 14:35:20,1465.2230018662028
2012-08-14 14:35:31,1465.5766671959045
2012-08-14 14:35:40,1465.568408768577
2012-08-14 14:35:51,1465.4719191764982
2012-08-14 14:36:01,1465.354348778311
2012-08-14 14:36:10,1465.3644419710663
2012-08-14 14:36:21,1465.1192572750597
2012-08-14 14:36:30,1465.0523078136234
2012-08-14 14:36:41,1465.4076467393916
2012-08-14 14:36:51,1465.8301825649914
2012-08-14 14:37:00,1466.1149558800164
2012-08-14 14:37:11,1466.5183948743481
2012-08-14 14:37:20,1466.8349915152244
2012-08-14 14:37:31,1466.4471243890687
2012-08-14 14:37:41,1466.5321823790985
2012-08-14 14:37:50,1466.8687370766706
2012-08-14 14:38:01,1466.684267456668
2012-08-14 14:38:10,1466.7253179093993
2012-08-14 14:38:21,1466.310914704572
2012-08-14 14:38:31,1466.6915696327594
2012-08-14 14:38:40,1466.2614723594268
2012-08-14 14:38:51,1466.4042179781868
2012-08-14 14:39:00,1466.1557121713615
2012-08-14 14:39:10,1465.7704017837361
2012-08-14 14:39:21,1465.062559463123
2012-08-14 14:39:30,1465.0624060584196
2012-08-14 14:39:41,1465.219488351063
2012-08-14 14:39:50,1465.0963374399512
2012-08-14 14:40:00,1465.5613276901372
2012-08-14 14:40:11,1465.5943118932037
2012-08-14 14:40:20,1465.5042173014929
2012-08-14 14:40:31,1464.361485287905
2012-08-14 14:40:41,1464.812409419233
2012-08-14 14:40:50,1465.1096249455356
2012-08-14 14:41:01,1461.8902854446737
2012-08-14 14:41:10,1460.1937969831274
2012-08-14 14:41:21,1455.8183047755529
2012-08-14 14:41:31,1451.5578185523993
2012-08-14 14:41:40,1450.2521125138442
2012-08-14 14:41:51,1448.717330359621
2012-08-14 14:42:00,1446.643370684193
2012-08-14 14:42:11,1441.0001012965572
2012-08-14 14:42:21,1437.9301215748717
2012-08-14 14:42:30,1434.4469405749321
2012-08-14 14:42:41,1433.810035751041
2012-08-14 14:42:50,1430.8797574332173
2012-08-14 14:43:00,1429.997739383671
2012-08-14 14:43:11,1428.1285053752272
2012-08-14 14:43:20,1426.1082698466337
2012-08-14 14:43:31,1426.6388404317463
2012-08-14 14:43:40,1426.4903687024862
2012-08-14 14:43:50,1426.518526858608
2012-08-14 14:44:01,1425.936358500314
2012-08-14 14:44:10,1425.8210387975732
2012-08-14 14:44:21,1424.873509469132
2012-08-14 14:44:30,1424.0672330713064
2012-08-14 14:44:40,1425.5866967598665
2012-08-14 14:44:51,1425.9553210429876
2012-08-14 14:45:00,1425.7988985702516
2012-08-14 14:45:11,1426.7523082797652
2012-08-14 14:45:21,1426.6131466943646
2012-08-14 14:45:30,1419.9541930405694
2012-08-14 14:45:41,1415.1938527471852
2012-08-14 14:45:50,1415.3754903818271
2012-08-14 14:46:01,1415.4055883560125
2012-08-14 14:46:11,1415.6170113249202
2012-08-14 14:46:20,1415.5751970671342
2012-08-14 14:46:31,1414.847677883339
2012-08-14 14:46:40,1411.5783067294738
2012-08-14 14:46:51,1403.8494827416403
2012-08-14 14:47:01,1396.3661308549058
2012-08-14 14:47:10,1394.0158857331405
2012-08-14 14:47:21,1389.689241515719
2012-08-14 14:47:30,1386.4043813480823
2012-08-14 14:47:40,1384.1847487710452
2012-08-14 14:47:51,1380.0491084992389
2012-08-14 14:48:00,1377.1400016849761
2012-08-14 14:48:11,1373.0886465650365
2012-08-14 14:48:20,1371.5437443662688
2012-08-14 14:48:30,1371.2267443647818
2012-08-14 14:48:41,1369.2752811533896
2012-08-14 14:48:50,1368.082900155714
2012-08-14 14:49:01,1368.209757805032
2012-08-14 14:49:10,1365.8327178036316
2012-08-14 14:49:20,1363.386438187156
2012-08-14 14:49:31,1356.4284243428249
2012-08-14 14:49:40,1349.8209701359112
2012-08-14 14:49:51,1345.6777681051378
2012-08-14 14:50:01,1342.272909970296
2012-08-14 14:50:10,1337.52889331041
2012-08-14 14:50:21,1333.2788458382622
2012-08-14 14:50:30,1326.7905158559013
2012-08-14 14:50:41,1321.5170389994855
2012-08-14 14:50:51,1315.151455422405
2012-08-14 14:51:00,1308.40802595579
2012-08-14 14:51:11,1301.3498473553088
2012-08-14 14:51:20,1294.3515739307218
2012-08-14 14:51:31,1287.7611032087386
2012-08-14 14:51:41,1278.7665822638407
2012-08-14 14:51:50,1271.5252327666262
2012-08-14 14:52:01,1264.6435030909117
2012-08-14 14:52:10,1262.996634251684
2012-08-14 14:52:20,1260.2368656875735
2012-08-14 14:52:31,1253.9619195113282
2012-08-14 14:52:40,1253.1705723006241
2012-08-14 14:52:51,1247.7617784348065
2012-08-14 14:53:00,1243.0886806761089
2012-08-14 14:53:10,1237.0997020937787
2012-08-14 14:53:21,1235.4001337862483
2012-08-14 14:53:30,1233.9068814027091
2012-08-14 14:53:41,1230.6442823822206
2012-08-14 14:53:50,1231.0020021420712
2012-08-14 14:54:00,1229.7696902236273
2012-08-14 14:54:11,1225.2462260559605
2012-08-14 14:54:20,1218.9958431087011
2012-08-14 14:54:31,1215.85801316894
2012-08-14 14:54:41,1209.9536663444837
2012-08-14 14:54:50,1204.3092684202475
2012-08-14 14:55:01,1203.0955613532087
2012-08-14 14:55:10,1203.1052227873738
2012-08-14 14:55:21,1202.5157970813173
2012-08-14 14:55:31,1199.0410192524362
2012-08-14 14:55:40,1191.549976070536
2012-08-14 14:55:51,1191.853641546226
2012-08-14 14:56:00,1192.0037808950847
2012-08-14 14:56:11,1192.1987421681301
2012-08-14 14:56:21,1187.3884454235806
2012-08-14 14:56:30,1188.0777005582454
2012-08-14 14:56:41,1187.226578569338
2012-08-14 14:56:50,1183.665430056588
2012-08-14 14:57:00,1178.350592567164
2012-08-14 14:57:11,1177.147236261137
2012-08-14 14:57:20,1170.0806004007582
2012-08-14 14:57:31,1167.4682300449776
2012-08-14 14:57:40,1160.1200552847101
2012-08-14 14:57:50,1151.8648436109947
2012-08-14 14:58:01,1146.902375039846
2012-08-14 14:58:10,1143.4062774427975
2012-08-14 14:58:21,1137.6758456460987
2012-08-14 14:58:31,1130.6114504129857
2012-08-14 14:58:40,1123.786139092029
2012-08-14 14:58:51,1118.1732645183317
2012-08-14 14:59:00,1115.3015552438733
2012-08-14 14:59:11,1108.4758158418826
2012-08-14 14:59:21,1102.8502832269514
2012-08-14 14:59:30,1103.3680904755793
2012-08-14 14:59:41,1103.4906332214348
2012-08-14 14:59:50,1099.5792342687926
2012-08-14 15:00:01,1099.2552760696224
2012-08-14 15:00:11,1093.2269414942073
2012-08-14 15:00:20,1087.8217362766861
2012-08-14 15:00:31,1080.0870586558378
2012-08-14 15:00:40,1073.4040790266215
2012-08-14 15:00:51,1063.5336317755607
2012-08-14 15:01:01,1053.0691562139805
2012-08-14 15:01:10,1044.7022687737153
2012-08-14 15:01:21,1040.0116559252049
2012-08-14 15:01:30,1040.3098594487165
2012-08-14 15:01:40,1040.5578848004218
2012-08-14 15:01:51,1040.1421406226466
2012-08-14 15:02:00,1041.3214536556663
2012-08-14 15:02:11,1040.3283355990848
2012-08-14 15:02:20,1039.3643503586811
2012-08-14 15:02:30,1040.4652577621657
2012-08-14 15:02:41,1041.0878975682713
2012-08-14 15:02:50,1038.5610805353008
2012-08-14 15:03:01,1020.9629460414559
2012-08-14 15:03:11,1019.1024137327196
2012-08-14 15:03:20,1018.2494194138136
2012-08-14 15:03:31,1017.4743348140819
2012-08-14 15:03:40,1015.1243760233726
2012-08-14 15:03:51,1015.2490226216348
2012-08-14 15:04:01,1015.2184935457692
2012-08-14 15:04:10,1010.218548105789
2012-08-14 15:04:21,1004.5236315640238
2012-08-14 15:04:30,1002.0503876867293
2012-08-14 15:04:41,1001.6143353069704
2012-08-14 15:04:51,1000.3811869916111
2012-08-14 15:05:00,998.8530090825634
2012-08-14 15:05:11,1001.7120554247341
2012-08-14 15:05:20,997.7848927778374
2012-08-14 15:05:30,989.2627389914176
2012-08-14 15:05:41,988.5149111731796
2012-08-14 15:05:50,986.2036967507087
2012-08-14 15:06:01,984.3856735209613
2012-08-14 15:06:10,984.7476582439608
2012-08-14 15:06:20,985.0787817163325
2012-08-14 15:06:31,984.8087837169548
2012-08-14 15:06:40,984.4174720610712
2012-08-14 15:06:51,984.1251472281232
2012-08-14 15:07:00,985.1277127262678
2012-08-14 15:07:10,985.9270723896703
2012-08-14 15:07:21,985.1579663762716
2012-08-14 15:07:30,983.4993466208592
2012-08-14 15:07:41,983.3523297344943
2012-08-14 15:07:51,985.7709142983317
2012-08-14 15:08:00,983.6275278016939
2012-08-14 15:08:11,983.5510383969291
2012-08-14 15:08:20,983.7347224448796
2012-08-14 15:08:31,983.8797942642834
2012-08-14 15:08:41,983.6136541950538
2012-08-14 15:08:50,986.7427314783677
2012-08-14 15:09:01,986.5826647435172
2012-08-14 15:09:10,983.0473421840052
2012-08-14 15:09:21,980.9294401476482
2012-08-14 15:09:31,980.6470055740924
2012-08-14 15:09:40,978.7318183459173
2012-08-14 15:09:51,978.1519530399162
2012-08-14 15:10:00,977.5442668076918
2012-08-14 15:10:10,977.6771154587387
2012-08-14 15:10:21,976.9012874030957
2012-08-14 15:10:30,974.8662584659319
2012-08-14 15:10:41,974.5146339011144
2012-08-14 15:10:50,975.2805574658303
2012-08-14 15:11:00,973.3478204261505
2012-08-14 15:11:11,972.3559057507914
2012-08-14 15:11:20,970.8469868290623
2012-08-14 15:11:31,971.2485372434196
2012-08-14 15:11:40,972.6675649662994
2012-08-14 15:11:50,975.5786743503969
2012-08-14 15:12:01,976.0821804040336
2012-08-14 15:12:10,978.2813823682695
2012-08-14 15:12:21,977.2783163736556
2012-08-14 15:12:31,976.381533564508
2012-08-14 15:12:40,976.3389446348151
2012-08-14 15:12:51,974.7629727816213
2012-08-14 15:13:00,968.872921242171
2012-08-14 15:13:11,966.8740047882094
2012-08-14 15:13:21,964.2599230946994
2012-08-14 15:13:30,958.4055912038161
2012-08-14 15:13:41,953.1774475621055
2012-08-14 15:13:50,946.6738512354466
2012-08-14 15:14:01,939.2399866918229
2012-08-14 15:14:11,930.3917536712614
2012-08-14 15:14:20,923.0164936124005
2012-08-14 15:14:31,918.3039566121334
2012-08-14 15:14:40,919.7408242070636
2012-08-14 15:14:50,918.9476642738472
2012-08-14 15:15:01,917.3350439273438
2012-08-14 15:15:10,914.1235972205512
2012-08-14 15:15:21,912.5600740981132
2012-08-14 15:15:30,912.0820666195721
2012-08-14 15:15:40,910.4860275650553
2012-08-14 15:15:51,907.1410476539103
2012-08-14 15:16:00,902.5176152528164
2012-08-14 15:16:11,901.0315006617217
2012-08-14 15:16:20,899.0088582087664
2012-08-14 15:16:30,897.9462263804259
2012-08-14 15:16:41,895.9151688577301
2012-08-14 15:16:50,896.533590170362
2012-08-14 15:17:01,896.8063784506163
2012-08-14 15:17:11,895.3917592827778
2012-08-14 15:17:20,890.2093510659157
2012-08-14 15:17:31,884.0670836555419
2012-08-14 15:17:40,880.0114888352475
2012-08-14 15:17:51,875.4130572770109
2012-08-14 15:18:01,874.2444561685957
2012-08-14 15:18:10,871.0680179579151
2012-08-14 15:18:21,870.9220329987162
2012-08-14 15:18:30,871.0872796366422
2012-08-14 15:18:41,869.2483628703769
2012-08-14 15:18:51,868.0662101425213
2012-08-14 15:19:00,868.546653703163
2012-08-14 15:19:11,868.5356718810161
2012-08-14 15:19:20,868.6283419396511
2012-08-14 15:19:30,871.2348213048685
2012-08-14 15:19:41,870.5723880988294
2012-08-14 15:19:50,869.9271276554458
2012-08-14 15:20:01,865.2015933979395
2012-08-14 15:20:10,863.9160023583843
2012-08-14 15:20:20,865.9907134649565
2012-08-14 15:20:31,865.2912445587743
2012-08-14 15:20:40,865.6501590466942
2012-08-14 15:20:51,865.1376379489628
2012-08-14 15:21:01,865.9944370076614
2012-08-14 15:21:10,867.8613172027672
2012-08-14 15:21:21,868.7111987546457
2012-08-14 15:21:30,870.6981435862932
2012-08-14 15:21:41,869.372824627398
2012-08-14 15:21:51,868.7818740231484
2012-08-14 15:22:00,867.3774892571407
2012-08-14 15:22:11,867.5543495699064
2012-08-14 15:22:20,865.8920939213891
2012-08-14 15:22:31,864.4691309595133
2012-08-14 15:22:41,861.0747138811249
2012-08-14 15:22:50,858.4176917881557
2012-08-14 15:23:01,851.7388756183396
2012-08-14 15:23:10,845.5990472765606
2012-08-14 15:23:21,839.7133969880666
2012-08-14 15:23:31,835.1313115330355
2012-08-14 15:23:40,829.4382215609781
2012-08-14 15:23:51,827.6123894167035
2012-08-14 15:24:00,825.7325665850914
2012-08-14 15:24:10,825.4041949442744
2012-08-14 15:24:21,826.0002127832391
2012-08-14 15:24:30,827.0938602325824
2012-08-14 15:24:41,827.421401879485
2012-08-14 15:24:50,827.5397180526215
2012-08-14 15:25:00,826.9864283778525
2012-08-14 15:25:11,826.6140228699122
2012-08-14 15:25:20,826.5393034434766
2012-08-14 15:25:31,824.9530068766286
2012-08-14 15:25:41,824.6234240872368
2012-08-14 15:25:50,824.8753655558131
2012-08-14 15:26:01,824.8269311751374
2012-08-14 15:26:10,824.7539575287976
2012-08-14 15:26:21,824.1781378889708
2012-08-14 15:26:31,818.6645364396219
2012-08-14 15:26:40,814.8357494251298
2012-08-14 15:26:51,809.0569802696529
2012-08-14 15:27:00,805.0789808223998
2012-08-14 15:27:11,803.9609211073698
2012-08-14 15:27:21,803.5165347586965
2012-08-14 15:27:30,799.516906289626
2012-08-14 15:27:41,796.4098105531315
2012-08-14 15:27:50,793.083890458634
2012-08-14 15:28:00,794.9600292113419
2012-08-14 15:28:11,794.092126158467
2012-08-14 15:28:20,793.9819631665872
2012-08-14 15:28:31,792.4831054117177
2012-08-14 15:28:40,792.7388200780048
2012-08-14 15:28:50,792.8295870182671
2012-08-14 15:29:01,795.3362538444961
2012-08-14 15:29:10,798.1225067176448
2012-08-14 15:29:21,799.2282406419477
2012-08-14 15:29:30,799.3650606830937
2012-08-14 15:29:40,801.5999690424288
2012-08-14 15:29:51,802.6264066904977
2012-08-14 15:30:00,802.8211904029088
2012-08-14 15:30:11,803.7340161710432
2012-08-14 15:30:21,805.1825875712058
2012-08-14 15:30:30,806.5542436609124
2012-08-14 15:30:41,806.7627169939739
2012-08-14 15:30:50,799.2849820389841
2012-08-14 15:31:01,806.726434620017
2012-08-14 15:31:11,809.7800057440355
2012-08-14 15:31:20,812.7441605548767
2012-08-14 15:31:31,818.2418591175727
2012-08-14 15:31:40,820.6135438011021
2012-08-14 15:31:51,825.9257117152098
2012-08-14 15:32:01,828.6361240319758
2012-08-14 15:32:10,829.090625303148
2012-08-14 15:32:21,825.445420963445
2012-08-14 15:32:30,824.3610477959733
2012-08-14 15:32:40,824.3274668713697
2012-08-14 15:32:51,824.1546603589425
2012-08-14 15:33:00,824.8321491226802
2012-08-14 15:33:11,821.8253953182294
2012-08-14 15:33:20,814.9184709410395
2012-08-14 15:33:30,813.8614997955973
2012-08-14 15:33:41,813.7403401008297
2012-08-14 15:33:50,814.3694310100923
2012-08-14 15:34:01,810.6036120791886
2012-08-14 15:34:10,809.0024782086965
2012-08-14 15:34:20,809.4976547420531
2012-08-14 15:34:31,809.4110769069893
2012-08-14 15:34:40,809.9168161311633
2012-08-14 15:34:51,810.1003018960176
2012-08-14 15:35:01,809.5071649834285
2012-08-14 15:35:10,809.8237139032391
2012-08-14 15:35:21,806.7859546018577
2012-08-14 15:35:30,801.6090032122112
2012-08-14 15:35:41,797.4795934712848
2012-08-14 15:35:51,795.0766518658852
2012-08-14 15:36:00,794.9111982824385
2012-08-14 15:36:11,793.7470167609937
2012-08-14 15:36:20,787.8279433961483
2012-08-14 15:36:31,783.1032226346964
2012-08-14 15:36:41,781.6511981774114
2012-08-14 15:36:50,778.6874589569443
2012-08-14 15:37:01,776.6697303142652
2012-08-14 15:37:10,775.6992234994204
2012-08-14 15:37:20,775.8271405001884
2012-08-14 15:37:31,776.01418227882
2012-08-14 15:37:40,776.0408645220923
2012-08-14 15:37:51,776.4874062389762
2012-08-14 15:38:00,776.5914209707048
2012-08-14 15:38:10,774.4390235214305
2012-08-14 15:38:21,771.5215977900928
2012-08-14 15:38:30,769.9862682686802
2012-08-14 15:38:41,770.2481534887974
2012-08-14 15:38:50,770.2121496681328
2012-08-14 15:39:00,769.9037772109086
2012-08-14 15:39:11,769.3373585828423
2012-08-14 15:39:20,769.6769601255654
2012-08-14 15:39:31,770.0006763157796
2012-08-14 15:39:41,770.4706392223874
2012-08-14 15:39:50,770.8818884125664
2012-08-14 15:40:01,774.27768041724
2012-08-14 15:40:10,778.9366950478056
2012-08-14 15:40:21,780.252773788726
2012-08-14 15:40:31,781.4536325620626
2012-08-14 15:40:40,783.1222732957423
2012-08-14 15:40:51,783.540335037572
2012-08-14 15:41:00,785.1674799790471
2012-08-14 15:41:11,785.5422146393837
2012-08-14 15:41:21,783.3273650170669
2012-08-14 15:41:30,784.7513833437306
2012-08-14 15:41:41,785.5334237909937
2012-08-14 15:41:50,785.7526949410085
2012-08-14 15:42:00,786.2956962006414
2012-08-14 15:42:11,786.8064580317579
2012-08-14 15:42:20,786.5732848034639
2012-08-14 15:42:31,784.638077009575
2012-08-14 15:42:40,784.827969010317
2012-08-14 15:42:50,785.5148807945184
2012-08-14 15:43:01,786.8701151696154
2012-08-14 15:43:10,786.3224884739574
2012-08-14 15:43:21,786.4851895982737
2012-08-14 15:43:31,787.6438884765962
2012-08-14 15:43:40,787.6341320190942
2012-08-14 15:43:51,787.6700984726215
2012-08-14 15:44:00,788.337173874453
2012-08-14 15:44:11,787.6426327424651
2012-08-14 15:44:21,787.2008236582307
2012-08-14 15:44:30,786.8608566502355
2012-08-14 15:44:41,787.2825126497119
2012-08-14 15:44:50,787.5357790155846
2012-08-14 15:45:01,787.1267711594638
2012-08-14 15:45:11,789.3532334551129
2012-08-14 15:45:20,795.2295254648035
2012-08-14 15:45:31,797.5281434103654
2012-08-14 15:45:40,797.2064320492823
2012-08-14 15:45:51,797.5963799962161
2012-08-14 15:46:01,795.0846722978326
2012-08-14 15:46:10,790.6298268677969
2012-08-14 15:46:21,785.1721883409236
2012-08-14 15:46:30,779.5885323144495
2012-08-14 15:46:40,776.9074235592636
2012-08-14 15:46:51,772.6891769669486
2012-08-14 15:47:00,768.3043167786515
2012-08-14 15:47:11,762.3920570111657
2012-08-14 15:47:20,758.3588002144512
2012-08-14 15:47:30,756.9813744177457
2012-08-14 15:47:41,753.082653424504
2012-08-14 15:47:50,746.009457142623
2012-08-14 15:48:01,744.1071230695223
2012-08-14 15:48:11,736.2409712719701
2012-08-14 15:48:20,729.8837371747097
2012-08-14 15:48:31,724.1992623692591
2012-08-14 15:48:40,718.7417395703147
2012-08-14 15:48:51,712.6183473535585
2012-08-14 15:49:01,706.135237793045
2012-08-14 15:49:10,701.3241078927973
2012-08-14 15:49:21,694.8810135179483
2012-08-14 15:49:30,688.9764907432625
2012-08-14 15:49:41,683.1565841227824
2012-08-14 15:49:51,678.9248282990893
2012-08-14 15:50:00,673.2436259574109
2012-08-14 15:50:11,666.5638039971149
2012-08-14 15:50:20,660.5871185050073
2012-08-14 15:50:30,654.2940142952525
2012-08-14 15:50:41,648.9590554844981
2012-08-14 15:50:50,646.5126670693469
2012-08-14 15:51:01,644.0952135452337
2012-08-14 15:51:10,641.1375038771932
2012-08-14 15:51:20,637.6800300178344
2012-08-14 15:51:31,634.4303080877905
2012-08-14 15:51:40,634.0403056269452
2012-08-14 15:51:51,633.1986498561985
2012-08-14 15:52:00,628.3538516649304
2012-08-14 15:52:10,622.5425537800108
2012-08-14 15:52:21,615.6460241156173
2012-08-14 15:52:30,607.0992670820598
2012-08-14 15:52:41,607.1642378898861
2012-08-14 15:52:51,607.1255993396704
2012-08-14 15:53:00,605.8925553524662
2012-08-14 15:53:11,598.6339159208533
2012-08-14 15:53:20,591.4560364010371
2012-08-14 15:53:31,588.4609460371585
2012-08-14 15:53:41,585.2070076781358
2012-08-14 15:53:50,582.7015010613218
2012-08-14 15:54:01,581.735935888879
2012-08-14 15:54:10,580.0371230498516
2012-08-14 15:54:21,578.1763098790758
2012-08-14 15:54:31,577.924583745025
2012-08-14 15:54:40,576.7702771790721
2012-08-14 15:54:51,569.8994160869362
2012-08-14 15:55:00,564.4318924132893
2012-08-14 15:55:10,562.779812818509
2012-08-14 15:55:21,557.6274568256496
2012-08-14 15:55:30,556.319156407109
2012-08-14 15:55:41,554.1685035530592
2012-08-14 15:55:50,549.6478947737263
2012-08-14 15:56:00,547.7138168736665
2012-08-14 15:56:11,544.8761235540967
2012-08-14 15:56:20,542.3745805625764
2012-08-14 15:56:31,539.184574286532
2012-08-14 15:56:40,538.3363927733458
2012-08-14 15:56:50,529.809964095047
2012-08-14 15:57:01,526.7182917900628
2012-08-14 15:57:10,526.192521451285
2012-08-14 15:57:21,524.9029639642486
2012-08-14 15:57:31,520.9724711354205
2012-08-14 15:57:40,521.2797733636111
2012-08-14 15:57:51,519.5738163458176
2012-08-14 15:58:00,518.1276257791164
2012-08-14 15:58:11,517.8448626586418
2012-08-14 15:58:21,514.4543515873203
2012-08-14 15:58:30,513.9428179367189
2012-08-14 15:58:41,514.305675926087
2012-08-14 15:58:50,513.6719226418762
2012-08-14 15:59:01,513.7661566556059
2012-08-14 15:59:11,513.6387327043745
2012-08-14 15:59:20,513.9703944915742
2012-08-14 15:59:31,506.68170085765325
2012-08-14 15:59:40,502.2342138298827
2012-08-14 15:59:50,503.02128016892476
2012-08-14 16:00:01,503.4844780972889
2012-08-14 16:00:10,503.8327214893176
2012-08-14 16:00:21,499.91052245955973
2012-08-14 16:00:30,499.7284402404791
2012-08-14 16:00:40,499.8272412133977
2012-08-14 16:00:51,500.30639300481494
2012-08-14 16:01:00,498.943977889298
2012-08-14 16:01:11,498.3805955047555
2012-08-14 16:01:20,498.4577907447669
2012-08-14 16:01:30,498.7739440701319
2012-08-14 16:01:41,498.6253161628216
2012-08-14 16:01:50,499.09361483841394
2012-08-14 16:02:01,498.97760903295955
2012-08-14 16:02:11,499.7967479524072
2012-08-14 16:02:20,500.41007410347527
2012-08-14 16:02:31,500.48263429542897
2012-08-14 16:02:40,501.03348301128506
2012-08-14 16:02:51,501.30593459307954
2012-08-14 16:03:01,501.0430336469963
2012-08-14 16:03:10,502.2894266326758
2012-08-14 16:03:21,505.13662431632343
2012-08-14 16:03:30,504.6743705190163
2012-08-14 16:03:41,505.93001646156887
2012-08-14 16:03:51,508.0486772664778
2012-08-14 16:04:00,508.8811501188319
2012-08-14 16:04:11,508.1239910759575
2012-08-14 16:04:20,508.8632260107277
2012-08-14 16:04:30,509.14346223475803
2012-08-14 16:04:41,508.8381028786302
2012-08-14 16:04:50,508.88868327470476
2012-08-14 16:05:01,508.0650830177833
2012-08-14 16:05:10,504.86030237856346
2012-08-14 16:05:20,500.7844979471841
2012-08-14 16:05:31,499.8662319644112
2012-08-14 16:05:40,497.08919087943775
2012-08-14 16:05:51,491.6473398815185
2012-08-14 16:06:01,489.39137053276664
2012-08-14 16:06:10,489.26542494120355
2012-08-14 16:06:21,486.8038817258794
2012-08-14 16:06:30,483.61781392047254
2012-08-14 16:06:41,482.325194383017
2012-08-14 16:06:51,479.6249186684287
2012-08-14 16:07:00,477.8692812703293
2012-08-14 16:07:11,474.76461233664384
2012-08-14 16:07:20,470.6071154060118
2012-08-14 16:07:31,467.23821350074354
2012-08-14 16:07:41,466.97132726531555
2012-08-14 16:07:50,467.71370997156447
2012-08-14 16:08:01,467.6854481194343
2012-08-14 16:08:10,467.7991596624456
2012-08-14 16:08:21,467.6876456205675
2012-08-14 16:08:31,467.88867469635494
2012-08-14 16:08:40,467.59883502633164
2012-08-14 16:08:51,467.19355922888496
2012-08-14 16:09:00,467.5921626570059
2012-08-14 16:09:10,467.428787383389
2012-08-14 16:09:21,466.8235020816493
2012-08-14 16:09:30,466.67718959727523
2012-08-14 16:09:41,467.8910293963126
2012-08-14 16:09:50,467.60374660694384
2012-08-14 16:10:00,467.40720910792277
2012-08-14 16:10:11,467.6532986627026
2012-08-14 16:10:20,467.35661040428727
2012-08-14 16:10:31,467.4206714702792
2012-08-14 16:10:41,467.2652846712814
2012-08-14 16:10:50,466.8392141467474
2012-08-14 16:11:01,466.7842013581913
2012-08-14 16:11:10,467.28231282012365
2012-08-14 16:11:21,467.20017563402
2012-08-14 16:11:31,467.27833736225057
2012-08-14 16:11:40,467.0922661930212
2012-08-14 16:11:51,467.0371982417634
2012-08-14 16:12:00,469.214076211353
2012-08-14 16:12:11,469.2153132441527
2012-08-14 16:12:21,468.970947945123
2012-08-14 16:12:30,469.1803453129538
2012-08-14 16:12:41,469.04076210428593
2012-08-14 16:12:50,469.13431920347375
2012-08-14 16:13:00,469.444606266289
2012-08-14 16:13:11,469.404165010032
2012-08-14 16:13:20,469.098788442456
2012-08-14 16:13:31,468.728431399282
2012-08-14 16:13:40,468.5791772191308
2012-08-14 16:13:50,468.8344782499799
2012-08-14 16:14:01,468.923808470296
2012-08-14 16:14:10,468.89893243756154
2012-08-14 16:14:21,469.04237582537974
2012-08-14 16:14:30,469.413996231291
2012-08-14 16:14:40,469.4775091454156
2012-08-14 16:14:51,469.02875008879477
2012-08-14 16:15:00,469.010635845696
2012-08-14 16:15:11,469.5969007853316
2012-08-14 16:15:21,469.70840663049364
2012-08-14 16:15:30,469.0620209456825
2012-08-14 16:15:41,469.1465084489796
2012-08-14 16:15:50,469.3950959775727
2012-08-14 16:16:01,469.4312259810619
2012-08-14 16:16:11,469.0788301656042
2012-08-14 16:16:20,469.42745132879713
2012-08-14 16:16:31,469.31450053599775
2012-08-14 16:16:40,469.35665534566965
2012-08-14 16:16:51,468.9700892812466
2012-08-14 16:17:01,468.45778315318245
2012-08-14 16:17:10,468.5115100705838
2012-08-14 16:17:21,468.5396376478364
2012-08-14 16:17:30,468.43020857429576
2012-08-14 16:17:40,468.28098028569815
2012-08-14 16:17:51,468.4496093783729
2012-08-14 16:18:00,468.0341889243357
2012-08-14 16:18:11,467.9097822576088
2012-08-14 16:18:20,467.69808242413893
2012-08-14 16:18:30,467.788643383514
2012-08-14 16:18:41,468.16819764158345
2012-08-14 16:18:50,468.07142785148653
2012-08-14 16:19:01,465.2573996136824
2012-08-14 16:19:10,464.7126367258657
2012-08-14 16:19:20,463.76739762623527
2012-08-14 16:19:31,463.71754896795494
2012-08-14 16:19:40,462.07956304346453
2012-08-14 16:19:51,461.0656178761893
2012-08-14 16:20:01,460.12036115945165
2012-08-14 16:20:10,460.5443276842402
2012-08-14 16:20:21,460.6442370915752
2012-08-14 16:20:30,454.97622232858004
2012-08-14 16:20:41,447.77666897054604
2012-08-14 16:20:51,441.3508046445963
2012-08-14 16:21:00,438.29659839038436
2012-08-14 16:21:11,438.3029000257464
2012-08-14 16:21:20,437.9672817112978
2012-08-14 16:21:31,437.11804739006794
2012-08-14 16:21:41,436.74773518673135
2012-08-14 16:21:50,436.12613125223254
2012-08-14 16:22:01,436.08994537906534
2012-08-14 16:22:10,434.64687748195047
2012-08-14 16:22:20,429.84382608684916
2012-08-14 16:22:31,425.511937517627
2012-08-14 16:22:40,419.2940907389463
2012-08-14 16:22:51,419.12901362623825
2012-08-14 16:23:00,421.2862549305626
2012-08-14 16:23:10,420.44272680017855
2012-08-14 16:23:21,420.4020994605591
2012-08-14 16:23:30,420.4110369320485
2012-08-14 16:23:41,420.8891620005218
2012-08-14 16:23:50,421.05842740052157
2012-08-14 16:24:00,420.71985802370926
2012-08-14 16:24:11,420.6648630126492
2012-08-14 16:24:20,421.0276769160776
2012-08-14 16:24:31,421.17509215650193
2012-08-14 16:24:41,421.36818012799273
2012-08-14 16:24:50,421.30805446991315
2012-08-14 16:25:01,421.112069105843
2012-08-14 16:25:10,421.0719476695711
2012-08-14 16:25:21,420.7635983092928
2012-08-14 16:25:31,421.2041879109674
2012-08-14 16:25:40,421.1374632594357
2012-08-14 16:25:51,420.7355696602837
2012-08-14 16:26:00,420.83607035126556
2012-08-14 16:26:11,420.90303571351456
2012-08-14 16:26:21,421.0791852018807
2012-08-14 16:26:30,421.2357500586624
2012-08-14 16:26:41,423.6479434890817
2012-08-14 16:26:50,423.43710852027795
2012-08-14 16:27:00,423.4163375428373
2012-08-14 16:27:11,420.2741174412694
2012-08-14 16:27:20,421.3919515685079
2012-08-14 16:27:31,420.0962554835785
2012-08-14 16:27:40,419.26732855279425
2012-08-14 16:27:50,415.03672887611475
2012-08-14 16:28:01,414.20683966984257
2012-08-14 16:28:10,413.5820151168995
2012-08-14 16:28:21,413.1909565766288
2012-08-14 16:28:31,411.4179963915809
2012-08-14 16:28:40,411.814965759289
2012-08-14 16:28:51,411.6849388279938
2012-08-14 16:29:00,411.73829055705875
2012-08-14 16:29:11,412.35369384528514
2012-08-14 16:29:21,412.5559372114313
2012-08-14 16:29:30,412.13719139206785
2012-08-14 16:29:41,414.5840407311967
2012-08-14 16:29:50,418.1312201727709
2012-08-14 16:30:01,415.7671135214833
2012-08-14 16:30:11,412.83067568125176
2012-08-14 16:30:20,412.4483948943359
2012-08-14 16:30:31,408.3751990604825
2012-08-14 16:30:40,405.50617368619453
2012-08-14 16:30:51,402.4642528391301
2012-08-14 16:31:01,399.8835759876696
2012-08-14 16:31:10,393.48854210980505
2012-08-14 16:31:21,384.7516368768262
2012-08-14 16:31:30,377.93584391287317
2012-08-14 16:31:40,370.2005521712484
2012-08-14 16:31:51,368.0381501986408
2012-08-14 16:32:00,366.7966907144604
2012-08-14 16:32:11,367.5970947849941
2012-08-14 16:32:20,367.327356784419
2012-08-14 16:32:30,367.2694598609555
2012-08-14 16:32:41,366.61586116366203
2012-08-14 16:32:50,365.7131560210788
2012-08-14 16:33:01,364.95566288526555
2012-08-14 16:33:11,359.9921954072742
2012-08-14 16:33:20,355.5534161168035
2012-08-14 16:33:31,350.9028489524094
2012-08-14 16:33:40,344.5612909703961
2012-08-14 16:33:51,344.50569705240173
2012-08-14 16:34:01,343.1131668658425
2012-08-14 16:34:10,342.9894658532546
2012-08-14 16:34:21,342.4256126251415
2012-08-14 16:34:30,343.230879201197
2012-08-14 16:34:41,343.91118612854115
2012-08-14 16:34:51,340.85633136011563
2012-08-14 16:35:00,335.1186927399251
2012-08-14 16:35:11,328.69731875012593
2012-08-14 16:35:20,321.9312418171193
2012-08-14 16:35:30,316.1744054842891
2012-08-14 16:35:41,312.8869563857193
2012-08-14 16:35:50,311.0439430075777
2012-08-14 16:36:01,303.21938196092054
2012-08-14 16:36:10,296.43047407687635
2012-08-14 16:36:20,289.76755167801787
2012-08-14 16:36:31,281.711633036515
2012-08-14 16:36:40,276.80604762686147
2012-08-14 16:36:51,270.04029556568713
2012-08-14 16:37:00,262.8640392911459
2012-08-14 16:37:10,260.6245660667816
2012-08-14 16:37:21,255.92194156119405
2012-08-14 16:37:30,255.09509320726997
2012-08-14 16:37:41,251.08726212724324
2012-08-14 16:37:51,250.50485790679232
2012-08-14 16:38:00,250.33498344235295
2012-08-14 16:38:11,249.31599290523604
2012-08-14 16:38:20,249.6952651048692
2012-08-14 16:38:31,247.57274268636777
2012-08-14 16:38:41,241.13845627886542
2012-08-14 16:38:50,238.37800425998753
2012-08-14 16:39:01,235.69113023064554
2012-08-14 16:39:10,232.7702968260606
2012-08-14 16:39:21,234.04989714344288
2012-08-14 16:39:31,235.85722168408887
2012-08-14 16:39:40,232.05332662103
2012-08-14 16:39:51,230.6738643620775
2012-08-14 16:40:00,228.56106516758612
2012-08-14 16:40:10,227.388851095847
2012-08-14 16:40:21,223.6951162128476
2012-08-14 16:40:30,220.17572778880074
2012-08-14 16:40:41,218.4423011975162
2012-08-14 16:40:50,217.8274004657562
2012-08-14 16:41:00,213.24873615933168
2012-08-14 16:41:11,211.90709653527313
2012-08-14 16:41:20,212.12157922678836
2012-08-14 16:41:31,212.59800624073688
2012-08-14 16:41:40,213.20962300668486
2012-08-14 16:41:50,212.10641773836028
2012-08-14 16:42:01,212.35515456882985
2012-08-14 16:42:10,212.8293408596362
2012-08-14 16:42:21,213.34001979012197
2012-08-14 16:42:31,210.45736352706183
2012-08-14 16:42:40,205.98790912682713
2012-08-14 16:42:51,198.78707537522894
2012-08-14 16:43:00,196.97660282015238
2012-08-14 16:43:11,194.73072812732266
2012-08-14 16:43:21,194.21203907907238
2012-08-14 16:43:30,194.1912727696169
2012-08-14 16:43:41,194.25127817437345
2012-08-14 16:43:50,193.06354846786496
2012-08-14 16:44:01,186.93026285350965
2012-08-14 16:44:11,182.61285606104144
2012-08-14 16:44:20,183.7573210928952
2012-08-14 16:44:31,179.5913484418384
2012-08-14 16:44:40,174.2597448830065
2012-08-14 16:44:50,168.50390374883176
2012-08-14 16:45:01,167.12250307870417
2012-08-14 16:45:10,164.31426534644663
2012-08-14 16:45:21,159.96749540265213
2012-08-14 16:45:30,156.90569310587313
2012-08-14 16:45:40,151.29038985530397
2012-08-14 16:45:51,145.31380226234361
2012-08-14 16:46:00,141.05894746417349
2012-08-14 16:46:11,135.2163368163234
2012-08-14 16:46:20,134.16993354898182
2012-08-14 16:46:30,132.53067703518465
2012-08-14 16:46:41,126.61040990306466
2012-08-14 16:46:50,119.3716822075807
2012-08-14 16:47:01,117.47114378450424
2012-08-14 16:47:11,118.14199723397111
2012-08-14 16:47:20,117.86607679757277
2012-08-14 16:47:31,117.80930765100842
2012-08-14 16:47:40,117.81067289442703
2012-08-14 16:47:51,117.34703759328615
2012-08-14 16:48:01,117.18292221575062
2012-08-14 16:48:10,116.87786937215338
2012-08-14 16:48:21,116.6503844408004
2012-08-14 16:48:30,115.80638347555033
2012-08-14 16:48:41,116.50691289997347
2012-08-14 16:48:51,116.30274480893868
2012-08-14 16:49:00,116.4099701930482
2012-08-14 16:49:11,110.75939737462838
2012-08-14 16:49:20,106.5075937363813
2012-08-14 16:49:30,105.37961254999706
2012-08-14 16:49:41,104.19734976529018
2012-08-14 16:49:50,104.15555212405211
2012-08-14 16:50:01,103.14733452545289
2012-08-14 16:50:10,102.74020329380964
2012-08-14 16:50:20,100.62789879214853
2012-08-14 16:50:31,99.38759045108304
2012-08-14 16:50:40,99.04272970996382
2012-08-14 16:50:51,97.7899648422769
2012-08-14 16:51:01,97.87746577944107
2012-08-14 16:51:10,97.80384804274868
2012-08-14 16:51:21,98.50415411901302
2012-08-14 16:51:30,98.69630661729535
2012-08-14 16:51:41,99.36932700645914
2012-08-14 16:51:51,97.93338836389931
2012-08-14 16:52:00,94.99431738868915
2012-08-14 16:52:11,92.65533589960064
2012-08-14 16:52:20,92.72613861847611
2012-08-14 16:52:31,90.27976106219235
2012-08-14 16:52:41,88.46810505347834
2012-08-14 16:52:50,87.00094734118368
2012-08-14 16:53:01,87.0989309512294
2012-08-14 16:53:10,86.5933469230387
2012-08-14 16:53:21,86.74080470086368
2012-08-14 16:53:31,84.7815951799984
2012-08-14 16:53:40,83.44638736585232
2012-08-14 16:53:51,82.67255918561968
2012-08-14 16:54:00,78.90746070444106
2012-08-14 16:54:10,78.1481934815963
2012-08-14 16:54:21,79.48200389846717
2012-08-14 16:54:30,80.9656573939224
2012-08-14 16:54:41,79.3573738591819
2012-08-14 16:54:50,79.30937709454956
2012-08-14 16:55:00,80.77326694580985
2012-08-14 16:55:11,78.91592693791839
2012-08-14 16:55:20,79.29476178845414
2012-08-14 16:55:31,79.25615728460627
2012-08-14 16:55:41,79.88330149861628
2012-08-14 16:55:50,78.62920509080091
2012-08-14 16:56:01,75.32717749347681
2012-08-14 16:56:10,75.43889032800685
2012-08-14 16:56:21,79.77090130040469
2012-08-14 16:56:31,81.41004334623162
2012-08-14 16:56:40,81.51565794572798
2012-08-14 16:56:51,80.47041491085704
2012-08-14 16:57:00,80.07013069355527
2012-08-14 16:57:11,80.09751593220754
2012-08-14 16:57:21,79.80006170220888
2012-08-14 16:57:30,80.16946497707434
2012-08-14 16:57:41,77.86169892692685
2012-08-14 16:57:50,78.16505582142155
2012-08-14 16:58:00,80.95135700753984
2012-08-14 16:58:11,80.99815545166383
2012-08-14 16:58:20,81.29786702427275
2012-08-14 16:58:31,81.54304491459982
2012-08-14 16:58:40,80.9158494287561
2012-08-14 16:58:50,80.01105111439597
2012-08-14 16:59:01,79.5364690722024
2012-08-14 16:59:10,78.22785160996364
2012-08-14 16:59:21,71.73961950905705
2012-08-14 16:59:30,61.91013957458551
2012-08-14 16:59:40,60.126026435920025
2012-08-14 16:59:51,59.70490647044539
2012-08-14 17:00:00,60.19810132140243
2012-08-14 17:00:11,62.72994078292636
2012-08-14 17:00:21,54.01472367121216
2012-08-14 17:00:30,56.90345144730802
2012-08-14 17:00:41,63.69731438092717
2012-08-14 17:00:50,65.37953891521065
2012-08-14 17:01:01,66.58288208649923
2012-08-14 17:01:11,64.49311917185949
2012-08-14 17:01:20,64.51212107062838
2012-08-14 17:01:31,65.18703276590384
2012-08-14 17:01:40,65.42951216935052
2012-08-14 17:01:51,68.1612011656422
2012-08-14 17:02:01,67.03391478348716
2012-08-14 17:02:10,65.6807697490071
2012-08-14 17:02:21,64.22910524445423
2012-08-14 17:02:30,62.51559608490333
2012-08-14 17:02:40,63.13665677616449
2012-08-14 17:02:51,63.11960765314711
2012-08-14 17:03:00,62.88402294163887
2012-08-14 17:03:11,60.76444903738416
2012-08-14 17:03:20,59.27859733412222
2012-08-14 17:03:30,61.12534313738677
2012-08-14 17:03:41,62.23390442355173
2012-08-14 17:03:50,63.17814204364297
2012-08-14 17:04:01,65.39656071117936
2012-08-14 17:04:10,62.73555975364378
2012-08-14 17:04:20,60.841030708784025
2012-08-14 17:04:31,59.903540862220105
2012-08-14 17:04:40,60.131527733585045
2012-08-14 17:04:51,61.33011073021657
2012-08-14 17:05:01,61.992126376855914
2012-08-14 17:05:10,60.84393576199599
2012-08-14 17:05:21,59.01309410376301
2012-08-14 17:05:30,58.33885920754239
2012-08-14 17:05:41,57.280061070958986
2012-08-14 17:05:51,57.205955290252724
2012-08-14 17:06:00,58.02604886270788
2012-08-14 17:06:11,57.427594747015135
2012-08-14 17:06:20,59.92135016689377
2012-08-14 17:06:31,59.62140353369005
2012-08-14 17:06:41,60.673059178116176
2012-08-14 17:06:50,60.718838702380054
2012-08-14 17:07:01,58.96574384177692
2012-08-14 17:07:10,58.4158516756571
2012-08-14 17:07:20,57.83963286670249
2012-08-14 17:07:31,57.426191312076874
2012-08-14 17:07:40,58.10252823042003
2012-08-14 17:07:51,58.12859861464684
2012-08-14 17:08:00,57.68652530971664
2012-08-14 17:08:10,57.01420724735694
2012-08-14 17:08:21,55.99088159957899
2012-08-14 17:08:30,57.00155946395359
2012-08-14 17:08:41,58.59183166223052
2012-08-14 17:08:50,58.52447389638565
2012-08-14 17:09:00,57.41104038931092
2012-08-14 17:09:11,55.63001221266389
2012-08-14 17:09:20,56.84930990397748
2012-08-14 17:09:31,58.580384416231716
2012-08-14 17:09:41,58.405793150961436
2012-08-14 17:09:50,59.280316414949986
2012-08-14 17:10:01,53.298434918921075
2012-08-14 17:10:10,57.66687521665149
2012-08-14 17:10:21,63.91005153368871
2012-08-14 17:10:31,66.81155734515168
2012-08-14 17:10:40,63.20922821628478
2012-08-14 17:10:51,63.31801336828677
2012-08-14 17:11:00,63.72975417892318
2012-08-14 17:11:11,65.13741037743199
2012-08-14 17:11:21,67.51380515672331
2012-08-14 17:11:30,65.1446056864076
2012-08-14 17:11:41,66.1275561630474
2012-08-14 17:11:50,66.88932613138748
2012-08-14 17:12:00,70.920850167416
2012-08-14 17:12:11,71.12011534779272
2012-08-14 17:12:20,69.17836711470754
2012-08-14 17:12:31,68.22519753670754
2012-08-14 17:12:40,66.52931169932069
2012-08-14 17:12:50,63.50389760921116
2012-08-14 17:13:01,67.10790332270125
2012-08-14 17:13:10,72.15551212951647
2012-08-14 17:13:21,68.84860181821479
2012-08-14 17:13:31,67.39304451378614
2012-08-14 17:13:40,65.02674957774659
2012-08-14 17:13:51,65.27437584505998
2012-08-14 17:14:00,65.05669092786434
2012-08-14 17:14:11,66.55040432948911
2012-08-14 17:14:21,67.60913773411677
2012-08-14 17:14:30,67.99014659838102
2012-08-14 17:14:41,65.78490747709223
2012-08-14 17:14:50,66.20087305368835
2012-08-14 17:15:01,65.82020673129966
2012-08-14 17:15:11,63.93357034018157
2012-08-14 17:15:20,64.61702454518596
2012-08-14 17:15:31,59.653607703600784
2012-08-14 17:15:40,56.753781212206604
2012-08-14 17:15:51,48.641100037389705
2012-08-14 17:16:01,42.910135429378535
2012-08-14 17:16:10,35.28316447260966
2012-08-14 17:16:21,29.29811465078934
2012-08-14 17:16:30,28.23339700899964
2012-08-14 17:16:40,28.67322935661171
2012-08-14 17:16:51,28.189839272807163
2012-08-14 17:17:00,27.04963457823122
2012-08-14 17:17:11,24.53267545893835
2012-08-14 17:17:20,22.97136548574009
2012-08-14 17:17:30,21.88957069171379
2012-08-14 17:17:41,20.167053287391173
2012-08-14 17:17:50,21.580127665052864
2012-08-14 17:18:01,23.62763015453514
2012-08-14 17:18:11,24.092254168678988
2012-08-14 17:18:20,27.31416922314981
2012-08-14 17:18:31,31.05019538061568
2012-08-14 17:18:40,33.01957022509237
2012-08-14 17:18:51,33.120438093430664
2012-08-14 17:19:01,32.06407111237391
2012-08-14 17:19:10,33.035077511720125
2012-08-14 17:19:21,31.36636218108061
2012-08-14 17:19:30,31.509472215007232
2012-08-14 17:19:41,31.025448976623014
2012-08-14 17:19:51,30.586782615214002
2012-08-14 17:20:00,29.92860547014222
2012-08-14 17:20:11,28.941597631627026
2012-08-14 17:20:20,29.47526166406825
2012-08-14 17:20:30,29.734358191159426
2012-08-14 17:20:41,29.640420708309502
2012-08-14 17:20:50,29.974595647902305
2012-08-14 17:21:01,31.192130312779266
2012-08-14 17:21:10,30.90804181618465
2012-08-14 17:21:20,30.73776573984726
2012-08-14 17:21:31,30.016538682529582
2012-08-14 17:21:40,29.016040041949765
2012-08-14 17:21:51,28.72957883219648
2012-08-14 17:22:00,29.767940207462523
2012-08-14 17:22:10,31.639162396834422
2012-08-14 17:22:21,32.60762781639451
2012-08-14 17:22:30,33.03563806347026
2012-08-14 17:22:41,33.69901646310256
2012-08-14 17:22:51,34.233825559630816
2012-08-14 17:23:00,32.224669137405044
2012-08-14 17:23:11,30.756089101421356
2012-08-14 17:23:20,30.209689044840783
2012-08-14 17:23:31,33.28681081589154
2012-08-14 17:23:41,33.31982308833809
2012-08-14 17:23:50,31.396285660734666
2012-08-14 17:24:01,30.11270605745708
2012-08-14 17:24:10,28.095615711946746
2012-08-14 17:24:21,28.56878579692054
2012-08-14 17:24:31,29.259701579392033
2012-08-14 17:24:40,30.415245739378285
2012-08-14 17:24:51,31.84479783807415
2012-08-14 17:25:00,31.3285135715118
2012-08-14 17:25:10,29.643929696424646
2012-08-14 17:25:21,27.680643588810927
2012-08-14 17:25:30,28.743680779750576
2012-08-14 17:25:41,28.722312126596616
2012-08-14 17:25:50,29.06952434774139
2012-08-14 17:26:00,29.37760730535643
2012-08-14 17:26:11,28.89197559711802
2012-08-14 17:26:20,29.14962757239355
2012-08-14 17:26:31,29.68317406961629
2012-08-14 17:26:40,29.91858717540166
2012-08-14 17:26:50,35.925804370129605
2012-08-14 17:27:01,40.39714968499369
2012-08-14 17:27:10,46.70509622529486
2012-08-14 17:27:21,49.158296484729746
2012-08-14 17:27:31,51.219199733544066
2012-08-14 17:27:40,49.57649039667102
2012-08-14 17:27:51,49.842391339870495
2012-08-14 17:28:00,50.47190161251419
2012-08-14 17:28:11,49.806395979157564
2012-08-14 17:28:21,48.70469234948286
2012-08-14 17:28:30,51.60883048542457
2012-08-14 17:28:41,53.49726207078987
2012-08-14 17:28:50,52.32118697100335
2012-08-14 17:29:01,49.268248450150864
2012-08-14 17:29:11,49.08590122960761
2012-08-14 17:29:20,48.43458279024184
2012-08-14 17:29:31,47.06383480806871
2012-08-14 17:29:40,46.95272885442851
2012-08-14 17:29:50,43.77235718374087
2012-08-14 17:30:01,44.89658218666704
2012-08-14 17:30:10,46.777796991502434
2012-08-14 17:30:21,44.415730439290925
2012-08-14 17:30:30,44.39357223033377
2012-08-14 17:30:40,44.5686101124506
2012-08-14 17:30:51,45.44938289899743
2012-08-14 17:31:00,45.41171829578518
2012-08-14 17:31:11,46.17344017657367
2012-08-14 17:31:20,45.34487891444175
2012-08-14 17:31:30,44.151492651010344
2012-08-14 17:31:41,42.833454871491796
2012-08-14 17:31:50,44.33670108711407
2012-08-14 17:32:01,45.217894122537885
2012-08-14 17:32:11,47.22060632656518
2012-08-14 17:32:20,47.73551278168161
2012-08-14 17:32:31,47.377798663892754
2012-08-14 17:32:40,47.009050358417824
2012-08-14 17:32:51,46.414356905203746
2012-08-14 17:33:01,45.59519411198038
2012-08-14 17:33:10,44.6950108503366
2012-08-14 17:33:21,45.764064847696844
2012-08-14 17:33:30,46.032082605765595
2012-08-14 17:33:41,45.59095295451817
2012-08-14 17:33:51,45.09251450535838
2012-08-14 17:34:00,44.57059419019427
2012-08-14 17:34:11,45.03361071884285
2012-08-14 17:34:20,45.36081301182786
2012-08-14 17:34:30,45.6363098256105
2012-08-14 17:34:41,45.77596257956698
2012-08-14 17:34:50,45.539443355407855
2012-08-14 17:35:01,45.18082836488452
2012-08-14 17:35:10,44.68736988023373
2012-08-14 17:35:20,44.995748037155494
2012-08-14 17:35:31,44.84877670293473
2012-08-14 17:35:40,42.16043230532495
2012-08-14 17:35:51,43.91760548097875
2012-08-14 17:36:01,41.82493852582545
2012-08-14 17:36:10,39.371508284185076
2012-08-14 17:36:21,34.598491509000276
2012-08-14 17:36:30,35.59655364724303
2012-08-14 17:36:41,36.65944399933361
2012-08-14 17:36:51,35.29065489938211
2012-08-14 17:37:00,40.70494182345274
2012-08-14 17:37:11,45.64454274372251
2012-08-14 17:37:20,48.9381933443869
2012-08-14 17:37:31,50.659953206788984
2012-08-14 17:37:41,51.10545089014363
2012-08-14 17:37:50,52.035156339978315
2012-08-14 17:38:01,54.867619145644234
2012-08-14 17:38:10,55.76906343522597
2012-08-14 17:38:21,59.38648448177569
2012-08-14 17:38:31,70.64200032032261
2012-08-14 17:38:40,71.51658095008024
2012-08-14 17:38:51,71.56860486697431
2012-08-14 17:39:00,71.24366394624101
2012-08-14 17:39:10,70.55953028561434
2012-08-14 17:39:21,70.72419710174411
2012-08-14 17:39:30,71.31486818145233
2012-08-14 17:39:41,71.46822697250641
2012-08-14 17:39:50,70.29937366283974
2012-08-14 17:40:00,69.41468655314021
2012-08-14 17:40:11,71.30515181466447
2012-08-14 17:40:20,71.87732007110571
2012-08-14 17:40:31,71.7965092728345
2012-08-14 17:40:41,72.49658645278903
2012-08-14 17:40:50,75.57811401762439
2012-08-14 17:41:01,80.87537239350995
2012-08-14 17:41:10,82.84815894509485
2012-08-14 17:41:21,82.86205935534282
2012-08-14 17:41:31,88.66879410467322
2012-08-14 17:41:40,89.58544413674193
2012-08-14 17:41:51,89.58939295089408
2012-08-14 17:42:00,89.32338367578646
2012-08-14 17:42:11,88.88198712367087
2012-08-14 17:42:21,89.30553341498799
2012-08-14 17:42:30,89.4935679337096
2012-08-14 17:42:41,90.9172978035932
2012-08-14 17:42:50,91.42272112952453
2012-08-14 17:43:00,91.24953371474848
2012-08-14 17:43:11,90.08728738095401
2012-08-14 17:43:20,89.22533725567857
2012-08-14 17:43:31,88.81460465800092
2012-08-14 17:43:40,88.93776882821263
2012-08-14 17:43:50,88.83248460279461
2012-08-14 17:44:01,89.10895442628303
2012-08-14 17:44:10,89.23849134234622
2012-08-14 17:44:21,89.20454890397048
2012-08-14 17:44:30,88.16768837502883
2012-08-14 17:44:40,88.69808741077605
2012-08-14 17:44:51,89.33060433325964
2012-08-14 17:45:00,89.75327346008002
2012-08-14 17:45:11,89.75410845350106
2012-08-14 17:45:21,90.32507879133452
2012-08-14 17:45:30,90.92093287558522
2012-08-14 17:45:41,92.7105088429128
2012-08-14 17:45:50,92.44101424314029
2012-08-14 17:46:01,92.428532088425
2012-08-14 17:46:11,91.34007879298399
2012-08-14 17:46:20,90.46828936875619
2012-08-14 17:46:31,91.06179967130443
2012-08-14 17:46:40,91.50319910106789
2012-08-14 17:46:51,90.84606788308099
2012-08-14 17:47:01,90.56766227394085
2012-08-14 17:47:10,90.6044215873045
2012-08-14 17:47:21,93.94397408478828
2012-08-14 17:47:30,95.32434129122194
2012-08-14 17:47:40,95.44087476099115
2012-08-14 17:47:51,94.45524963904667
2012-08-14 17:48:00,94.92232267713378
2012-08-14 17:48:11,94.24526742986193
2012-08-14 17:48:20,95.63615168310982
2012-08-14 17:48:30,96.04134433088116
2012-08-14 17:48:41,93.32179304726856
2012-08-14 17:48:50,90.34722317729
2012-08-14 17:49:01,89.75219492795085
2012-08-14 17:49:10,88.30720427212472
2012-08-14 17:49:20,86.37361751024758
2012-08-14 17:49:31,86.20275716781785
2012-08-14 17:49:40,82.7817597585107
2012-08-14 17:49:51,80.28320333851464
2012-08-14 17:50:01,80.37719567542203
2012-08-14 17:50:10,80.02527313927467
2012-08-14 17:50:21,78.84148295486403
2012-08-14 17:50:30,76.07690280097606
2012-08-14 17:50:41,72.46966274651507
2012-08-14 17:50:51,71.50053413607152
2012-08-14 17:51:00,71.4674651042358
2012-08-14 17:51:11,69.44200556090848
2012-08-14 17:51:20,69.45074516154405
2012-08-14 17:51:31,69.8064194151197
2012-08-14 17:51:41,70.44172207730709
2012-08-14 17:51:50,61.02386764239044
2012-08-14 17:52:01,53.227359275893804
2012-08-14 17:52:10,54.19279322823296
2012-08-14 17:52:20,54.91841792595409
2012-08-14 17:52:31,54.7551105339326
2012-08-14 17:52:40,55.639631439561356
2012-08-14 17:52:51,56.097647492441325
2012-08-14 17:53:00,55.839033768417515
2012-08-14 17:53:10,55.33075446859164
2012-08-14 17:53:21,55.261223913157316
2012-08-14 17:53:30,54.20690343701359
2012-08-14 17:53:41,54.514404451103005
2012-08-14 17:53:50,53.343850009812165
2012-08-14 17:54:00,53.945051067116076
2012-08-14 17:54:11,54.11813075605832
2012-08-14 17:54:20,53.78610273930587
2012-08-14 17:54:31,54.25791594801034
2012-08-14 17:54:41,53.61480736081935
2012-08-14 17:54:50,53.956615230022365
2012-08-14 17:55:01,54.69263005362721
2012-08-14 17:55:10,54.39537894404375
2012-08-14 17:55:21,53.789026057402566
2012-08-14 17:55:31,52.90277639033122
2012-08-14 17:55:40,53.31875910052253
2012-08-14 17:55:51,53.69302039297926
2012-08-14 17:56:00,54.23334884979002
2012-08-14 17:56:11,54.91281644525322
2012-08-14 17:56:21,55.231085906470305
2012-08-14 17:56:30,53.63870100565102
2012-08-14 17:56:41,52.019394665008356
2012-08-14 17:56:50,52.307790153093045
2012-08-14 17:57:00,51.50293501816456
2012-08-14 17:57:11,53.03194119723411
2012-08-14 17:57:20,52.773047362359804
2012-08-14 17:57:31,52.87326274421811
2012-08-14 17:57:40,53.755395148283455
2012-08-14 17:57:50,53.96910599768912
2012-08-14 17:58:01,53.639406297830035
2012-08-14 17:58:10,53.86417645822436
2012-08-14 17:58:21,53.74952735617453
2012-08-14 17:58:31,53.69161069876901
2012-08-14 17:58:40,53.70233638217627
2012-08-14 17:58:51,53.27361440975538
