time,distance
2012-08-27 06:00:51,4.006589424430991
2012-08-27 06:01:01,2.7698689559843146
2012-08-27 06:01:10,2.318483626590346
2012-08-27 06:01:21,2.3899625490993412
2012-08-27 06:01:30,2.031966348603759
2012-08-27 06:01:40,1.8550587240006418
2012-08-27 06:01:51,3.7254058109788093
2012-08-27 06:02:00,4.730313735567874
2012-08-27 06:02:11,4.627928406406683
2012-08-27 06:02:20,4.813971170250283
2012-08-27 06:02:30,5.282927696688466
2012-08-27 06:02:41,5.508041408790843
2012-08-27 06:02:50,5.324900193615755
2012-08-27 06:03:01,4.4345879655696505
2012-08-27 06:03:11,3.072188479812289
2012-08-27 06:03:20,3.2811119081531777
2012-08-27 06:03:31,4.459245225890596
2012-08-27 06:03:40,3.7320554844727165
2012-08-27 06:03:51,5.299885380009745
2012-08-27 06:04:01,5.020505448454133
2012-08-27 06:04:10,5.315147170186995
2012-08-27 06:04:21,4.316795902638068
2012-08-27 06:04:30,4.472552261165019
2012-08-27 06:04:41,5.562864145791584
2012-08-27 06:04:51,5.582978652675547
2012-08-27 06:05:00,8.635123304834023
2012-08-27 06:05:11,8.304673523134383
2012-08-27 06:05:20,11.173212393101613
2012-08-27 06:05:30,8.762777732912221
2012-08-27 06:05:41,7.656356641423435
2012-08-27 06:05:50,7.322877397309223
2012-08-27 06:06:01,4.958513804665563
2012-08-27 06:06:10,3.6385731687818685
2012-08-27 06:06:20,7.106507641375647
2012-08-27 06:06:31,3.8078811645269006
2012-08-27 06:06:40,3.383462773806389
2012-08-27 06:06:51,6.09832195074176
2012-08-27 06:07:00,7.242930058319737
2012-08-27 06:07:10,5.9542809437591595
2012-08-27 06:07:21,9.091529338102971
2012-08-27 06:07:30,8.858137338338528
2012-08-27 06:07:41,9.396833248866855
2012-08-27 06:07:51,10.28613077828392
2012-08-27 06:08:00,8.947234980225838
2012-08-27 06:08:11,7.936234810922777
2012-08-27 06:08:20,6.480891553018001
2012-08-27 06:08:31,8.145164141324148
2012-08-27 06:08:41,8.139449085622312
2012-08-27 06:08:50,8.456001711924978
2012-08-27 06:09:01,8.256701298047329
2012-08-27 06:09:10,9.196866016556541
2012-08-27 06:09:21,11.65986083344939
2012-08-27 06:09:31,7.949516709452457
2012-08-27 06:09:40,5.793531677083413
2012-08-27 06:09:51,7.6729312427616145
2012-08-27 06:10:00,7.8030447446267575
2012-08-27 06:10:10,11.169672897614275
2012-08-27 06:10:21,13.938789439130156
2012-08-27 06:10:30,11.961312532130203
2012-08-27 06:10:41,10.386900277560477
2012-08-27 06:10:50,10.7439324595539
2012-08-27 06:11:00,11.165998928198244
2012-08-27 06:11:11,10.767329553115044
2012-08-27 06:11:20,8.890097275326589
2012-08-27 06:11:31,11.044148133093408
2012-08-27 06:11:40,11.628409169930132
2012-08-27 06:11:50,12.488372850496487
2012-08-27 06:12:01,11.115804967688192
2012-08-27 06:12:10,10.380926259654531
2012-08-27 06:12:21,11.172887101467909
2012-08-27 06:12:31,7.35432073935395
2012-08-27 06:12:40,5.3104784142965205
2012-08-27 06:12:51,6.198758203401116
2012-08-27 06:13:00,3.65982461113468
2012-08-27 06:13:11,8.242498200167224
2012-08-27 06:13:21,7.773943288874206
2012-08-27 06:13:30,6.065272704555432
2012-08-27 06:13:41,8.11192917136586
2012-08-27 06:13:50,7.971204165960503
2012-08-27 06:14:01,9.513449797355214
2012-08-27 06:14:11,8.300646979964727
2012-08-27 06:14:20,8.823229439963617
2012-08-27 06:14:31,8.792674821741471
2012-08-27 06:14:40,9.894670255650771
2012-08-27 06:14:50,10.129839494088731
2012-08-27 06:15:01,8.384068965697194
2012-08-27 06:15:10,7.087511616533714
2012-08-27 06:15:21,7.241261510492533
2012-08-27 06:15:30,7.649932233718049
2012-08-27 06:15:40,8.425671037126055
2012-08-27 06:15:51,9.901271116464319
2012-08-27 06:16:00,12.13079468787438
2012-08-27 06:16:11,12.938990647518828
2012-08-27 06:16:20,12.764504944179023
2012-08-27 06:16:30,13.412388828057468
2012-08-27 06:16:41,12.570746563765791
2012-08-27 06:16:50,12.082012320265573
2012-08-27 06:17:01,11.479606765941073
2012-08-27 06:17:11,10.537128066005442
2012-08-27 06:17:20,10.889157070657808
2012-08-27 06:17:31,11.022631353265199
2012-08-27 06:17:40,10.399621920067723
2012-08-27 06:17:51,11.156729247783979
2012-08-27 06:18:01,11.40962990769866
2012-08-27 06:18:10,10.788067945912944
2012-08-27 06:18:21,8.88332891254712
2012-08-27 06:18:30,8.108515404990658
2012-08-27 06:18:41,8.15916502074137
2012-08-27 06:18:51,15.129333474445291
2012-08-27 06:19:00,7.416750362418941
2012-08-27 06:19:11,6.335169807425877
2012-08-27 06:19:20,6.487337299626968
2012-08-27 06:19:30,12.732702802715448
2012-08-27 06:19:41,27.565273660279875
2012-08-27 06:19:50,17.820358134186236
2012-08-27 06:20:01,15.270585090748227
2012-08-27 06:20:10,12.288993009020569
2012-08-27 06:20:20,8.30950257808604
2012-08-27 06:20:31,7.770411217657337
2012-08-27 06:20:40,6.186198321573675
2012-08-27 06:20:51,37.71882827489569
2012-08-27 06:21:01,26.209138214266634
2012-08-27 06:21:10,18.884003664339225
2012-08-27 06:21:21,11.515406599637078
2012-08-27 06:21:30,5.813471906858233
2012-08-27 06:21:41,4.002869438968221
2012-08-27 06:21:51,4.27908067430169
2012-08-27 06:22:00,5.465941761557701
2012-08-27 06:22:11,7.138388887537248
2012-08-27 06:22:20,6.85472430573025
2012-08-27 06:22:31,8.016199007248607
2012-08-27 06:22:41,6.677265423036419
2012-08-27 06:22:50,3.90253810547546
2012-08-27 06:23:01,4.323571846796537
2012-08-27 06:23:10,4.819401312596836
2012-08-27 06:23:21,5.962581944298139
2012-08-27 06:23:31,7.204693766293965
2012-08-27 06:23:40,6.071397757578166
2012-08-27 06:23:51,4.767171421998673
2012-08-27 06:24:00,3.763345557350636
2012-08-27 06:24:10,6.460167243847073
2012-08-27 06:24:21,11.602455345311238
2012-08-27 06:24:30,11.765599641104986
2012-08-27 06:24:41,10.834848180686304
2012-08-27 06:24:50,12.436851747001825
2012-08-27 06:25:00,10.367283375831285
2012-08-27 06:25:11,7.001746300178865
2012-08-27 06:25:20,8.152869770539915
2012-08-27 06:25:31,8.965443939140952
2012-08-27 06:25:41,9.35459136496991
2012-08-27 06:25:50,11.802997112811783
2012-08-27 06:26:01,7.065958166245646
2012-08-27 06:26:10,6.328135924575845
2012-08-27 06:26:21,9.380877106703084
2012-08-27 06:26:31,8.560228380413239
2012-08-27 06:26:40,7.938607871077598
2012-08-27 06:26:51,8.873612635053831
2012-08-27 06:27:00,12.271707604223325
2012-08-27 06:27:11,10.012104329217268
2012-08-27 06:27:21,9.908411633565558
2012-08-27 06:27:30,12.877688071305174
2012-08-27 06:27:41,10.696143105920981
2012-08-27 06:27:50,10.409388829562523
2012-08-27 06:28:00,11.145377769606855
2012-08-27 06:28:11,9.38998340801621
2012-08-27 06:28:20,9.446725771312405
2012-08-27 06:28:31,8.537410376080228
2012-08-27 06:28:40,4.278200186393573
2012-08-27 06:28:50,3.4439488916576884
2012-08-27 06:29:01,3.180743254511617
2012-08-27 06:29:10,5.307452847051821
2012-08-27 06:29:21,3.759665478445644
2012-08-27 06:29:30,2.767628631090885
2012-08-27 06:29:40,3.630232162278235
2012-08-27 06:29:51,2.8634874345045556
2012-08-27 06:30:00,1.630339327164283
2012-08-27 06:30:11,4.154522933420748
2012-08-27 06:30:21,5.07656894954642
2012-08-27 06:30:30,6.585333117043015
2012-08-27 06:30:41,4.318591128151101
2012-08-27 06:30:50,5.423816555488926
2012-08-27 06:31:01,7.187221920783917
2012-08-27 06:31:11,6.740443631541657
2012-08-27 06:31:20,7.5628951910207105
2012-08-27 06:31:31,5.160260371434908
2012-08-27 06:31:40,15.480452898465597
2012-08-27 06:31:51,15.309596932725697
2012-08-27 06:32:01,14.656229594509643
2012-08-27 06:32:10,12.38124483452708
2012-08-27 06:32:21,9.093093827394588
2012-08-27 06:32:30,9.220074761216289
2012-08-27 06:32:40,10.388958261823253
2012-08-27 06:32:51,14.12373335237336
2012-08-27 06:33:00,13.382098027253727
2012-08-27 06:33:11,6.458994032867162
2012-08-27 06:33:20,16.8604800470025
2012-08-27 06:33:30,17.789766862625374
2012-08-27 06:33:41,19.318342799861473
2012-08-27 06:33:50,18.62848528355958
2012-08-27 06:34:01,18.295437166361104
2012-08-27 06:34:10,17.932072608264534
2012-08-27 06:34:20,17.229094444469958
2012-08-27 06:34:31,17.5800501657039
2012-08-27 06:34:40,18.13709021609183
2012-08-27 06:34:51,18.53305517563981
2012-08-27 06:35:01,18.810258594845173
2012-08-27 06:35:10,17.449541307330655
2012-08-27 06:35:21,24.36826433958005
2012-08-27 06:35:30,14.135253462280877
2012-08-27 06:35:41,13.714708549414869
2012-08-27 06:35:51,20.309270788258605
2012-08-27 06:36:00,19.406210023807496
2012-08-27 06:36:11,18.617031910426103
2012-08-27 06:36:20,21.6068687179416
2012-08-27 06:36:31,20.372473766751128
2012-08-27 06:36:41,20.412001686226468
2012-08-27 06:36:50,19.430784386049638
2012-08-27 06:37:01,15.567764999836701
2012-08-27 06:37:10,14.684344579522227
2012-08-27 06:37:20,27.165199163251703
2012-08-27 06:37:31,38.54114506489907
2012-08-27 06:37:40,46.05270518405184
2012-08-27 06:37:51,59.07311305402524
2012-08-27 06:38:00,77.88830666176057
2012-08-27 06:38:10,84.45332015198198
2012-08-27 06:38:21,97.31165937825895
2012-08-27 06:38:30,116.54327216177384
2012-08-27 06:38:41,147.5526064929022
2012-08-27 06:38:50,163.78144214403252
2012-08-27 06:39:00,170.41763060116995
2012-08-27 06:39:11,172.52278609444642
2012-08-27 06:39:20,166.02774349306597
2012-08-27 06:39:31,176.3318686403204
2012-08-27 06:39:41,177.52305933376186
2012-08-27 06:39:50,177.19855875837425
2012-08-27 06:40:01,177.43466394827234
2012-08-27 06:40:10,178.5822105559634
2012-08-27 06:40:21,177.65608494887567
2012-08-27 06:40:31,177.6717484548505
2012-08-27 06:40:40,176.11029519568544
2012-08-27 06:40:51,166.3237284122264
2012-08-27 06:41:00,166.6156238880129
2012-08-27 06:41:11,171.34991955767825
2012-08-27 06:41:21,168.73120960037824
2012-08-27 06:41:30,170.32416227345314
2012-08-27 06:41:41,171.9000304806698
2012-08-27 06:41:50,172.84801527004532
2012-08-27 06:42:00,173.1232553303063
2012-08-27 06:42:11,168.28492160465666
2012-08-27 06:42:20,168.30418165674928
2012-08-27 06:42:31,169.21215371079876
2012-08-27 06:42:40,172.01604125352432
2012-08-27 06:42:50,172.85967619963134
2012-08-27 06:43:01,173.38673349221045
2012-08-27 06:43:10,174.4295195193807
2012-08-27 06:43:21,175.15614871865455
2012-08-27 06:43:31,182.1407349923021
2012-08-27 06:43:40,179.55879054700262
2012-08-27 06:43:51,180.10486414889277
2012-08-27 06:44:00,180.51709259651062
2012-08-27 06:44:11,182.5573371388535
2012-08-27 06:44:21,179.88927610040082
2012-08-27 06:44:30,178.70631671551746
2012-08-27 06:44:41,174.3962533624071
2012-08-27 06:44:50,178.8836585029661
2012-08-27 06:45:01,178.04421158368137
2012-08-27 06:45:11,180.0780953601454
2012-08-27 06:45:20,178.48444836771998
2012-08-27 06:45:31,177.70825472850504
2012-08-27 06:45:40,178.14069327881737
2012-08-27 06:45:51,179.01765527657162
2012-08-27 06:46:01,179.95165121663368
2012-08-27 06:46:10,180.86108490925122
2012-08-27 06:46:21,180.04127522900797
2012-08-27 06:46:30,174.47722213075744
2012-08-27 06:46:40,176.24586892853083
2012-08-27 06:46:51,176.53307791008345
2012-08-27 06:47:00,178.1908008912509
2012-08-27 06:47:11,178.62132042406057
2012-08-27 06:47:20,182.92900826241922
2012-08-27 06:47:30,179.49147944151778
2012-08-27 06:47:41,174.95392809225717
2012-08-27 06:47:50,174.0009857672288
2012-08-27 06:48:01,174.32516707561584
2012-08-27 06:48:11,173.74972994173922
2012-08-27 06:48:20,178.26476649966625
2012-08-27 06:48:31,177.33519092774114
2012-08-27 06:48:40,177.22319388034504
2012-08-27 06:48:51,177.3823690120208
2012-08-27 06:49:01,175.04446841082137
2012-08-27 06:49:10,175.65636300151345
2012-08-27 06:49:21,175.59722588070943
2012-08-27 06:49:30,179.4544042910159
2012-08-27 06:49:41,176.75478317322177
2012-08-27 06:49:51,176.61025022458213
2012-08-27 06:50:00,175.94007895174923
2012-08-27 06:50:11,177.26328392828066
2012-08-27 06:50:20,178.46874000553132
2012-08-27 06:50:30,177.9037126622836
2012-08-27 06:50:41,180.6920487977715
2012-08-27 06:50:50,183.61040400451165
2012-08-27 06:51:01,187.1295244639296
2012-08-27 06:51:10,192.4208049806057
2012-08-27 06:51:20,198.4603260149659
2012-08-27 06:51:31,205.39935256109166
2012-08-27 06:51:40,212.61506762225702
2012-08-27 06:51:51,211.55770857251807
2012-08-27 06:52:00,217.9674338197415
2012-08-27 06:52:10,215.9644383752704
2012-08-27 06:52:21,215.97491870333926
2012-08-27 06:52:30,215.77283122994282
2012-08-27 06:52:41,210.0169207312076
2012-08-27 06:52:51,216.02275976115416
2012-08-27 06:53:00,216.09453532103004
2012-08-27 06:53:11,216.31945458015016
2012-08-27 06:53:20,217.12604719145912
2012-08-27 06:53:31,218.11286091665943
2012-08-27 06:53:41,225.73888306029593
2012-08-27 06:53:50,224.37856932372458
2012-08-27 06:54:01,223.12545716538688
2012-08-27 06:54:10,223.2352037142142
2012-08-27 06:54:21,230.390954100126
2012-08-27 06:54:31,236.03506731861654
2012-08-27 06:54:40,243.1987876802434
2012-08-27 06:54:51,249.49724995670647
2012-08-27 06:55:00,258.23415731231574
2012-08-27 06:55:10,265.4030980289605
2012-08-27 06:55:21,274.28527147038204
2012-08-27 06:55:30,283.2256929119412
2012-08-27 06:55:41,292.3213849645103
2012-08-27 06:55:50,301.4591948728275
2012-08-27 06:56:00,306.9253662536925
2012-08-27 06:56:11,312.6610489326067
2012-08-27 06:56:20,320.21793649210304
2012-08-27 06:56:31,325.7878671372707
2012-08-27 06:56:40,328.3337715712028
2012-08-27 06:56:50,332.1825899127862
2012-08-27 06:57:01,338.67354007489564
2012-08-27 06:57:10,346.7649634508102
2012-08-27 06:57:21,354.97075250786366
2012-08-27 06:57:31,362.9913556578914
2012-08-27 06:57:40,371.28908686447977
2012-08-27 06:57:51,379.3432536537938
2012-08-27 06:58:00,387.6264965437193
2012-08-27 06:58:11,394.14357990323055
2012-08-27 06:58:21,400.0846408473809
2012-08-27 06:58:30,407.4815446330218
2012-08-27 06:58:41,412.680789355525
2012-08-27 06:58:50,420.93979688838124
2012-08-27 06:59:01,430.897193382592
2012-08-27 06:59:11,436.2389399260468
2012-08-27 06:59:20,440.5501929668516
2012-08-27 06:59:31,450.6245457454082
2012-08-27 06:59:40,458.3082482171035
2012-08-27 06:59:50,461.53883866181553
2012-08-27 07:00:01,470.4050932173517
2012-08-27 07:00:10,481.17564308402245
2012-08-27 07:00:21,488.33151516027795
2012-08-27 07:00:30,511.8767104878535
2012-08-27 07:00:40,529.7716089259256
2012-08-27 07:00:51,533.5096902857757
2012-08-27 07:01:00,535.1132158251346
2012-08-27 07:01:11,535.4791319258725
2012-08-27 07:01:20,536.1500159903873
2012-08-27 07:01:30,535.8408100743112
2012-08-27 07:01:41,536.0148425019978
2012-08-27 07:01:50,535.9784173426643
2012-08-27 07:02:01,535.4974555608086
2012-08-27 07:02:11,534.7675474831404
2012-08-27 07:02:20,535.0573563561602
2012-08-27 07:02:31,534.2081494417059
2012-08-27 07:02:40,520.5836038480064
2012-08-27 07:02:51,516.7786359944262
2012-08-27 07:03:01,517.8965721422883
2012-08-27 07:03:10,517.6861492311119
2012-08-27 07:03:21,518.1045450739762
2012-08-27 07:03:30,517.7059173008997
2012-08-27 07:03:41,517.260872768667
2012-08-27 07:03:51,517.8842774218722
2012-08-27 07:04:00,518.0033733564793
2012-08-27 07:04:11,518.292522714207
2012-08-27 07:04:20,518.4387696625946
2012-08-27 07:04:30,518.0412759997452
2012-08-27 07:04:41,517.8365447660154
2012-08-27 07:04:50,518.2577344386203
2012-08-27 07:05:01,518.2758300551272
2012-08-27 07:05:10,518.885249215154
2012-08-27 07:05:20,518.5879455994636
2012-08-27 07:05:31,517.7613132390226
2012-08-27 07:05:40,518.3201332768296
2012-08-27 07:05:51,519.6127976413181
2012-08-27 07:06:01,518.3515709856451
2012-08-27 07:06:10,518.1671541627193
2012-08-27 07:06:21,518.0830933834667
2012-08-27 07:06:30,517.7878190582716
2012-08-27 07:06:41,517.3465141651808
2012-08-27 07:06:51,518.1603100991463
2012-08-27 07:07:00,518.0969977730109
2012-08-27 07:07:11,518.2100432730954
2012-08-27 07:07:20,517.3838024578386
2012-08-27 07:07:31,514.3846015233901
2012-08-27 07:07:41,515.5857273160702
2012-08-27 07:07:50,515.9425288932647
2012-08-27 07:08:01,515.576871625939
2012-08-27 07:08:10,516.6794498391878
2012-08-27 07:08:21,516.0878203461567
2012-08-27 07:08:31,516.132080119631
2012-08-27 07:08:40,516.9470461798599
2012-08-27 07:08:51,516.4838245864316
2012-08-27 07:09:00,515.6051797062307
2012-08-27 07:09:10,516.0465564495786
2012-08-27 07:09:21,516.5088309838859
2012-08-27 07:09:30,516.2759292782449
2012-08-27 07:09:41,516.8946240716915
2012-08-27 07:09:50,516.0576616787466
2012-08-27 07:10:00,515.629302123902
2012-08-27 07:10:11,515.7338941394534
2012-08-27 07:10:20,515.8793649165957
2012-08-27 07:10:31,515.2736192517261
2012-08-27 07:10:41,514.3943475410846
2012-08-27 07:10:50,514.2313108459177
2012-08-27 07:11:01,514.5550742820876
2012-08-27 07:11:10,515.1996097494736
2012-08-27 07:11:21,515.361221976271
2012-08-27 07:11:31,515.0588421519163
2012-08-27 07:11:40,515.5416342612945
2012-08-27 07:11:51,515.6146884163362
2012-08-27 07:12:00,515.1036561569285
2012-08-27 07:12:11,515.3561174016354
2012-08-27 07:12:21,514.8433140386664
2012-08-27 07:12:30,514.5038832732587
2012-08-27 07:12:41,514.5864578472206
2012-08-27 07:12:50,515.0181363896664
2012-08-27 07:13:00,515.3938124598266
2012-08-27 07:13:11,515.5660415649729
2012-08-27 07:13:20,515.7248682782974
2012-08-27 07:13:31,515.3551454205289
2012-08-27 07:13:40,515.3019791573527
2012-08-27 07:13:50,515.5179981581995
2012-08-27 07:14:01,515.770938027386
2012-08-27 07:14:10,516.0162106746317
2012-08-27 07:14:21,515.9087107444551
2012-08-27 07:14:30,516.2034977931968
2012-08-27 07:14:40,516.3622749590673
2012-08-27 07:14:51,516.1666110905826
2012-08-27 07:15:00,516.4349938468483
2012-08-27 07:15:11,516.0141574863442
2012-08-27 07:15:21,516.5105611211588
2012-08-27 07:15:30,516.5922420455092
2012-08-27 07:15:41,516.044396126821
2012-08-27 07:15:50,515.8740133980065
2012-08-27 07:16:01,514.9255197273661
2012-08-27 07:16:11,512.0495030750062
2012-08-27 07:16:20,514.7267303378026
2012-08-27 07:16:31,515.1264295990218
2012-08-27 07:16:40,514.4844550657047
2012-08-27 07:16:51,515.584930679046
2012-08-27 07:17:01,514.8412312092325
2012-08-27 07:17:10,515.3332159179124
2012-08-27 07:17:21,514.6918821259674
2012-08-27 07:17:30,514.4134304294566
2012-08-27 07:17:40,514.460288656458
2012-08-27 07:17:51,512.0169262498656
2012-08-27 07:18:00,512.1333994469792
2012-08-27 07:18:11,511.7924927482031
2012-08-27 07:18:20,512.3201838324558
2012-08-27 07:18:30,515.6412395619285
2012-08-27 07:18:41,515.1913725303729
2012-08-27 07:18:50,515.140043098455
2012-08-27 07:19:01,515.2726728365064
2012-08-27 07:19:10,513.5989632647928
2012-08-27 07:19:20,511.035295228942
2012-08-27 07:19:31,508.4006725063661
2012-08-27 07:19:40,515.3530623032142
2012-08-27 07:19:51,513.7539854056811
2012-08-27 07:20:01,514.6202696452824
2012-08-27 07:20:10,514.8947212936039
2012-08-27 07:20:21,512.5436434905745
2012-08-27 07:20:30,513.3938755009702
2012-08-27 07:20:41,513.4566569481402
2012-08-27 07:20:51,513.5207066095203
2012-08-27 07:21:00,513.2578953780652
2012-08-27 07:21:11,513.0659054892747
2012-08-27 07:21:20,513.40102197189
2012-08-27 07:21:31,513.0322955137922
2012-08-27 07:21:41,512.7483289096475
2012-08-27 07:21:50,512.8046135733821
2012-08-27 07:22:01,513.2485741626779
2012-08-27 07:22:10,513.3050706006516
2012-08-27 07:22:20,514.1110101547208
2012-08-27 07:22:31,514.6038388150897
2012-08-27 07:22:40,513.3012215483627
2012-08-27 07:22:51,513.4346272822114
2012-08-27 07:23:00,513.1257099041325
2012-08-27 07:23:10,513.4306437862634
2012-08-27 07:23:21,513.5154801306461
2012-08-27 07:23:30,513.2173068355448
2012-08-27 07:23:41,513.4008472989273
2012-08-27 07:23:50,513.0584117694953
2012-08-27 07:24:00,512.6680911674903
2012-08-27 07:24:11,512.6939195864948
2012-08-27 07:24:20,512.8161849068719
2012-08-27 07:24:31,512.8663556788576
2012-08-27 07:24:41,513.4284207642244
2012-08-27 07:24:50,513.7649344386849
2012-08-27 07:25:01,512.8297207346967
2012-08-27 07:25:10,512.1862152370314
2012-08-27 07:25:21,512.6492039170614
2012-08-27 07:25:31,513.059395315514
2012-08-27 07:25:40,511.7837931167289
2012-08-27 07:25:51,511.9120617343127
2012-08-27 07:26:00,512.8065927380964
2012-08-27 07:26:11,512.6186383896853
2012-08-27 07:26:21,512.9008457469055
2012-08-27 07:26:30,512.8971400849019
2012-08-27 07:26:41,513.0785698724874
2012-08-27 07:26:50,513.3581550814904
2012-08-27 07:27:00,513.4058980813016
2012-08-27 07:27:11,513.1865943244417
2012-08-27 07:27:20,513.2958948773351
2012-08-27 07:27:31,513.0417151664238
2012-08-27 07:27:40,512.7538563798112
2012-08-27 07:27:50,512.7026071926266
2012-08-27 07:28:01,512.8852830908548
2012-08-27 07:28:10,512.8412678937192
2012-08-27 07:28:21,512.5633562093851
2012-08-27 07:28:31,512.5554353203078
2012-08-27 07:28:40,512.6343787796252
2012-08-27 07:28:51,512.6982515303382
2012-08-27 07:29:00,512.9199354794214
2012-08-27 07:29:11,512.92973821868
2012-08-27 07:29:21,513.3187275059245
2012-08-27 07:29:30,513.4318778437646
2012-08-27 07:29:41,513.7140353567576
2012-08-27 07:29:50,513.7745511820266
2012-08-27 07:30:01,513.5952606223866
2012-08-27 07:30:11,513.3633912491364
2012-08-27 07:30:20,515.1320431346971
2012-08-27 07:30:31,514.0840877120884
2012-08-27 07:30:40,513.2205435815208
2012-08-27 07:30:51,514.0406690871727
2012-08-27 07:31:01,514.4041609096889
2012-08-27 07:31:10,512.7284476948017
2012-08-27 07:31:21,512.490304708813
2012-08-27 07:31:30,513.0145824802386
2012-08-27 07:31:40,512.9372540027051
2012-08-27 07:31:51,512.9004899165319
2012-08-27 07:32:00,512.9581691836482
2012-08-27 07:32:11,513.1588769034294
2012-08-27 07:32:20,513.3332753425215
2012-08-27 07:32:30,513.1461672629696
2012-08-27 07:32:41,513.3520373323435
2012-08-27 07:32:50,513.7785199520249
2012-08-27 07:33:01,513.6046534445172
2012-08-27 07:33:11,513.1297165292277
2012-08-27 07:33:20,513.3896566811368
2012-08-27 07:33:31,513.8587531401718
2012-08-27 07:33:40,513.2130662011599
2012-08-27 07:33:51,512.7415622854276
2012-08-27 07:34:01,511.8233931560445
2012-08-27 07:34:10,512.3858513937678
2012-08-27 07:34:21,512.9351917590902
2012-08-27 07:34:30,513.3245720615777
2012-08-27 07:34:41,513.1410072121381
2012-08-27 07:34:51,512.5799731931093
2012-08-27 07:35:00,512.006396056053
2012-08-27 07:35:11,512.337000165823
2012-08-27 07:35:20,512.6069877784843
2012-08-27 07:35:30,512.3010141059108
2012-08-27 07:35:41,512.3154082029199
2012-08-27 07:35:50,512.2718322199038
2012-08-27 07:36:01,512.3330884425158
2012-08-27 07:36:10,513.1392260119138
2012-08-27 07:36:20,515.8040898057918
2012-08-27 07:36:31,513.9987227732048
2012-08-27 07:36:40,515.6571982444618
2012-08-27 07:36:51,516.3469952856449
2012-08-27 07:37:00,516.3182787388315
2012-08-27 07:37:10,515.8154784714734
2012-08-27 07:37:21,514.9887241016435
2012-08-27 07:37:30,515.2241716494366
2012-08-27 07:37:41,515.5481141232698
2012-08-27 07:37:51,516.4799166397426
2012-08-27 07:38:00,516.4627266859466
2012-08-27 07:38:11,516.3467819896027
2012-08-27 07:38:20,516.6960328828003
2012-08-27 07:38:31,516.3418133906517
2012-08-27 07:38:41,517.5947886688349
2012-08-27 07:38:50,516.6669599876591
2012-08-27 07:39:01,516.0118735338082
2012-08-27 07:39:10,516.8465043362888
2012-08-27 07:39:21,516.3004229958927
2012-08-27 07:39:31,514.005827676843
2012-08-27 07:39:40,514.8099564913819
2012-08-27 07:39:51,515.0596353721496
2012-08-27 07:40:00,516.1292198566659
2012-08-27 07:40:10,517.267080723675
2012-08-27 07:40:21,517.9297923610964
2012-08-27 07:40:30,531.876608162433
2012-08-27 07:40:41,532.1140043969126
2012-08-27 07:40:50,532.3854079707492
2012-08-27 07:41:00,532.8896813810009
2012-08-27 07:41:11,531.5510367653866
2012-08-27 07:41:20,517.3904557216398
2012-08-27 07:41:31,515.9181335011609
2012-08-27 07:41:40,516.1665245170125
2012-08-27 07:41:50,516.9057452971389
2012-08-27 07:42:01,517.9232809016314
2012-08-27 07:42:10,517.8595900441597
2012-08-27 07:42:21,517.8868255268977
2012-08-27 07:42:31,517.4920660378758
2012-08-27 07:42:40,517.2806046777811
2012-08-27 07:42:51,517.6395110507493
2012-08-27 07:43:00,517.5514755897156
2012-08-27 07:43:11,517.350988343792
2012-08-27 07:43:21,515.0345909832809
2012-08-27 07:43:30,515.1874068003955
2012-08-27 07:43:41,514.9070023162191
2012-08-27 07:43:50,515.0345126838496
2012-08-27 07:44:01,515.008625377249
2012-08-27 07:44:11,514.8956546812295
2012-08-27 07:44:20,513.9353774625929
2012-08-27 07:44:31,513.8015101591516
2012-08-27 07:44:40,514.0693976140843
2012-08-27 07:44:50,513.832700516165
2012-08-27 07:45:01,514.8301739005244
2012-08-27 07:45:10,514.9704645235772
2012-08-27 07:45:21,515.4392846929113
2012-08-27 07:45:30,514.4564337210256
2012-08-27 07:45:40,514.278443285515
2012-08-27 07:45:51,513.5455923022492
2012-08-27 07:46:00,514.065836290644
2012-08-27 07:46:11,513.6330716452204
2012-08-27 07:46:20,516.0939379837048
2012-08-27 07:46:30,515.8635165568844
2012-08-27 07:46:41,516.0130731107961
2012-08-27 07:46:50,516.0779923346098
2012-08-27 07:47:01,515.9005938197646
2012-08-27 07:47:11,516.1994073575421
2012-08-27 07:47:20,516.259401942014
2012-08-27 07:47:31,516.4994858724168
2012-08-27 07:47:40,516.0644186158037
2012-08-27 07:47:51,516.5276327220002
2012-08-27 07:48:01,516.7382360508683
2012-08-27 07:48:10,516.7714168351312
2012-08-27 07:48:21,516.6978033577301
2012-08-27 07:48:30,516.7385697082169
2012-08-27 07:48:41,516.182188017785
2012-08-27 07:48:51,516.0138999263636
2012-08-27 07:49:00,516.046328354698
2012-08-27 07:49:11,516.0044230836747
2012-08-27 07:49:20,515.8566862910873
2012-08-27 07:49:30,516.0969305182969
2012-08-27 07:49:41,516.10680893848
2012-08-27 07:49:50,516.0941797483865
2012-08-27 07:50:01,516.7782663769223
2012-08-27 07:50:10,516.6099151688596
2012-08-27 07:50:20,515.9633481273861
2012-08-27 07:50:31,516.115428865099
2012-08-27 07:50:40,516.086254070961
2012-08-27 07:50:51,516.2990999081478
2012-08-27 07:51:01,516.3403735612274
2012-08-27 07:51:10,516.7347826864923
2012-08-27 07:51:21,516.7357951773392
2012-08-27 07:51:30,516.2376324543126
2012-08-27 07:51:41,516.1196135278201
2012-08-27 07:51:51,515.6854493259711
2012-08-27 07:52:00,515.603257090457
2012-08-27 07:52:11,515.5213419989727
2012-08-27 07:52:20,517.2679627939842
2012-08-27 07:52:31,516.963034195933
2012-08-27 07:52:41,516.7955878749513
2012-08-27 07:52:50,516.4889403046318
2012-08-27 07:53:01,513.3367634421792
2012-08-27 07:53:10,513.080393086791
2012-08-27 07:53:21,513.176201792648
2012-08-27 07:53:31,512.7391963022683
2012-08-27 07:53:40,512.7514477324423
2012-08-27 07:53:51,513.4761749279829
2012-08-27 07:54:00,513.1116815961619
2012-08-27 07:54:10,512.9842637167329
2012-08-27 07:54:21,513.1242432010946
2012-08-27 07:54:30,513.2005239417962
2012-08-27 07:54:41,513.4479821389173
2012-08-27 07:54:50,512.9132494967857
2012-08-27 07:55:00,513.0887382309287
2012-08-27 07:55:11,513.103433618749
2012-08-27 07:55:20,512.9791333205409
2012-08-27 07:55:31,513.0263385166526
2012-08-27 07:55:41,512.6522789051702
2012-08-27 07:55:50,513.2067212124284
2012-08-27 07:56:01,512.346824800913
2012-08-27 07:56:10,515.5013772119325
2012-08-27 07:56:21,516.6014176505893
2012-08-27 07:56:31,517.1486120416913
2012-08-27 07:56:40,517.3404988705583
2012-08-27 07:56:51,519.2034190480183
2012-08-27 07:57:00,519.3611085025009
2012-08-27 07:57:11,519.3893956121001
2012-08-27 07:57:21,518.3324740684646
2012-08-27 07:57:30,518.6867997697562
2012-08-27 07:57:41,518.0403606158934
2012-08-27 07:57:50,518.0049298601319
2012-08-27 07:58:00,517.7307922673991
2012-08-27 07:58:11,518.1433954862133
2012-08-27 07:58:20,519.0687143894725
2012-08-27 07:58:31,519.0535922077669
2012-08-27 07:58:40,519.4130474532205
2012-08-27 07:58:50,519.4061080896854
2012-08-27 07:59:01,519.6734776599818
2012-08-27 07:59:10,519.6067132477757
2012-08-27 07:59:21,519.0593928111834
2012-08-27 07:59:30,518.9547715743055
2012-08-27 07:59:40,519.1109047535274
2012-08-27 07:59:51,514.631315742762
2012-08-27 08:00:00,514.3724520370951
2012-08-27 08:00:11,514.1926711158593
2012-08-27 08:00:21,514.0975996631269
2012-08-27 08:00:30,513.92009523781
2012-08-27 08:00:41,516.030337993606
2012-08-27 08:00:50,516.8873602242611
2012-08-27 08:01:01,515.9148790393203
2012-08-27 08:01:11,515.6329064191876
2012-08-27 08:01:20,530.7011771146717
2012-08-27 08:01:31,529.8833819859699
2012-08-27 08:01:40,525.1026183706881
2012-08-27 08:01:51,519.2478891231787
2012-08-27 08:02:01,518.1797345946932
2012-08-27 08:02:10,518.7507577367359
2012-08-27 08:02:21,516.8617479262584
2012-08-27 08:02:30,516.6533551277159
2012-08-27 08:02:40,516.1819410227887
2012-08-27 08:02:51,515.9950377424783
2012-08-27 08:03:00,515.6038531549377
2012-08-27 08:03:11,515.807310691213
2012-08-27 08:03:20,515.3206171842522
2012-08-27 08:03:30,514.9815311428258
2012-08-27 08:03:41,515.1392299907036
2012-08-27 08:03:50,515.2757343334999
2012-08-27 08:04:01,515.146251840663
2012-08-27 08:04:10,515.4419314461599
2012-08-27 08:04:20,515.0647552728917
2012-08-27 08:04:31,515.8615729437967
2012-08-27 08:04:40,515.9703895967648
2012-08-27 08:04:51,515.876674549493
2012-08-27 08:05:01,515.7531251446676
2012-08-27 08:05:10,515.6062165518143
2012-08-27 08:05:21,515.965814025898
2012-08-27 08:05:30,516.0503571353732
2012-08-27 08:05:41,516.4430344136272
2012-08-27 08:05:51,517.765973462302
2012-08-27 08:06:00,517.3558695020226
2012-08-27 08:06:11,516.7547315848733
2012-08-27 08:06:20,516.2240027628578
2012-08-27 08:06:31,516.3822480820978
2012-08-27 08:06:41,517.2491742508721
2012-08-27 08:06:50,516.9988502432175
2012-08-27 08:07:01,516.5926515744045
2012-08-27 08:07:10,518.0956427894353
2012-08-27 08:07:20,518.7879153720585
2012-08-27 08:07:31,519.1492559876784
2012-08-27 08:07:40,519.1647443231637
2012-08-27 08:07:51,518.6457182234825
2012-08-27 08:08:00,518.3954267588771
2012-08-27 08:08:10,518.0905356720931
2012-08-27 08:08:21,519.7111602355645
2012-08-27 08:08:30,521.554710572224
2012-08-27 08:08:41,518.1695675381906
2012-08-27 08:08:50,519.4575129399351
2012-08-27 08:09:00,518.9235842645046
2012-08-27 08:09:11,518.2321820785648
2012-08-27 08:09:20,518.1804022965588
2012-08-27 08:09:31,516.8837912539259
2012-08-27 08:09:41,518.7634418057438
2012-08-27 08:09:50,518.7800756038048
2012-08-27 08:10:01,518.1655343143653
2012-08-27 08:10:10,517.9790662582287
2012-08-27 08:10:21,519.5585799714127
2012-08-27 08:10:31,519.0948634726909
2012-08-27 08:10:40,519.014283532823
2012-08-27 08:10:51,519.1301030640074
2012-08-27 08:11:00,518.2516555365924
2012-08-27 08:11:11,517.790678220017
2012-08-27 08:11:21,518.2333292866263
2012-08-27 08:11:30,524.3714847494795
2012-08-27 08:11:41,530.8706961923896
2012-08-27 08:11:50,536.872229961284
2012-08-27 08:12:00,541.8230397811352
2012-08-27 08:12:11,541.8660147271768
2012-08-27 08:12:20,541.5664393074265
2012-08-27 08:12:31,541.9381952604347
2012-08-27 08:12:40,540.9395386592287
2012-08-27 08:12:50,540.4834740739477
2012-08-27 08:13:01,541.2907688346768
2012-08-27 08:13:10,541.9064868535598
2012-08-27 08:13:21,541.7403085969866
2012-08-27 08:13:31,541.8242611572888
2012-08-27 08:13:40,541.7989775366349
2012-08-27 08:13:51,542.9383004745514
2012-08-27 08:14:00,541.5354709191947
2012-08-27 08:14:11,541.8459886729019
2012-08-27 08:14:21,541.6307092704881
2012-08-27 08:14:30,542.4233615733953
2012-08-27 08:14:41,542.1354239797562
2012-08-27 08:14:50,542.4625897690557
2012-08-27 08:15:01,542.194498925087
2012-08-27 08:15:11,542.3433109326163
2012-08-27 08:15:20,542.1349568524461
2012-08-27 08:15:31,541.5326932622733
2012-08-27 08:15:40,541.1508346858338
2012-08-27 08:15:51,541.7401989535813
2012-08-27 08:16:01,541.1752779662049
2012-08-27 08:16:10,542.3314047784369
2012-08-27 08:16:21,542.0181314554205
2012-08-27 08:16:30,542.3661727329543
2012-08-27 08:16:40,542.6830089462936
2012-08-27 08:16:51,542.6746594431759
2012-08-27 08:17:00,542.1859429980449
2012-08-27 08:17:11,542.4079702728831
2012-08-27 08:17:20,542.9452251783587
2012-08-27 08:17:30,543.1372980533152
2012-08-27 08:17:41,543.038265776637
2012-08-27 08:17:50,542.355342042903
2012-08-27 08:18:01,542.6059029325934
2012-08-27 08:18:11,543.3213081803016
2012-08-27 08:18:20,542.8177808699792
2012-08-27 08:18:31,543.0270585784917
2012-08-27 08:18:40,542.5263572255918
2012-08-27 08:18:51,542.8425087240624
2012-08-27 08:19:01,542.2025761497157
2012-08-27 08:19:10,542.1615684160691
2012-08-27 08:19:21,542.0881311200769
2012-08-27 08:19:30,541.9097788887146
2012-08-27 08:19:41,543.6676239462008
2012-08-27 08:19:51,543.7993827436383
2012-08-27 08:20:00,542.9176307968116
2012-08-27 08:20:11,542.6458114006363
2012-08-27 08:20:20,542.4041008102083
2012-08-27 08:20:30,541.5123475500781
2012-08-27 08:20:41,540.8666447732048
2012-08-27 08:20:50,541.569267737792
2012-08-27 08:21:01,541.2760976654763
2012-08-27 08:21:10,541.2819733209692
2012-08-27 08:21:20,545.5541793679056
2012-08-27 08:21:31,551.3652000359383
2012-08-27 08:21:40,555.7962777415468
2012-08-27 08:21:51,558.9641890057965
2012-08-27 08:22:00,559.3590445059549
2012-08-27 08:22:10,559.2268385072985
2012-08-27 08:22:21,559.0762521673216
2012-08-27 08:22:30,558.5427706165754
2012-08-27 08:22:41,559.6092261901518
2012-08-27 08:22:51,559.0825816503174
2012-08-27 08:23:00,559.328229205401
2012-08-27 08:23:11,559.0530302565852
2012-08-27 08:23:20,559.0642948973788
2012-08-27 08:23:31,559.0448714126038
2012-08-27 08:23:41,559.2881754277087
2012-08-27 08:23:50,559.5528015339421
2012-08-27 08:24:01,559.1470540689498
2012-08-27 08:24:10,558.4649446444749
2012-08-27 08:24:21,557.2091664100219
2012-08-27 08:24:31,544.3253405075243
2012-08-27 08:24:40,546.1875742732921
2012-08-27 08:24:51,548.052439960913
2012-08-27 08:25:00,542.3550385787463
2012-08-27 08:25:10,542.3366399209845
2012-08-27 08:25:21,542.0104908453305
2012-08-27 08:25:30,539.5683473635456
2012-08-27 08:25:41,539.8687304915528
2012-08-27 08:25:50,547.8412602027206
2012-08-27 08:26:00,550.485527437829
2012-08-27 08:26:11,549.9644968255368
2012-08-27 08:26:20,550.3506483127793
2012-08-27 08:26:31,557.6768545029163
2012-08-27 08:26:40,560.6896741619701
2012-08-27 08:26:50,560.990350094517
2012-08-27 08:27:01,561.3095134692558
2012-08-27 08:27:10,561.191188562717
2012-08-27 08:27:21,561.1302627727695
2012-08-27 08:27:31,561.1176626662345
2012-08-27 08:27:40,559.7845863941435
2012-08-27 08:27:51,559.6107824128984
2012-08-27 08:28:00,559.0755738835481
2012-08-27 08:28:11,559.382370863204
2012-08-27 08:28:21,559.2356376172995
2012-08-27 08:28:30,558.6387199819937
2012-08-27 08:28:41,557.934984542869
2012-08-27 08:28:50,558.4852401549264
2012-08-27 08:29:01,558.5623381046468
2012-08-27 08:29:11,559.2825106425367
2012-08-27 08:29:20,560.2330922998653
2012-08-27 08:29:31,559.6819477987568
2012-08-27 08:29:40,559.8988547270515
2012-08-27 08:29:50,560.1025734396466
2012-08-27 08:30:01,560.1294645250665
2012-08-27 08:30:10,560.2078175235384
2012-08-27 08:30:21,560.5255204548332
2012-08-27 08:30:30,560.8228430245235
2012-08-27 08:30:40,561.0619848319325
2012-08-27 08:30:51,560.7965438749884
2012-08-27 08:31:00,560.747270113903
2012-08-27 08:31:11,560.671480224829
2012-08-27 08:31:20,560.8662423378206
2012-08-27 08:31:30,561.5388580319229
2012-08-27 08:31:41,560.1704313124843
2012-08-27 08:31:50,559.9624947970542
2012-08-27 08:32:01,559.7195644141539
2012-08-27 08:32:11,559.2151603813666
2012-08-27 08:32:20,559.2019295229438
2012-08-27 08:32:31,559.276521962169
2012-08-27 08:32:40,559.6779800533792
2012-08-27 08:32:51,560.2861004636835
2012-08-27 08:33:01,563.959605455215
2012-08-27 08:33:10,563.0525635900408
2012-08-27 08:33:21,563.3611419150774
2012-08-27 08:33:30,563.4528189460897
2012-08-27 08:33:41,565.176303528118
2012-08-27 08:33:51,565.956642713652
2012-08-27 08:34:00,564.8255556026254
2012-08-27 08:34:11,566.9824214713165
2012-08-27 08:34:20,566.241426492634
2012-08-27 08:34:30,561.983398872497
2012-08-27 08:34:41,561.3292340758978
2012-08-27 08:34:50,570.4676776033333
2012-08-27 08:35:01,595.0860172779453
2012-08-27 08:35:10,596.4541708655897
2012-08-27 08:35:20,596.0777106223723
2012-08-27 08:35:31,596.1878355479193
2012-08-27 08:35:40,596.1326937113985
2012-08-27 08:35:51,595.999225796037
2012-08-27 08:36:01,606.2731482146075
2012-08-27 08:36:10,610.8206925207628
2012-08-27 08:36:21,614.0221701348562
2012-08-27 08:36:30,615.0601301705129
2012-08-27 08:36:41,617.7870549008682
2012-08-27 08:36:51,622.3657693756105
2012-08-27 08:37:00,627.5319166808702
2012-08-27 08:37:11,636.4089532992366
2012-08-27 08:37:20,644.6062512100707
2012-08-27 08:37:31,652.7845600639442
2012-08-27 08:37:41,657.6250454241317
2012-08-27 08:37:50,665.6850762155847
2012-08-27 08:38:01,671.9794286873226
2012-08-27 08:38:10,670.430989040401
2012-08-27 08:38:21,664.6208125324209
2012-08-27 08:38:31,664.5277547690148
2012-08-27 08:38:40,670.0944820359924
2012-08-27 08:38:51,677.2572710245789
2012-08-27 08:39:00,683.4742423729415
2012-08-27 08:39:10,684.3836279206197
2012-08-27 08:39:21,686.8695969144846
2012-08-27 08:39:30,686.3367381765293
2012-08-27 08:39:41,686.4197184265355
2012-08-27 08:39:50,686.1271602238744
2012-08-27 08:40:00,686.7193487413075
2012-08-27 08:40:11,687.33988852382
2012-08-27 08:40:20,686.7492621755363
2012-08-27 08:40:31,686.1051886295184
2012-08-27 08:40:41,686.6769528583956
2012-08-27 08:40:50,688.250530063563
2012-08-27 08:41:01,692.8646496794382
2012-08-27 08:41:10,697.2530843111831
2012-08-27 08:41:21,705.4816109703992
2012-08-27 08:41:31,708.3416739099957
2012-08-27 08:41:40,708.7568431608425
2012-08-27 08:41:51,708.2830814861109
2012-08-27 08:42:00,708.7326860103365
2012-08-27 08:42:11,708.5747472001028
2012-08-27 08:42:21,708.8090116686235
2012-08-27 08:42:30,713.668839100822
2012-08-27 08:42:41,713.2155306042862
2012-08-27 08:42:50,716.0425785995286
2012-08-27 08:43:00,723.7148377994954
2012-08-27 08:43:11,732.9865520367158
2012-08-27 08:43:20,747.1814438476295
2012-08-27 08:43:31,754.537559191813
2012-08-27 08:43:40,763.600314300627
2012-08-27 08:43:50,770.4400927300962
2012-08-27 08:44:01,777.1621985706774
2012-08-27 08:44:10,780.6134755721811
2012-08-27 08:44:21,780.8034826476838
2012-08-27 08:44:30,779.1534716311046
2012-08-27 08:44:40,778.2687219066077
2012-08-27 08:44:51,778.6971377109645
2012-08-27 08:45:00,778.7578390012625
2012-08-27 08:45:11,778.9687789451519
2012-08-27 08:45:21,779.3898230317222
2012-08-27 08:45:30,779.4332231248802
2012-08-27 08:45:41,777.8602150738844
2012-08-27 08:45:50,774.6518385780607
2012-08-27 08:46:01,770.5652047411795
2012-08-27 08:46:11,769.7170790665614
2012-08-27 08:46:20,773.5015234965123
2012-08-27 08:46:31,772.9303397641729
2012-08-27 08:46:40,777.8142548659329
2012-08-27 08:46:51,778.9909053641132
2012-08-27 08:47:01,779.6866365713945
2012-08-27 08:47:10,778.8704286694915
2012-08-27 08:47:21,782.1100449471877
2012-08-27 08:47:30,782.5952913536253
2012-08-27 08:47:40,783.4074194167894
2012-08-27 08:47:51,780.8147004773169
2012-08-27 08:48:00,779.98949779104
2012-08-27 08:48:11,779.2201010756058
2012-08-27 08:48:20,777.0555383197359
2012-08-27 08:48:30,777.5996498086449
2012-08-27 08:48:41,774.7625672314219
2012-08-27 08:48:50,773.9596990224235
2012-08-27 08:49:01,772.556370911773
2012-08-27 08:49:10,772.5818560568136
2012-08-27 08:49:20,771.9822368518571
2012-08-27 08:49:31,771.727936970294
2012-08-27 08:49:40,771.7543701122712
2012-08-27 08:49:51,771.1276938371407
2012-08-27 08:50:01,771.5748418141196
2012-08-27 08:50:10,772.6394613191493
2012-08-27 08:50:21,771.6967657412728
2012-08-27 08:50:30,771.2578855181978
2012-08-27 08:50:41,770.361646824748
2012-08-27 08:50:51,769.7626796016887
2012-08-27 08:51:00,770.6409470431859
2012-08-27 08:51:11,770.5349412539347
2012-08-27 08:51:20,769.3363867649965
2012-08-27 08:51:31,768.4862377555637
2012-08-27 08:51:41,768.6142711574629
2012-08-27 08:51:50,768.7653973855478
2012-08-27 08:52:01,769.0269362600925
2012-08-27 08:52:10,770.1598088307261
2012-08-27 08:52:20,770.4784050756163
2012-08-27 08:52:31,770.7099711422693
2012-08-27 08:52:40,771.6536007957687
2012-08-27 08:52:51,771.3720533963262
2012-08-27 08:53:00,773.3204074643285
2012-08-27 08:53:10,773.0343500869286
2012-08-27 08:53:21,772.5483872960524
2012-08-27 08:53:30,771.5186997114544
2012-08-27 08:53:41,771.6498797734675
2012-08-27 08:53:50,770.9939031114731
2012-08-27 08:54:00,770.5911660062895
2012-08-27 08:54:11,770.3112683604085
2012-08-27 08:54:20,773.0222133240594
2012-08-27 08:54:31,777.8656621276251
2012-08-27 08:54:41,779.8651663644273
2012-08-27 08:54:50,779.657318278989
2012-08-27 08:55:01,780.3894709603477
2012-08-27 08:55:10,786.0622566822321
2012-08-27 08:55:21,788.7105622226659
2012-08-27 08:55:31,788.1283405888919
2012-08-27 08:55:40,787.9850270208817
2012-08-27 08:55:51,788.278035344098
2012-08-27 08:56:00,789.9784603046006
2012-08-27 08:56:11,794.1281620617488
2012-08-27 08:56:21,795.3823097995842
2012-08-27 08:56:30,795.274333638099
2012-08-27 08:56:41,793.4121652777883
2012-08-27 08:56:50,795.1051384604699
2012-08-27 08:57:00,797.5835951237491
2012-08-27 08:57:11,798.3243988759247
2012-08-27 08:57:20,800.0526362440949
2012-08-27 08:57:31,804.9807143133933
2012-08-27 08:57:40,809.6034380835629
2012-08-27 08:57:50,812.554492976228
2012-08-27 08:58:01,814.9774949760708
2012-08-27 08:58:10,815.359782140022
2012-08-27 08:58:21,815.1674178076262
2012-08-27 08:58:31,816.1624261222471
2012-08-27 08:58:40,815.8483921394471
2012-08-27 08:58:51,815.4217606359188
2012-08-27 08:59:00,815.1643807462365
2012-08-27 08:59:11,815.5320075783447
2012-08-27 08:59:21,815.2366787144787
2012-08-27 08:59:30,815.2943260403056
2012-08-27 08:59:41,815.5593724926887
2012-08-27 08:59:50,815.5108923681091
2012-08-27 09:00:01,815.5036327954158
2012-08-27 09:00:11,815.2243859940999
2012-08-27 09:00:20,814.6081542725555
2012-08-27 09:00:31,813.9860769656023
2012-08-27 09:00:40,814.1537770576757
2012-08-27 09:00:51,813.3203971293163
2012-08-27 09:01:01,813.3460715544581
2012-08-27 09:01:10,814.7379091376899
2012-08-27 09:01:21,814.7529523980465
2012-08-27 09:01:30,814.9241254890526
2012-08-27 09:01:40,815.1064465914083
2012-08-27 09:01:51,815.1121430032912
2012-08-27 09:02:00,814.7190177330405
2012-08-27 09:02:11,814.6581720704253
2012-08-27 09:02:20,814.5079758929899
2012-08-27 09:02:30,814.846052595235
2012-08-27 09:02:41,815.1481836153799
2012-08-27 09:02:50,815.1769008052642
2012-08-27 09:03:01,815.296839674752
2012-08-27 09:03:11,815.058958832094
2012-08-27 09:03:20,815.045679961239
2012-08-27 09:03:31,815.1620438032653
2012-08-27 09:03:40,812.6589643238818
2012-08-27 09:03:51,810.9967365460384
2012-08-27 09:04:01,815.2852900496423
2012-08-27 09:04:10,816.8924324527123
2012-08-27 09:04:21,816.3569486532745
2012-08-27 09:04:30,817.3020332603195
2012-08-27 09:04:41,818.8241331542526
2012-08-27 09:04:51,822.8310833365334
2012-08-27 09:05:00,825.8983171691016
2012-08-27 09:05:11,827.9118571363146
2012-08-27 09:05:20,831.0512299932269
2012-08-27 09:05:30,836.8848675047602
2012-08-27 09:05:41,836.5892279142952
2012-08-27 09:05:50,835.8814517168137
2012-08-27 09:06:01,836.720462761849
2012-08-27 09:06:10,836.443038747304
2012-08-27 09:06:20,842.1209684529431
2012-08-27 09:06:31,851.1368725957014
2012-08-27 09:06:40,857.8052993288535
2012-08-27 09:06:51,869.0624680815287
2012-08-27 09:07:00,876.4991924996708
2012-08-27 09:07:10,881.3145460644649
2012-08-27 09:07:21,885.5327690102291
2012-08-27 09:07:30,885.1661376957671
2012-08-27 09:07:41,887.2314081511635
2012-08-27 09:07:51,886.0922024912812
2012-08-27 09:08:00,889.1092455967146
2012-08-27 09:08:11,895.8993706949594
2012-08-27 09:08:20,901.5639703379086
2012-08-27 09:08:31,905.113574675817
2012-08-27 09:08:41,905.8468385095881
2012-08-27 09:08:50,910.031667282193
2012-08-27 09:09:01,917.3889911812261
2012-08-27 09:09:10,918.111059497792
2012-08-27 09:09:21,921.9836335679356
2012-08-27 09:09:31,931.3677385271114
2012-08-27 09:09:40,955.1939130407595
2012-08-27 09:09:51,962.986588491264
2012-08-27 09:10:00,960.8697671617982
2012-08-27 09:10:10,960.4319256325743
2012-08-27 09:10:21,962.6418866494098
2012-08-27 09:10:30,965.6003096120338
2012-08-27 09:10:41,966.001735224306
2012-08-27 09:10:50,964.8374542793439
2012-08-27 09:11:00,964.8698489669512
2012-08-27 09:11:11,965.2316372978653
2012-08-27 09:11:20,965.617799066952
2012-08-27 09:11:31,967.547343908134
2012-08-27 09:11:40,966.0469967208254
2012-08-27 09:11:50,971.1756566313057
2012-08-27 09:12:01,1003.6714613248985
2012-08-27 09:12:10,1030.957721655533
2012-08-27 09:12:21,1042.4152621259334
2012-08-27 09:12:31,1050.6265740926472
2012-08-27 09:12:40,1060.4467013819087
2012-08-27 09:12:51,1064.2652149336252
2012-08-27 09:13:00,1069.3375345817283
2012-08-27 09:13:11,1076.003953724592
2012-08-27 09:13:21,1077.5191739704997
2012-08-27 09:13:30,1083.6881432044418
2012-08-27 09:13:41,1092.6980741900607
2012-08-27 09:13:50,1105.5320860662707
2012-08-27 09:14:01,1114.1639352285763
2012-08-27 09:14:11,1120.5749413255585
2012-08-27 09:14:20,1123.2605177404564
2012-08-27 09:14:31,1123.4581106335236
2012-08-27 09:14:40,1124.070498373656
2012-08-27 09:14:50,1129.9256309186908
2012-08-27 09:15:01,1137.7423542257093
2012-08-27 09:15:10,1146.68298746553
2012-08-27 09:15:21,1154.7091064818205
2012-08-27 09:15:30,1161.0667548010713
2012-08-27 09:15:40,1170.3713746175522
2012-08-27 09:15:51,1180.4302277121358
2012-08-27 09:16:00,1186.7737753716183
2012-08-27 09:16:11,1190.6685802765408
2012-08-27 09:16:20,1194.1453456312597
2012-08-27 09:16:30,1201.2717627208874
2012-08-27 09:16:41,1208.3727533058413
2012-08-27 09:16:50,1214.861305937243
2012-08-27 09:17:01,1216.2130233277214
2012-08-27 09:17:11,1220.768395738567
2012-08-27 09:17:20,1227.1743976086727
2012-08-27 09:17:31,1234.5219342770645
2012-08-27 09:17:40,1241.8977822103527
2012-08-27 09:17:51,1250.3901751581225
2012-08-27 09:18:01,1257.4982647026961
2012-08-27 09:18:10,1264.6182923654117
2012-08-27 09:18:21,1271.2509461306777
2012-08-27 09:18:30,1278.1717920510807
2012-08-27 09:18:41,1284.6847867198894
2012-08-27 09:18:51,1291.0244943370153
2012-08-27 09:19:00,1299.3986680347496
2012-08-27 09:19:11,1304.6497238685536
2012-08-27 09:19:20,1321.935671106417
2012-08-27 09:19:30,1328.8693494384627
2012-08-27 09:19:41,1335.3296478215345
2012-08-27 09:19:50,1339.7815657108422
2012-08-27 09:20:01,1343.2413614572845
2012-08-27 09:20:10,1348.9910093646913
2012-08-27 09:20:20,1352.042488133422
2012-08-27 09:20:31,1353.0529664279932
2012-08-27 09:20:40,1351.8252948135248
2012-08-27 09:20:51,1350.9382678393522
2012-08-27 09:21:01,1351.11770877128
2012-08-27 09:21:10,1356.8120037609035
2012-08-27 09:21:21,1357.1647383390907
2012-08-27 09:21:30,1360.5748193195705
2012-08-27 09:21:41,1360.0656598274734
2012-08-27 09:21:51,1359.6052875798337
2012-08-27 09:22:00,1361.0448441472681
2012-08-27 09:22:11,1362.9396833507597
2012-08-27 09:22:20,1362.9962747311179
2012-08-27 09:22:31,1371.976412377757
2012-08-27 09:22:41,1373.384639036786
2012-08-27 09:22:50,1374.7691171047138
2012-08-27 09:23:01,1376.0652027729266
2012-08-27 09:23:10,1375.345929239778
2012-08-27 09:23:21,1375.829208805011
2012-08-27 09:23:31,1376.6065304426993
2012-08-27 09:23:40,1376.3279738555655
2012-08-27 09:23:51,1376.5269660832457
2012-08-27 09:24:00,1379.5734447184598
2012-08-27 09:24:10,1378.2795105868256
2012-08-27 09:24:21,1383.8459774821567
2012-08-27 09:24:30,1384.653875918934
2012-08-27 09:24:41,1382.4038143085625
2012-08-27 09:24:50,1391.8024792974368
2012-08-27 09:25:00,1395.4959867806585
2012-08-27 09:25:11,1396.4646485557487
2012-08-27 09:25:20,1398.3249221827568
2012-08-27 09:25:31,1398.4185763457685
2012-08-27 09:25:41,1400.1725369559724
2012-08-27 09:25:50,1398.1654431911204
2012-08-27 09:26:01,1395.4760270610489
2012-08-27 09:26:10,1393.7081880852402
2012-08-27 09:26:21,1393.574565532692
2012-08-27 09:26:31,1392.7213818917364
2012-08-27 09:26:40,1393.4988909889844
2012-08-27 09:26:51,1393.717682427261
2012-08-27 09:27:00,1396.018340498282
2012-08-27 09:27:11,1394.6596279599808
2012-08-27 09:27:21,1396.534429316292
2012-08-27 09:27:30,1395.2168449719381
2012-08-27 09:27:41,1401.2085259825053
2012-08-27 09:27:50,1403.0137986495197
2012-08-27 09:28:00,1411.6381623675804
2012-08-27 09:28:11,1401.3582937860242
2012-08-27 09:28:20,1401.316770423797
2012-08-27 09:28:31,1408.1201226318433
2012-08-27 09:28:40,1405.5967554102683
2012-08-27 09:28:50,1405.0982693847657
2012-08-27 09:29:01,1403.8306519213431
2012-08-27 09:29:10,1399.9637938548435
2012-08-27 09:29:21,1399.163764239975
2012-08-27 09:29:30,1401.2756466725134
2012-08-27 09:29:40,1406.647781039239
2012-08-27 09:29:51,1406.7100015547164
2012-08-27 09:30:00,1405.7512709248706
2012-08-27 09:30:11,1407.5435591149865
2012-08-27 09:30:21,1404.8710368151633
2012-08-27 09:30:30,1404.9428643458725
2012-08-27 09:30:41,1406.7678734748463
2012-08-27 09:30:50,1413.2279531752517
2012-08-27 09:31:01,1419.7954158512441
2012-08-27 09:31:11,1423.0106189947564
2012-08-27 09:31:20,1425.0087644949326
2012-08-27 09:31:31,1427.3399984510995
2012-08-27 09:31:40,1428.2295585311806
2012-08-27 09:31:51,1429.3215474197655
2012-08-27 09:32:01,1431.729947514994
2012-08-27 09:32:10,1432.8649571279402
2012-08-27 09:32:21,1432.8572487323754
2012-08-27 09:32:30,1433.8093127464722
2012-08-27 09:32:40,1434.7322345671028
2012-08-27 09:32:51,1433.8888454577775
2012-08-27 09:33:00,1433.734481822409
2012-08-27 09:33:11,1437.0829085997627
2012-08-27 09:33:20,1437.2737757166128
2012-08-27 09:33:30,1437.396590173008
2012-08-27 09:33:41,1439.1863073287132
2012-08-27 09:33:50,1444.587945442496
2012-08-27 09:34:01,1446.5533313275066
2012-08-27 09:34:10,1446.834825518021
2012-08-27 09:34:20,1449.571847440148
2012-08-27 09:34:31,1449.8806899340875
2012-08-27 09:34:40,1450.4807360321022
2012-08-27 09:34:51,1450.93645492443
2012-08-27 09:35:01,1451.1273612565706
2012-08-27 09:35:10,1450.8841081302141
2012-08-27 09:35:21,1449.759979921485
2012-08-27 09:35:30,1452.4559329498754
2012-08-27 09:35:41,1452.9743769296529
2012-08-27 09:35:51,1453.842280514812
2012-08-27 09:36:00,1448.2932589743514
2012-08-27 09:36:11,1451.222166714797
2012-08-27 09:36:20,1451.0163686854896
2012-08-27 09:36:31,1452.300115036754
2012-08-27 09:36:41,1452.4897646360737
2012-08-27 09:36:50,1452.1757724344322
2012-08-27 09:37:01,1452.7001752369683
2012-08-27 09:37:10,1453.0967464818245
2012-08-27 09:37:20,1452.3073058145783
2012-08-27 09:37:31,1452.1387393026844
2012-08-27 09:37:40,1452.219209333519
2012-08-27 09:37:51,1452.4588668534116
2012-08-27 09:38:00,1451.901216297719
2012-08-27 09:38:10,1450.766012247743
2012-08-27 09:38:21,1451.1663517506095
2012-08-27 09:38:30,1452.2672290001087
2012-08-27 09:38:41,1452.8324973661277
2012-08-27 09:38:50,1453.1151680252692
2012-08-27 09:39:00,1453.4051492928602
2012-08-27 09:39:11,1452.138638325127
2012-08-27 09:39:20,1451.4887428914237
2012-08-27 09:39:31,1450.7541495957446
2012-08-27 09:39:41,1453.8863056076555
2012-08-27 09:39:50,1458.241442017418
2012-08-27 09:40:01,1465.3874054437363
2012-08-27 09:40:10,1472.8291013184175
2012-08-27 09:40:21,1472.4384373480584
2012-08-27 09:40:31,1473.3288011781494
2012-08-27 09:40:40,1474.5944795669827
2012-08-27 09:40:51,1475.2508094390735
2012-08-27 09:41:00,1475.636141277985
2012-08-27 09:41:11,1487.1990159199997
2012-08-27 09:41:21,1492.2924935101298
2012-08-27 09:41:30,1495.659042364008
2012-08-27 09:41:41,1496.910225947662
2012-08-27 09:41:50,1497.1196629905608
2012-08-27 09:42:00,1495.5130729352697
2012-08-27 09:42:11,1498.295608208039
2012-08-27 09:42:20,1502.5992447552583
2012-08-27 09:42:31,1507.3061704385593
2012-08-27 09:42:40,1509.3861085902954
2012-08-27 09:42:50,1512.2423785781189
2012-08-27 09:43:01,1517.3445166523381
2012-08-27 09:43:10,1526.5526106657992
2012-08-27 09:43:21,1530.8321586956502
2012-08-27 09:43:31,1532.177006414372
2012-08-27 09:43:40,1530.5550450564333
2012-08-27 09:43:51,1532.0546074355711
2012-08-27 09:44:00,1536.4087282846342
2012-08-27 09:44:11,1536.8292732312966
2012-08-27 09:44:21,1541.6974599722548
2012-08-27 09:44:30,1543.6219259184072
2012-08-27 09:44:41,1551.3423592175764
2012-08-27 09:44:50,1554.3060111439966
2012-08-27 09:45:01,1554.0462234171537
2012-08-27 09:45:11,1554.7689809272106
2012-08-27 09:45:20,1555.2526357438678
2012-08-27 09:45:31,1553.7676913043701
2012-08-27 09:45:40,1553.3955904978584
2012-08-27 09:45:51,1556.037025991252
2012-08-27 09:46:01,1556.4771780370115
2012-08-27 09:46:10,1557.3105194299183
2012-08-27 09:46:21,1557.8835846892355
2012-08-27 09:46:30,1557.6805325767284
2012-08-27 09:46:40,1557.8702142075463
2012-08-27 09:46:51,1557.1106762569818
2012-08-27 09:47:00,1556.570849861882
2012-08-27 09:47:11,1556.4026417051878
2012-08-27 09:47:20,1557.2808824900958
2012-08-27 09:47:30,1559.9902328100525
2012-08-27 09:47:41,1557.9771289387152
2012-08-27 09:47:50,1559.662498096178
2012-08-27 09:48:01,1560.733060336393
2012-08-27 09:48:11,1562.8080071833908
2012-08-27 09:48:20,1563.09419999287
2012-08-27 09:48:31,1561.8654060170156
2012-08-27 09:48:40,1560.4037048659332
2012-08-27 09:48:51,1560.1480079043424
2012-08-27 09:49:01,1558.3579720225143
2012-08-27 09:49:10,1561.001134097068
2012-08-27 09:49:21,1564.6051319494015
2012-08-27 09:49:30,1567.4565203957948
2012-08-27 09:49:41,1566.8547470032267
2012-08-27 09:49:51,1567.5194980207013
2012-08-27 09:50:00,1567.286344408094
2012-08-27 09:50:11,1570.2206923370134
2012-08-27 09:50:20,1570.4602224606597
2012-08-27 09:50:30,1569.9338608435219
2012-08-27 09:50:41,1570.4978181158094
2012-08-27 09:50:50,1570.3195899849165
2012-08-27 09:51:01,1571.0130857540005
2012-08-27 09:51:10,1573.9550607893034
2012-08-27 09:51:20,1578.5499104859084
2012-08-27 09:51:31,1582.99091666879
2012-08-27 09:51:40,1589.234266744496
2012-08-27 09:51:51,1594.144502721454
2012-08-27 09:52:00,1601.517829666226
2012-08-27 09:52:10,1608.5386324443693
2012-08-27 09:52:21,1617.644988403212
2012-08-27 09:52:30,1625.2178655209689
2012-08-27 09:52:41,1628.5310086593868
2012-08-27 09:52:51,1627.244564543418
2012-08-27 09:53:00,1628.220434198391
2012-08-27 09:53:11,1626.4060442244665
2012-08-27 09:53:20,1626.5640437617906
2012-08-27 09:53:31,1626.0096478815597
2012-08-27 09:53:41,1626.2764850682054
2012-08-27 09:53:50,1629.5633906197568
2012-08-27 09:54:01,1628.5153791372472
2012-08-27 09:54:10,1628.4030089708117
2012-08-27 09:54:21,1628.7314179372677
2012-08-27 09:54:31,1629.648189495129
2012-08-27 09:54:40,1634.615501949113
2012-08-27 09:54:51,1638.4031600671826
2012-08-27 09:55:00,1643.0222896201421
2012-08-27 09:55:10,1647.8942191351503
2012-08-27 09:55:21,1653.6849542723564
2012-08-27 09:55:30,1655.2848851957992
2012-08-27 09:55:41,1655.54810860351
2012-08-27 09:55:50,1655.5462347118037
2012-08-27 09:56:00,1654.6503693846755
2012-08-27 09:56:11,1656.6671894781757
2012-08-27 09:56:20,1658.9830508106609
2012-08-27 09:56:31,1659.903243722955
2012-08-27 09:56:40,1658.4812499672905
2012-08-27 09:56:50,1660.6725323954483
2012-08-27 09:57:01,1663.146368097924
2012-08-27 09:57:10,1661.0906257725558
2012-08-27 09:57:21,1659.8838619929447
2012-08-27 09:57:31,1659.5944575398078
2012-08-27 09:57:40,1658.5753945398812
2012-08-27 09:57:51,1658.9730322045646
2012-08-27 09:58:00,1663.1197598757508
2012-08-27 09:58:11,1664.4578712414677
2012-08-27 09:58:21,1660.9131912400696
2012-08-27 09:58:30,1662.1492326665366
2012-08-27 09:58:41,1663.466343710862
2012-08-27 09:58:50,1667.924629042324
2012-08-27 09:59:01,1670.2119813228699
2012-08-27 09:59:11,1672.9832172958895
2012-08-27 09:59:20,1673.9912990110831
2012-08-27 09:59:31,1673.8543074563502
2012-08-27 09:59:40,1678.7025513518822
2012-08-27 09:59:50,1685.304742999887
2012-08-27 10:00:01,1691.7536963906643
2012-08-27 10:00:10,1698.0671478810204
2012-08-27 10:00:21,1702.3639922085902
2012-08-27 10:00:30,1700.7361027361344
2012-08-27 10:00:40,1706.4424485339732
2012-08-27 10:00:51,1712.7834170078397
2012-08-27 10:01:00,1715.4698402403785
2012-08-27 10:01:11,1719.9636698970528
2012-08-27 10:01:20,1722.1232036620318
2012-08-27 10:01:30,1722.4506869595375
2012-08-27 10:01:41,1722.1692102904087
2012-08-27 10:01:50,1724.8965506639506
2012-08-27 10:02:01,1731.0205407991152
2012-08-27 10:02:11,1735.3844762255778
2012-08-27 10:02:20,1741.780067792803
2012-08-27 10:02:31,1740.8949076404479
2012-08-27 10:02:40,1740.892539811731
2012-08-27 10:02:51,1740.8986762823945
2012-08-27 10:03:01,1741.1914445253788
2012-08-27 10:03:10,1741.4411447563707
2012-08-27 10:03:21,1745.7451271852078
2012-08-27 10:03:30,1751.1499407330095
2012-08-27 10:03:41,1755.8208689321093
2012-08-27 10:03:51,1763.8679079295582
2012-08-27 10:04:00,1770.3322542996268
2012-08-27 10:04:11,1773.0691871515564
2012-08-27 10:04:20,1772.328994686514
2012-08-27 10:04:30,1775.0510303734195
2012-08-27 10:04:41,1778.7273785928462
2012-08-27 10:04:50,1778.964152008768
2012-08-27 10:05:01,1778.4886487775584
2012-08-27 10:05:10,1778.6471057326287
2012-08-27 10:05:20,1782.3681083710883
2012-08-27 10:05:31,1784.0064816442805
2012-08-27 10:05:40,1784.2355677303747
2012-08-27 10:05:51,1786.3960332974593
2012-08-27 10:06:01,1786.93706509588
2012-08-27 10:06:10,1786.6890676073376
2012-08-27 10:06:21,1784.7691416172129
2012-08-27 10:06:30,1783.738761150184
2012-08-27 10:06:41,1783.6113008739228
2012-08-27 10:06:51,1781.8012150887444
2012-08-27 10:07:00,1782.2662452429604
2012-08-27 10:07:11,1779.3443384225125
2012-08-27 10:07:20,1778.142505827275
2012-08-27 10:07:31,1777.7915177398172
2012-08-27 10:07:41,1777.1960912431496
2012-08-27 10:07:50,1780.9679919770551
2012-08-27 10:08:01,1782.5102529361702
2012-08-27 10:08:10,1785.5230335989675
2012-08-27 10:08:21,1783.538701206697
2012-08-27 10:08:31,1783.5272755704434
2012-08-27 10:08:40,1783.7569363016946
2012-08-27 10:08:51,1783.460841450626
2012-08-27 10:09:00,1783.6413556781465
2012-08-27 10:09:10,1783.5297046423823
2012-08-27 10:09:21,1782.3177090622764
2012-08-27 10:09:30,1782.266091463434
2012-08-27 10:09:41,1784.0530511863024
2012-08-27 10:09:50,1784.311116811373
2012-08-27 10:10:00,1784.172655791241
2012-08-27 10:10:11,1784.4598146068279
2012-08-27 10:10:20,1783.8852017805793
2012-08-27 10:10:31,1783.6096066463065
2012-08-27 10:10:41,1779.4580413630827
2012-08-27 10:10:50,1779.8972763451638
2012-08-27 10:11:01,1779.8475115305782
2012-08-27 10:11:10,1778.739391657573
2012-08-27 10:11:21,1777.4038745532505
2012-08-27 10:11:31,1774.3183671666952
2012-08-27 10:11:40,1773.6855139327292
2012-08-27 10:11:51,1772.6728559354058
2012-08-27 10:12:00,1770.8958839030424
2012-08-27 10:12:11,1771.321562431775
2012-08-27 10:12:21,1771.4792516398554
2012-08-27 10:12:30,1770.1422941865305
2012-08-27 10:12:41,1765.0121486209227
2012-08-27 10:12:50,1762.8092718024088
2012-08-27 10:13:00,1759.3636498486567
2012-08-27 10:13:11,1763.482978092084
2012-08-27 10:13:20,1766.3957145829115
2012-08-27 10:13:31,1766.4352129184686
2012-08-27 10:13:40,1767.0819070926884
2012-08-27 10:13:50,1767.1370781425892
2012-08-27 10:14:01,1766.4737437569797
2012-08-27 10:14:10,1767.4443408489544
2012-08-27 10:14:21,1767.2716176664476
2012-08-27 10:14:30,1765.9454505130325
2012-08-27 10:14:40,1763.2863137289587
2012-08-27 10:14:51,1766.6715600883567
2012-08-27 10:15:00,1766.253006997122
2012-08-27 10:15:11,1767.4136133782551
2012-08-27 10:15:21,1766.801536472567
2012-08-27 10:15:30,1766.6754092434453
2012-08-27 10:15:41,1766.2740337814403
2012-08-27 10:15:50,1766.1308073201114
2012-08-27 10:16:01,1766.740212005938
2012-08-27 10:16:11,1767.1269639410189
2012-08-27 10:16:20,1766.9620051106929
2012-08-27 10:16:31,1766.9941864752395
2012-08-27 10:16:40,1766.4097370671177
2012-08-27 10:16:51,1766.7260538558712
2012-08-27 10:17:01,1767.2504682096571
2012-08-27 10:17:10,1767.0993769085305
2012-08-27 10:17:21,1765.959255759195
2012-08-27 10:17:30,1766.5547909462032
2012-08-27 10:17:40,1755.9524431906134
2012-08-27 10:17:51,1755.9670939185187
2012-08-27 10:18:00,1761.037446217612
2012-08-27 10:18:11,1766.8765210516597
2012-08-27 10:18:20,1765.8657124061574
2012-08-27 10:18:30,1765.6845441285873
2012-08-27 10:18:41,1766.3578099692124
2012-08-27 10:18:50,1766.074676992632
2012-08-27 10:19:01,1764.1123047008116
2012-08-27 10:19:10,1765.8047375264614
2012-08-27 10:19:20,1765.313295768724
2012-08-27 10:19:31,1765.0651595793654
2012-08-27 10:19:40,1766.5639318642895
2012-08-27 10:19:51,1766.7572910792078
2012-08-27 10:20:01,1766.294595260302
2012-08-27 10:20:10,1765.7828166850793
2012-08-27 10:20:21,1766.1022425529304
2012-08-27 10:20:30,1765.8116779020115
2012-08-27 10:20:41,1766.207494774525
2012-08-27 10:20:51,1766.6070676869265
2012-08-27 10:21:00,1766.183498826738
2012-08-27 10:21:11,1765.6029026316608
2012-08-27 10:21:20,1765.7833146474097
2012-08-27 10:21:31,1765.325212791636
2012-08-27 10:21:41,1765.7724847141528
2012-08-27 10:21:50,1765.4960423200855
2012-08-27 10:22:01,1765.0040515713592
2012-08-27 10:22:10,1765.2601955146806
2012-08-27 10:22:20,1765.267354173205
2012-08-27 10:22:31,1765.2835093044991
2012-08-27 10:22:40,1765.0742145698844
2012-08-27 10:22:51,1765.885716451934
2012-08-27 10:23:00,1765.7504567058174
2012-08-27 10:23:10,1765.4491161911242
2012-08-27 10:23:21,1765.4897005788073
2012-08-27 10:23:30,1766.0032272906703
2012-08-27 10:23:41,1766.0942726340654
2012-08-27 10:23:50,1765.386980831095
2012-08-27 10:24:00,1765.1562914026586
2012-08-27 10:24:11,1765.5529707998294
2012-08-27 10:24:20,1765.8101083432066
2012-08-27 10:24:31,1765.5712572364175
2012-08-27 10:24:41,1765.4421409835923
2012-08-27 10:24:50,1765.6869392569004
2012-08-27 10:25:01,1765.5483785813635
2012-08-27 10:25:10,1765.18895766858
2012-08-27 10:25:21,1766.73986324958
2012-08-27 10:25:31,1766.3721072456233
2012-08-27 10:25:40,1766.227984224321
2012-08-27 10:25:51,1764.0952726784333
2012-08-27 10:26:00,1763.513474110791
2012-08-27 10:26:11,1764.6556253129274
2012-08-27 10:26:21,1767.6687173776143
2012-08-27 10:26:30,1766.72417971044
2012-08-27 10:26:41,1765.450644911199
2012-08-27 10:26:50,1765.6968429016179
2012-08-27 10:27:00,1765.818727885099
2012-08-27 10:27:11,1765.6711855533563
2012-08-27 10:27:20,1765.5404601848174
2012-08-27 10:27:31,1766.2497168043776
2012-08-27 10:27:40,1766.5702525110196
2012-08-27 10:27:50,1766.3622090471365
2012-08-27 10:28:01,1765.9710872562166
2012-08-27 10:28:10,1765.9272828781538
2012-08-27 10:28:21,1765.9277873991944
2012-08-27 10:28:31,1765.496150445067
2012-08-27 10:28:40,1765.8911591449378
2012-08-27 10:28:51,1766.0297186947585
2012-08-27 10:29:00,1765.8726133810997
2012-08-27 10:29:11,1765.5898132383377
2012-08-27 10:29:21,1765.53961442558
2012-08-27 10:29:30,1765.2902475141295
2012-08-27 10:29:41,1765.3112438320861
2012-08-27 10:29:50,1765.2434863679828
2012-08-27 10:30:01,1765.1756260430334
2012-08-27 10:30:11,1765.6106381444717
2012-08-27 10:30:20,1765.571421349999
2012-08-27 10:30:31,1765.4303762392578
2012-08-27 10:30:40,1765.4575864589265
2012-08-27 10:30:51,1765.5804738916338
2012-08-27 10:31:01,1765.8280177184229
2012-08-27 10:31:10,1765.7232640945804
2012-08-27 10:31:21,1765.7782974847173
2012-08-27 10:31:30,1765.6080021296082
2012-08-27 10:31:40,1765.2906675871527
2012-08-27 10:31:51,1765.2766587952412
2012-08-27 10:32:00,1764.9469593630247
2012-08-27 10:32:11,1764.8062582713144
2012-08-27 10:32:20,1764.368038565484
2012-08-27 10:32:30,1764.391808927357
2012-08-27 10:32:41,1765.0954517272062
2012-08-27 10:32:50,1765.79762457757
2012-08-27 10:33:01,1765.5126233224055
2012-08-27 10:33:11,1765.462111918388
2012-08-27 10:33:20,1765.5129186459628
2012-08-27 10:33:31,1765.4181340374373
2012-08-27 10:33:40,1765.6860410474453
2012-08-27 10:33:51,1765.9762257198477
2012-08-27 10:34:01,1765.480536116928
2012-08-27 10:34:10,1765.4862563874422
2012-08-27 10:34:21,1765.134163514473
2012-08-27 10:34:30,1765.4364751228768
2012-08-27 10:34:41,1765.468735142804
2012-08-27 10:34:51,1766.1615155051854
2012-08-27 10:35:00,1766.1519570101939
2012-08-27 10:35:11,1765.4535829200531
2012-08-27 10:35:20,1765.6953524435082
2012-08-27 10:35:30,1765.1487286934266
2012-08-27 10:35:41,1765.2912221825748
2012-08-27 10:35:50,1765.3462591759514
2012-08-27 10:36:01,1765.3487685638538
2012-08-27 10:36:10,1765.4309686436902
2012-08-27 10:36:20,1765.5510258212685
2012-08-27 10:36:31,1765.4554511614074
2012-08-27 10:36:40,1765.278282464266
2012-08-27 10:36:51,1765.3390216459425
2012-08-27 10:37:00,1765.3749131529964
2012-08-27 10:37:10,1765.2817283328427
2012-08-27 10:37:21,1765.3418574703976
2012-08-27 10:37:30,1765.1876935551188
2012-08-27 10:37:41,1765.5028202086476
2012-08-27 10:37:51,1765.6018358940808
2012-08-27 10:38:00,1765.8689741069702
2012-08-27 10:38:11,1765.8913405105554
2012-08-27 10:38:20,1765.8684715348656
2012-08-27 10:38:31,1765.699348693768
2012-08-27 10:38:41,1765.495818121556
2012-08-27 10:38:50,1765.3329491894362
2012-08-27 10:39:01,1766.267573190114
2012-08-27 10:39:10,1765.7860611422966
2012-08-27 10:39:21,1765.7110120480256
2012-08-27 10:39:31,1766.200971466244
2012-08-27 10:39:40,1765.0829485880695
2012-08-27 10:39:51,1766.0489451258359
2012-08-27 10:40:00,1765.9064432684413
2012-08-27 10:40:10,1765.4515878888817
2012-08-27 10:40:21,1765.4604064204661
2012-08-27 10:40:30,1765.3925714064367
2012-08-27 10:40:41,1765.8576939035772
2012-08-27 10:40:50,1765.933401583533
2012-08-27 10:41:00,1765.950673469352
2012-08-27 10:41:11,1765.8265053330151
2012-08-27 10:41:20,1765.7855589519108
2012-08-27 10:41:31,1765.578815826113
2012-08-27 10:41:40,1759.9970625000278
2012-08-27 10:41:50,1759.1661549430426
2012-08-27 10:42:01,1763.0758060275439
2012-08-27 10:42:10,1763.068251261906
2012-08-27 10:42:21,1762.648637783336
2012-08-27 10:42:31,1762.5485022775777
2012-08-27 10:42:40,1762.6249208350612
2012-08-27 10:42:51,1762.837223396169
2012-08-27 10:43:00,1762.9082075962297
2012-08-27 10:43:11,1762.9793703815237
2012-08-27 10:43:21,1763.040579343715
2012-08-27 10:43:30,1762.9517022561224
2012-08-27 10:43:41,1763.0989511945224
2012-08-27 10:43:50,1762.9560454563762
2012-08-27 10:44:01,1762.8585459179048
2012-08-27 10:44:11,1762.1155995604654
2012-08-27 10:44:20,1761.9655191323384
2012-08-27 10:44:31,1762.09552310329
2012-08-27 10:44:40,1762.060571106571
2012-08-27 10:44:50,1762.8568326745526
2012-08-27 10:45:01,1762.626963506636
2012-08-27 10:45:10,1762.271384910421
2012-08-27 10:45:21,1762.4226654739075
2012-08-27 10:45:30,1762.134938636046
2012-08-27 10:45:40,1762.0146070390763
2012-08-27 10:45:51,1762.103731903919
2012-08-27 10:46:00,1762.421101079641
2012-08-27 10:46:11,1762.2972710929198
2012-08-27 10:46:20,1763.1761544577093
2012-08-27 10:46:30,1763.7817006146872
2012-08-27 10:46:41,1764.1576881080257
2012-08-27 10:46:50,1763.875102692208
2012-08-27 10:47:01,1763.1171246309416
2012-08-27 10:47:11,1762.5950556703428
2012-08-27 10:47:20,1762.6236005683472
2012-08-27 10:47:31,1762.4825683810961
2012-08-27 10:47:40,1763.0557475172886
2012-08-27 10:47:51,1762.707263545216
2012-08-27 10:48:01,1762.6138015935567
2012-08-27 10:48:10,1762.7866446531668
2012-08-27 10:48:21,1763.670297499789
2012-08-27 10:48:30,1763.1415405706903
2012-08-27 10:48:41,1762.8837164692675
2012-08-27 10:48:51,1762.9936892025662
2012-08-27 10:49:00,1762.8861707211602
2012-08-27 10:49:11,1763.304550718632
2012-08-27 10:49:20,1763.2283683549035
2012-08-27 10:49:30,1763.0887166552316
2012-08-27 10:49:41,1762.8341666478861
2012-08-27 10:49:50,1763.559917447404
2012-08-27 10:50:01,1763.1139331068196
2012-08-27 10:50:10,1762.7467304989823
2012-08-27 10:50:20,1762.4946621150254
2012-08-27 10:50:31,1760.2393698284059
2012-08-27 10:50:40,1758.5453297798733
2012-08-27 10:50:51,1760.0171490415348
2012-08-27 10:51:01,1760.3284857251992
2012-08-27 10:51:10,1760.1335877056238
2012-08-27 10:51:21,1759.3722483412496
2012-08-27 10:51:30,1758.9281875651254
2012-08-27 10:51:41,1758.4656252180152
2012-08-27 10:51:51,1757.3353535048407
2012-08-27 10:52:00,1758.1116356429977
2012-08-27 10:52:11,1758.4244426725215
2012-08-27 10:52:20,1758.3361696786103
2012-08-27 10:52:31,1757.2818459055609
2012-08-27 10:52:41,1757.7863843418866
2012-08-27 10:52:50,1759.6927603354463
2012-08-27 10:53:01,1759.2756496143102
2012-08-27 10:53:10,1759.4331043548498
2012-08-27 10:53:21,1759.5536208270014
2012-08-27 10:53:31,1759.4363190925756
2012-08-27 10:53:40,1759.3515629629549
2012-08-27 10:53:51,1758.831053464455
2012-08-27 10:54:00,1759.4813918867264
2012-08-27 10:54:10,1758.8580465057066
2012-08-27 10:54:21,1759.1405184326252
2012-08-27 10:54:30,1758.1829191276295
2012-08-27 10:54:41,1758.7787101465397
2012-08-27 10:54:50,1758.6189406313545
2012-08-27 10:55:00,1758.939712436465
2012-08-27 10:55:11,1759.292231668449
2012-08-27 10:55:20,1759.0524391463348
2012-08-27 10:55:31,1759.5377935788583
2012-08-27 10:55:41,1759.9026856352928
2012-08-27 10:55:50,1759.9966400784551
2012-08-27 10:56:01,1760.0986210336828
2012-08-27 10:56:10,1759.5129053258222
2012-08-27 10:56:21,1759.4947843686361
2012-08-27 10:56:31,1759.733957083951
2012-08-27 10:56:40,1759.8596837121472
2012-08-27 10:56:51,1759.0555674931356
2012-08-27 10:57:00,1758.7288219068512
2012-08-27 10:57:11,1758.6713995638588
2012-08-27 10:57:21,1758.688871079207
2012-08-27 10:57:30,1758.6890666061875
2012-08-27 10:57:41,1759.394937723373
2012-08-27 10:57:50,1761.265103482716
2012-08-27 10:58:00,1759.7328224518299
2012-08-27 10:58:11,1759.5705434852223
2012-08-27 10:58:20,1759.4452953768398
2012-08-27 10:58:31,1759.6914029362963
2012-08-27 10:58:40,1758.894613090971
2012-08-27 10:58:50,1759.3785652536237
2012-08-27 10:59:01,1759.4852037790977
2012-08-27 10:59:10,1758.891414691762
2012-08-27 10:59:21,1759.1331034591844
2012-08-27 10:59:30,1759.6123973271915
2012-08-27 10:59:40,1758.8789345178336
2012-08-27 10:59:51,1760.0122935274717
2012-08-27 11:00:00,1759.3412526122652
2012-08-27 11:00:11,1757.9355711821336
2012-08-27 11:00:21,1759.9144399252434
2012-08-27 11:00:30,1759.7148228061662
2012-08-27 11:00:41,1759.9051659626468
2012-08-27 11:00:50,1760.5358940781505
2012-08-27 11:01:01,1760.4741354388261
2012-08-27 11:01:11,1759.3279519714265
2012-08-27 11:01:20,1759.2043437836624
2012-08-27 11:01:31,1759.7549554407449
2012-08-27 11:01:40,1759.6336717977354
2012-08-27 11:01:51,1759.0513553274375
2012-08-27 11:02:01,1758.9680555995565
2012-08-27 11:02:10,1759.001039230083
2012-08-27 11:02:21,1759.185395056417
2012-08-27 11:02:30,1758.8420026346362
2012-08-27 11:02:40,1758.0183409206297
2012-08-27 11:02:51,1758.6917812565118
2012-08-27 11:03:00,1758.9261021887842
2012-08-27 11:03:11,1758.20539568413
2012-08-27 11:03:20,1757.8230267470587
2012-08-27 11:03:30,1758.0055845980144
2012-08-27 11:03:41,1758.285264047474
2012-08-27 11:03:50,1758.288054267495
2012-08-27 11:04:01,1758.6845159767024
2012-08-27 11:04:10,1758.2381831742575
2012-08-27 11:04:20,1758.2744483120318
2012-08-27 11:04:31,1758.7302521901322
2012-08-27 11:04:40,1759.4792614343635
2012-08-27 11:04:51,1759.0674110036935
2012-08-27 11:05:01,1758.367389538317
2012-08-27 11:05:10,1758.7891958525956
2012-08-27 11:05:21,1759.6657147391172
2012-08-27 11:05:30,1760.1497976630803
2012-08-27 11:05:41,1759.8109896961398
2012-08-27 11:05:51,1759.240601494759
2012-08-27 11:06:00,1758.4810011147797
2012-08-27 11:06:11,1758.8185030588552
2012-08-27 11:06:20,1758.9642210944658
2012-08-27 11:06:31,1758.1401975440467
2012-08-27 11:06:41,1758.6172152532
2012-08-27 11:06:50,1758.3081260432814
2012-08-27 11:07:01,1760.1969163144245
2012-08-27 11:07:10,1759.2649110776754
2012-08-27 11:07:20,1759.2016873357252
2012-08-27 11:07:31,1758.812670433653
2012-08-27 11:07:40,1758.4724113574364
2012-08-27 11:07:51,1758.7491966507996
2012-08-27 11:08:00,1758.5881717442956
2012-08-27 11:08:10,1758.7732504652145
2012-08-27 11:08:21,1759.2685446242294
2012-08-27 11:08:30,1758.6766949562466
2012-08-27 11:08:41,1758.2305047386983
2012-08-27 11:08:50,1758.0500193832659
2012-08-27 11:09:00,1758.5018618468255
2012-08-27 11:09:11,1759.1453793450232
2012-08-27 11:09:20,1757.8986478304457
2012-08-27 11:09:31,1756.8017753805366
2012-08-27 11:09:41,1758.1220983401338
2012-08-27 11:09:50,1759.438266456187
2012-08-27 11:10:01,1760.464448959005
2012-08-27 11:10:10,1759.5640710950713
2012-08-27 11:10:21,1759.2136291465963
2012-08-27 11:10:31,1759.0841505594644
2012-08-27 11:10:40,1757.6309728911729
2012-08-27 11:10:51,1757.6055319117863
2012-08-27 11:11:00,1758.502048872553
2012-08-27 11:11:11,1758.6285188513143
2012-08-27 11:11:21,1757.8187721216004
2012-08-27 11:11:30,1758.3516685134969
2012-08-27 11:11:41,1758.255128516236
2012-08-27 11:11:50,1758.941912710988
2012-08-27 11:12:00,1759.720820122105
2012-08-27 11:12:11,1757.1971293269416
2012-08-27 11:12:20,1758.0307707690758
2012-08-27 11:12:31,1758.9197355863662
2012-08-27 11:12:40,1758.4741890831224
2012-08-27 11:12:50,1758.3491913433425
2012-08-27 11:13:01,1758.0508058653418
2012-08-27 11:13:10,1757.423426193499
2012-08-27 11:13:21,1757.1973287937656
2012-08-27 11:13:31,1757.464268785123
2012-08-27 11:13:40,1758.1632811612005
2012-08-27 11:13:51,1758.4127967508487
2012-08-27 11:14:00,1758.7234170849015
2012-08-27 11:14:11,1758.6507308560772
2012-08-27 11:14:21,1758.6051144484643
2012-08-27 11:14:30,1758.8444885407198
2012-08-27 11:14:41,1758.9975138728305
2012-08-27 11:14:50,1759.6144838771766
2012-08-27 11:15:01,1759.792005006826
2012-08-27 11:15:11,1760.1053522753182
2012-08-27 11:15:20,1760.111254564152
2012-08-27 11:15:31,1759.9876355736249
2012-08-27 11:15:40,1760.095463831783
2012-08-27 11:15:51,1759.83159608771
2012-08-27 11:16:01,1760.554578734571
2012-08-27 11:16:10,1759.9898243734713
2012-08-27 11:16:21,1759.4571441164405
2012-08-27 11:16:30,1759.6983256925118
2012-08-27 11:16:40,1758.7255351708257
2012-08-27 11:16:51,1759.133935708907
2012-08-27 11:17:00,1759.766014105103
2012-08-27 11:17:11,1760.1004115517462
2012-08-27 11:17:20,1758.9884972151451
2012-08-27 11:17:30,1759.208547474881
2012-08-27 11:17:41,1759.418200956401
2012-08-27 11:17:50,1758.850586614796
2012-08-27 11:18:01,1758.6494447862244
2012-08-27 11:18:11,1759.2168550676913
2012-08-27 11:18:20,1760.4251158353431
2012-08-27 11:18:31,1759.2126949773321
2012-08-27 11:18:40,1759.1114336732453
2012-08-27 11:18:51,1759.2574858924404
2012-08-27 11:19:01,1759.3335756913366
2012-08-27 11:19:10,1759.925374187456
2012-08-27 11:19:21,1759.416400244902
2012-08-27 11:19:30,1758.7821793664568
2012-08-27 11:19:41,1759.5351348986032
2012-08-27 11:19:51,1760.0479735859362
2012-08-27 11:20:00,1762.904610090092
2012-08-27 11:20:11,1761.8542111638558
2012-08-27 11:20:20,1761.4081225797006
2012-08-27 11:20:30,1761.673685608381
2012-08-27 11:20:41,1761.089391645699
2012-08-27 11:20:50,1760.8719870455013
2012-08-27 11:21:01,1760.1260929628202
2012-08-27 11:21:10,1770.7932638710079
2012-08-27 11:21:20,1779.9478477141022
2012-08-27 11:21:31,1786.0700637806854
2012-08-27 11:21:40,1791.8482532581456
2012-08-27 11:21:51,1796.729782677327
2012-08-27 11:22:00,1797.8234097155482
2012-08-27 11:22:10,1800.9143644367832
2012-08-27 11:22:21,1802.550862447506
2012-08-27 11:22:30,1805.0295154922828
2012-08-27 11:22:41,1804.6429525427063
2012-08-27 11:22:51,1805.451197548118
2012-08-27 11:23:00,1805.9270266052947
2012-08-27 11:23:11,1806.0385439206038
2012-08-27 11:23:20,1808.0611710524931
2012-08-27 11:23:31,1808.1836224173649
2012-08-27 11:23:41,1808.1628301463895
2012-08-27 11:23:50,1808.3834405184405
2012-08-27 11:24:01,1807.9087205414032
2012-08-27 11:24:10,1808.992050379073
2012-08-27 11:24:21,1808.9039607163159
2012-08-27 11:24:31,1809.3250712235456
2012-08-27 11:24:40,1809.7665711361492
2012-08-27 11:24:51,1809.2710864089618
2012-08-27 11:25:00,1808.7192687464212
2012-08-27 11:25:10,1809.0147486392495
2012-08-27 11:25:21,1805.1318334417424
2012-08-27 11:25:30,1805.1535490731333
2012-08-27 11:25:41,1805.3618719793828
2012-08-27 11:25:50,1805.893252587214
2012-08-27 11:26:00,1805.7599956262447
2012-08-27 11:26:11,1805.1966306789357
2012-08-27 11:26:20,1805.3953904633038
2012-08-27 11:26:31,1805.0316605410342
2012-08-27 11:26:40,1805.4068273942823
2012-08-27 11:26:50,1805.8497922922388
2012-08-27 11:27:01,1805.6311019801965
2012-08-27 11:27:10,1805.9623938559014
2012-08-27 11:27:21,1805.817838468571
2012-08-27 11:27:31,1806.169156554816
2012-08-27 11:27:40,1806.235334321971
2012-08-27 11:27:51,1806.4098030919579
2012-08-27 11:28:00,1809.6382511489705
2012-08-27 11:28:11,1813.1597119408773
2012-08-27 11:28:21,1817.3408879333708
2012-08-27 11:28:30,1820.3027510171685
2012-08-27 11:28:41,1823.7824610168202
2012-08-27 11:28:50,1823.623981171604
2012-08-27 11:29:01,1823.896938976652
2012-08-27 11:29:11,1823.0647829087538
2012-08-27 11:29:20,1823.5498508040419
2012-08-27 11:29:31,1823.2819270857374
2012-08-27 11:29:40,1822.4297375448093
2012-08-27 11:29:50,1822.5405863789754
2012-08-27 11:30:01,1823.8595459729224
2012-08-27 11:30:10,1826.7955824051994
2012-08-27 11:30:21,1828.5735260433178
2012-08-27 11:30:30,1829.8204260959762
2012-08-27 11:30:40,1833.9619401326922
2012-08-27 11:30:51,1832.8406553838358
2012-08-27 11:31:00,1832.3437855354673
2012-08-27 11:31:11,1831.7493026324714
2012-08-27 11:31:20,1830.9346820301175
2012-08-27 11:31:30,1830.8508808173196
2012-08-27 11:31:41,1832.7228760311057
2012-08-27 11:31:50,1832.671293940225
2012-08-27 11:32:01,1832.1101140597123
2012-08-27 11:32:11,1831.2387274923021
2012-08-27 11:32:20,1831.7935393417008
2012-08-27 11:32:31,1834.0955880445324
2012-08-27 11:32:40,1833.6044825640197
2012-08-27 11:32:51,1831.731732205493
2012-08-27 11:33:01,1832.37424399448
2012-08-27 11:33:10,1832.70568242658
2012-08-27 11:33:21,1832.6032687741122
2012-08-27 11:33:30,1833.9577931844124
2012-08-27 11:33:41,1834.1554353335287
2012-08-27 11:33:51,1833.8363006117063
2012-08-27 11:34:00,1832.710331972892
2012-08-27 11:34:11,1832.7823578425841
2012-08-27 11:34:20,1833.0344151067673
2012-08-27 11:34:30,1831.7570700560918
2012-08-27 11:34:41,1828.3194866031376
2012-08-27 11:34:50,1829.8846048229705
2012-08-27 11:35:01,1830.1481706469322
2012-08-27 11:35:10,1831.0943276716441
2012-08-27 11:35:20,1831.295551319813
2012-08-27 11:35:31,1832.3334916709225
2012-08-27 11:35:40,1832.0682207397876
2012-08-27 11:35:51,1830.0120926810207
2012-08-27 11:36:01,1833.2497162210802
2012-08-27 11:36:10,1836.6549775373114
2012-08-27 11:36:21,1836.5502312213205
2012-08-27 11:36:30,1836.4610539609641
2012-08-27 11:36:41,1836.0921583798442
2012-08-27 11:36:51,1835.5311147291857
2012-08-27 11:37:00,1836.2205592299183
2012-08-27 11:37:11,1836.0420495392157
2012-08-27 11:37:20,1836.63200744885
2012-08-27 11:37:31,1836.1438285318202
2012-08-27 11:37:41,1836.5721781770244
2012-08-27 11:37:50,1837.9209781754585
2012-08-27 11:38:01,1840.1782809081678
2012-08-27 11:38:10,1838.9154047907523
2012-08-27 11:38:21,1839.3157226895232
2012-08-27 11:38:31,1841.0849504660246
2012-08-27 11:38:40,1841.9472917547364
2012-08-27 11:38:51,1841.3420643163242
2012-08-27 11:39:00,1841.8746577658035
2012-08-27 11:39:10,1841.9052705690044
2012-08-27 11:39:21,1845.4280572543703
2012-08-27 11:39:30,1849.0726299898956
2012-08-27 11:39:41,1846.4587782906772
2012-08-27 11:39:50,1847.9247727733898
2012-08-27 11:40:00,1847.7987526170525
2012-08-27 11:40:11,1847.409019165393
2012-08-27 11:40:20,1847.0290148148752
2012-08-27 11:40:31,1850.3323329139516
2012-08-27 11:40:41,1855.0825503076937
2012-08-27 11:40:50,1856.9070912045713
2012-08-27 11:41:01,1856.5394115538759
2012-08-27 11:41:10,1855.7138784894319
2012-08-27 11:41:21,1856.0505146014427
2012-08-27 11:41:31,1856.6230948132147
2012-08-27 11:41:40,1856.4420850928132
2012-08-27 11:41:51,1857.6797098257719
2012-08-27 11:42:00,1857.1580654137256
2012-08-27 11:42:11,1856.7046350631063
2012-08-27 11:42:21,1856.4479955289742
2012-08-27 11:42:30,1856.2312277247124
2012-08-27 11:42:41,1855.8011680614911
2012-08-27 11:42:50,1857.2545286082623
2012-08-27 11:43:00,1856.8982344130218
2012-08-27 11:43:11,1857.3717539269542
2012-08-27 11:43:20,1857.3716111092506
2012-08-27 11:43:31,1860.2679828655318
2012-08-27 11:43:40,1858.5214303833607
2012-08-27 11:43:50,1858.2491888609943
2012-08-27 11:44:01,1858.3490952965285
2012-08-27 11:44:10,1857.896588956695
2012-08-27 11:44:21,1858.1223424019006
2012-08-27 11:44:30,1857.5851576100324
2012-08-27 11:44:40,1858.5599048908634
2012-08-27 11:44:51,1857.199048936068
2012-08-27 11:45:00,1856.8307974948336
2012-08-27 11:45:11,1856.351796094825
2012-08-27 11:45:21,1856.8254521872682
2012-08-27 11:45:30,1856.6715708990123
2012-08-27 11:45:41,1856.5910026179638
2012-08-27 11:45:50,1856.7542628334647
2012-08-27 11:46:01,1856.59430941646
2012-08-27 11:46:11,1857.4901936035008
2012-08-27 11:46:20,1859.9523779953413
2012-08-27 11:46:31,1860.2270538285634
2012-08-27 11:46:40,1860.524622094528
2012-08-27 11:46:51,1859.4059525180985
2012-08-27 11:47:01,1859.0846814206734
2012-08-27 11:47:10,1860.523878242122
2012-08-27 11:47:21,1860.7582272384757
2012-08-27 11:47:30,1863.2050949519876
2012-08-27 11:47:40,1868.1982456461365
2012-08-27 11:47:51,1869.6777383214248
2012-08-27 11:48:00,1868.3432851726118
2012-08-27 11:48:11,1869.0099621243178
2012-08-27 11:48:20,1868.4219251937645
2012-08-27 11:48:30,1867.6084610884946
2012-08-27 11:48:41,1867.058893887298
2012-08-27 11:48:50,1869.5374954017423
2012-08-27 11:49:01,1868.5833909716573
2012-08-27 11:49:10,1868.8412190369686
2012-08-27 11:49:20,1869.1192303244018
2012-08-27 11:49:31,1868.4810991834138
2012-08-27 11:49:40,1868.092569147308
2012-08-27 11:49:51,1868.4747834116986
2012-08-27 11:50:01,1867.2303601745732
2012-08-27 11:50:10,1867.046979231664
2012-08-27 11:50:21,1867.0979999854262
2012-08-27 11:50:30,1866.0681841969026
2012-08-27 11:50:41,1865.4235335667702
2012-08-27 11:50:51,1864.6360446585402
2012-08-27 11:51:00,1869.4760987788757
2012-08-27 11:51:11,1868.0539744719888
2012-08-27 11:51:20,1867.0915912675339
2012-08-27 11:51:31,1867.680057897992
2012-08-27 11:51:41,1869.6287031630345
2012-08-27 11:51:50,1869.898956971064
2012-08-27 11:52:01,1868.9905100611031
2012-08-27 11:52:10,1868.2122766200782
2012-08-27 11:52:20,1868.8451308862982
2012-08-27 11:52:31,1869.0736331828277
2012-08-27 11:52:40,1867.7571787250195
2012-08-27 11:52:51,1869.2272063095209
2012-08-27 11:53:00,1869.6701167800886
2012-08-27 11:53:10,1868.94551492836
2012-08-27 11:53:21,1868.3272768256643
2012-08-27 11:53:30,1868.1797504313151
2012-08-27 11:53:41,1868.1896985922988
2012-08-27 11:53:50,1866.7540420081243
2012-08-27 11:54:00,1865.6398416376971
2012-08-27 11:54:11,1866.4744474184313
2012-08-27 11:54:20,1865.8912663114684
2012-08-27 11:54:31,1865.7295698051166
2012-08-27 11:54:41,1864.7543926371827
2012-08-27 11:54:50,1864.9497430351744
2012-08-27 11:55:01,1865.3946096065738
2012-08-27 11:55:10,1864.9371890200507
2012-08-27 11:55:21,1865.6309616850876
2012-08-27 11:55:31,1866.046397760557
2012-08-27 11:55:40,1867.2266711766931
2012-08-27 11:55:51,1868.4355440597885
2012-08-27 11:56:00,1868.4176074425661
2012-08-27 11:56:11,1868.517908993334
2012-08-27 11:56:21,1869.594682403665
2012-08-27 11:56:30,1870.1824967200953
2012-08-27 11:56:41,1870.3932712091123
2012-08-27 11:56:50,1869.1698312905212
2012-08-27 11:57:00,1868.716822233913
2012-08-27 11:57:11,1870.864856554702
2012-08-27 11:57:20,1870.0862058327486
2012-08-27 11:57:31,1871.247435820553
2012-08-27 11:57:40,1871.8029442713841
2012-08-27 11:57:50,1872.9170326824058
2012-08-27 11:58:01,1871.3655041428271
2012-08-27 11:58:10,1869.596093030532
2012-08-27 11:58:21,1870.547497497061
2012-08-27 11:58:31,1868.669947296426
2012-08-27 11:58:40,1867.5167700122686
2012-08-27 11:58:51,1868.534573959036
2012-08-27 11:59:00,1868.7010530395398
2012-08-27 11:59:11,1871.0720463054988
2012-08-27 11:59:21,1871.4955786807236
2012-08-27 11:59:30,1870.6849827711756
2012-08-27 11:59:41,1869.9546659862654
2012-08-27 11:59:50,1870.4427941586564
2012-08-27 12:00:01,1868.3658035694543
2012-08-27 12:00:11,1870.4402909722696
2012-08-27 12:00:20,1873.5145181754206
2012-08-27 12:00:31,1871.854198301537
2012-08-27 12:00:40,1869.1405262484398
2012-08-27 12:00:51,1872.4222820312223
2012-08-27 12:01:01,1871.9578880819995
2012-08-27 12:01:10,1869.7352990521429
2012-08-27 12:01:21,1868.4789955216165
2012-08-27 12:01:30,1868.6593419668507
2012-08-27 12:01:40,1869.2207168550865
2012-08-27 12:01:51,1868.3330206088244
2012-08-27 12:02:00,1868.4477306597987
2012-08-27 12:02:11,1869.1683272650482
2012-08-27 12:02:20,1868.4609090772033
2012-08-27 12:02:30,1868.3836693385463
2012-08-27 12:02:41,1872.6840232463785
2012-08-27 12:02:50,1869.8553629527373
2012-08-27 12:03:01,1870.5339129274787
2012-08-27 12:03:11,1870.4812690861274
2012-08-27 12:03:20,1870.0758842042537
2012-08-27 12:03:31,1869.841737495938
2012-08-27 12:03:40,1868.7354032477035
2012-08-27 12:03:51,1868.414775049491
2012-08-27 12:04:01,1870.762456688168
2012-08-27 12:04:10,1870.74162914147
2012-08-27 12:04:21,1870.230823596868
2012-08-27 12:04:30,1871.8214179198312
2012-08-27 12:04:41,1871.9002165688848
2012-08-27 12:04:51,1871.9612072369105
2012-08-27 12:05:00,1871.0629831899041
2012-08-27 12:05:11,1871.8471975492766
2012-08-27 12:05:20,1872.2004685508873
2012-08-27 12:05:30,1873.4798170857043
2012-08-27 12:05:41,1871.8745862018718
2012-08-27 12:05:50,1872.6931663142982
2012-08-27 12:06:01,1872.530235086202
2012-08-27 12:06:10,1871.1561704594071
2012-08-27 12:06:20,1871.5280897009172
2012-08-27 12:06:31,1871.1892016321658
2012-08-27 12:06:40,1871.6717230607558
2012-08-27 12:06:51,1870.4790698151114
2012-08-27 12:07:00,1871.511197935008
2012-08-27 12:07:10,1872.499812511556
2012-08-27 12:07:21,1871.2030068069043
2012-08-27 12:07:30,1871.7277871639826
2012-08-27 12:07:41,1871.9451883893294
2012-08-27 12:07:51,1873.8160457768486
2012-08-27 12:08:00,1874.5800491242253
2012-08-27 12:08:11,1876.2430259621672
2012-08-27 12:08:20,1878.6966317573651
2012-08-27 12:08:31,1879.4858530891693
2012-08-27 12:08:41,1880.2753401281682
2012-08-27 12:08:50,1875.3714445142975
2012-08-27 12:09:01,1874.621722294865
2012-08-27 12:09:10,1876.0908445774598
2012-08-27 12:09:21,1877.4597160333171
2012-08-27 12:09:31,1876.61575094971
2012-08-27 12:09:40,1877.489258452341
2012-08-27 12:09:51,1876.5816752418004
2012-08-27 12:10:00,1875.2641452008565
2012-08-27 12:10:10,1874.024181355719
2012-08-27 12:10:21,1874.8916580318264
2012-08-27 12:10:30,1875.001745655851
2012-08-27 12:10:41,1875.331942556283
2012-08-27 12:10:50,1875.28150728866
2012-08-27 12:11:00,1875.5639603536742
2012-08-27 12:11:11,1873.3986028262245
2012-08-27 12:11:20,1871.0090785602522
2012-08-27 12:11:31,1870.8167031862313
2012-08-27 12:11:40,1871.0636661637843
2012-08-27 12:11:50,1871.8494151819805
2012-08-27 12:12:01,1873.0712952860395
2012-08-27 12:12:10,1871.465162210468
2012-08-27 12:12:21,1871.8779534477485
2012-08-27 12:12:31,1871.7404462166146
2012-08-27 12:12:40,1870.4530326006345
2012-08-27 12:12:51,1869.9876269551019
2012-08-27 12:13:00,1869.2383207431096
2012-08-27 12:13:11,1871.1850413085324
2012-08-27 12:13:21,1873.50815153883
2012-08-27 12:13:30,1871.6198808998256
2012-08-27 12:13:41,1870.6543512724375
2012-08-27 12:13:50,1872.3423510382106
2012-08-27 12:14:01,1869.2587772839374
2012-08-27 12:14:11,1869.091451816556
2012-08-27 12:14:20,1868.0078325153524
2012-08-27 12:14:31,1866.2758905280764
2012-08-27 12:14:40,1867.082875012002
2012-08-27 12:14:50,1869.2640066377758
2012-08-27 12:15:01,1870.4806010061754
2012-08-27 12:15:10,1871.3714376993057
2012-08-27 12:15:21,1869.465034429396
2012-08-27 12:15:30,1871.3775289171851
2012-08-27 12:15:40,1876.5115471611198
2012-08-27 12:15:51,1881.461979802484
2012-08-27 12:16:00,1883.6223120332477
2012-08-27 12:16:11,1885.7365486591473
2012-08-27 12:16:20,1886.6432495752601
2012-08-27 12:16:30,1889.9077338312613
2012-08-27 12:16:41,1889.6518293528425
2012-08-27 12:16:50,1889.4215357095325
2012-08-27 12:17:01,1891.1214313729383
2012-08-27 12:17:11,1889.247685968643
2012-08-27 12:17:20,1886.0487709913962
2012-08-27 12:17:31,1886.9673910031834
2012-08-27 12:17:40,1884.7603664283333
2012-08-27 12:17:51,1884.3643554222954
2012-08-27 12:18:01,1884.0871133047526
2012-08-27 12:18:10,1883.1030026875658
2012-08-27 12:18:21,1882.6644591455292
2012-08-27 12:18:30,1882.6275147648962
2012-08-27 12:18:41,1882.257377747487
2012-08-27 12:18:51,1882.6288073129413
2012-08-27 12:19:00,1881.3664733435664
2012-08-27 12:19:11,1880.8941025648219
2012-08-27 12:19:20,1881.6161901450266
2012-08-27 12:19:30,1882.034423712949
2012-08-27 12:19:41,1889.1647679015744
2012-08-27 12:19:50,1889.0428234521326
2012-08-27 12:20:01,1889.6831095931282
2012-08-27 12:20:10,1889.3115679965322
2012-08-27 12:20:20,1889.29740067171
2012-08-27 12:20:31,1887.9663035561173
2012-08-27 12:20:40,1882.2508101862725
2012-08-27 12:20:51,1882.5218304630146
2012-08-27 12:21:01,1882.0964263606502
2012-08-27 12:21:10,1881.776449852683
2012-08-27 12:21:21,1882.426260295125
2012-08-27 12:21:30,1882.3064398222753
2012-08-27 12:21:41,1881.82431680604
2012-08-27 12:21:51,1881.8959921958356
2012-08-27 12:22:00,1882.1203215163744
2012-08-27 12:22:11,1882.0518663021946
2012-08-27 12:22:20,1883.6577328714034
2012-08-27 12:22:31,1883.4515736065368
2012-08-27 12:22:41,1883.0670756006666
2012-08-27 12:22:50,1883.133106547792
2012-08-27 12:23:01,1882.964015785471
2012-08-27 12:23:10,1883.2550111765686
2012-08-27 12:23:21,1883.856943697998
2012-08-27 12:23:31,1884.330172167072
2012-08-27 12:23:40,1883.5887810474017
2012-08-27 12:23:51,1883.759235642287
2012-08-27 12:24:00,1883.3127705208087
2012-08-27 12:24:10,1882.5408473251018
2012-08-27 12:24:21,1882.6259390910666
2012-08-27 12:24:30,1882.9038931747295
2012-08-27 12:24:41,1882.5756935966251
2012-08-27 12:24:50,1882.7544172259873
2012-08-27 12:25:00,1882.83887813613
2012-08-27 12:25:11,1883.208722208354
2012-08-27 12:25:20,1881.9018641838554
2012-08-27 12:25:31,1877.2963091114461
2012-08-27 12:25:41,1875.1470474225514
2012-08-27 12:25:50,1874.274774959696
2012-08-27 12:26:01,1873.3585747849527
2012-08-27 12:26:10,1874.1906514311627
2012-08-27 12:26:21,1873.9999113158347
2012-08-27 12:26:31,1875.4041218712866
2012-08-27 12:26:40,1876.4359863187321
2012-08-27 12:26:51,1877.4719818913256
2012-08-27 12:27:00,1875.6495310554953
2012-08-27 12:27:11,1875.3607283518488
2012-08-27 12:27:21,1874.4436902769216
2012-08-27 12:27:30,1874.8331902985399
2012-08-27 12:27:41,1872.713181798271
2012-08-27 12:27:50,1872.4048719692873
2012-08-27 12:28:00,1872.2307505351766
2012-08-27 12:28:11,1872.148736982778
2012-08-27 12:28:20,1872.3071061580972
2012-08-27 12:28:31,1872.8104972390379
2012-08-27 12:28:40,1877.1165745674814
2012-08-27 12:28:50,1878.3467811306207
2012-08-27 12:29:01,1878.9480966010515
2012-08-27 12:29:10,1874.4111578910072
2012-08-27 12:29:21,1872.890106031145
2012-08-27 12:29:30,1872.7771186754992
2012-08-27 12:29:40,1873.2634841195577
2012-08-27 12:29:51,1872.6211264544618
2012-08-27 12:30:00,1873.934403297825
2012-08-27 12:30:11,1870.1019673723742
2012-08-27 12:30:21,1869.503219147614
2012-08-27 12:30:30,1869.511043070378
2012-08-27 12:30:41,1868.8037679243587
2012-08-27 12:30:50,1868.8160358994385
2012-08-27 12:31:01,1868.6989508533563
2012-08-27 12:31:11,1868.4333677796774
2012-08-27 12:31:20,1869.1463983516385
2012-08-27 12:31:31,1868.9060089739412
2012-08-27 12:31:40,1869.0933945498653
2012-08-27 12:31:51,1869.0201429372946
2012-08-27 12:32:01,1868.9134591305337
2012-08-27 12:32:10,1872.1504702448565
2012-08-27 12:32:21,1876.2737128156082
2012-08-27 12:32:30,1879.557015527784
2012-08-27 12:32:40,1882.032968047684
2012-08-27 12:32:51,1882.873338486077
2012-08-27 12:33:00,1883.4280830724113
2012-08-27 12:33:11,1883.393279936216
2012-08-27 12:33:20,1883.5736998319092
2012-08-27 12:33:30,1884.8663710440949
2012-08-27 12:33:41,1890.2746393034693
2012-08-27 12:33:50,1894.772851767936
2012-08-27 12:34:01,1896.1644718672999
2012-08-27 12:34:10,1898.7347328275819
2012-08-27 12:34:20,1905.8344205898316
2012-08-27 12:34:31,1910.7427451244985
2012-08-27 12:34:40,1912.8985509333431
2012-08-27 12:34:51,1914.0737441020603
2012-08-27 12:35:01,1917.5824300507968
2012-08-27 12:35:10,1918.4325185905648
2012-08-27 12:35:21,1920.1010349194703
2012-08-27 12:35:30,1919.1887451426383
2012-08-27 12:35:41,1919.1222956938286
2012-08-27 12:35:51,1919.723448363557
2012-08-27 12:36:00,1920.2829398918575
2012-08-27 12:36:11,1919.7699921510136
2012-08-27 12:36:20,1921.0563143703748
2012-08-27 12:36:31,1921.8934018822179
2012-08-27 12:36:41,1924.058979580416
2012-08-27 12:36:50,1929.534982873205
2012-08-27 12:37:01,1934.5776817300562
2012-08-27 12:37:10,1943.0791176363489
2012-08-27 12:37:20,1946.6621495668671
2012-08-27 12:37:31,1955.0007401915263
2012-08-27 12:37:40,1962.8383767763078
2012-08-27 12:37:51,1966.1139963056437
2012-08-27 12:38:00,1966.4662420213317
2012-08-27 12:38:10,1966.0173339269181
2012-08-27 12:38:21,1963.9072238730423
2012-08-27 12:38:30,1964.3687961238918
2012-08-27 12:38:41,1964.572730545706
2012-08-27 12:38:50,1964.9802942167335
2012-08-27 12:39:00,1965.2112214123576
2012-08-27 12:39:11,1965.955625888246
2012-08-27 12:39:20,1966.8769320518259
2012-08-27 12:39:31,1967.077985952944
2012-08-27 12:39:41,1966.1069508043547
2012-08-27 12:39:50,1965.285597866471
2012-08-27 12:40:01,1965.3682368705752
2012-08-27 12:40:10,1965.329647007491
2012-08-27 12:40:21,1965.3026158103642
2012-08-27 12:40:31,1965.0068179203024
2012-08-27 12:40:40,1964.818070282993
2012-08-27 12:40:51,1965.286810386395
2012-08-27 12:41:00,1966.1824620028767
2012-08-27 12:41:11,1963.915789842658
2012-08-27 12:41:21,1964.8533189184288
2012-08-27 12:41:30,1965.0594520113045
2012-08-27 12:41:41,1965.6159321614607
2012-08-27 12:41:50,1964.3416432726187
2012-08-27 12:42:00,1965.547943880816
2012-08-27 12:42:11,1966.4949044894452
2012-08-27 12:42:20,1966.8899119960076
2012-08-27 12:42:31,1961.172815434595
2012-08-27 12:42:40,1965.166795326782
2012-08-27 12:42:50,1965.403853648483
2012-08-27 12:43:01,1964.8763084812547
2012-08-27 12:43:10,1965.1270507980169
2012-08-27 12:43:21,1963.82232301304
2012-08-27 12:43:31,1965.569167954266
2012-08-27 12:43:40,1964.200834081091
2012-08-27 12:43:51,1963.4262057977173
2012-08-27 12:44:00,1964.0393428809848
2012-08-27 12:44:11,1963.701575146221
2012-08-27 12:44:21,1964.9465275487155
2012-08-27 12:44:30,1966.2744387151386
2012-08-27 12:44:41,1965.7326059693569
2012-08-27 12:44:50,1965.3898212989905
2012-08-27 12:45:01,1967.3190997029276
2012-08-27 12:45:11,1967.8387417884437
2012-08-27 12:45:20,1968.358028827267
2012-08-27 12:45:31,1968.5706827273066
2012-08-27 12:45:40,1967.566840670638
2012-08-27 12:45:51,1966.7612900946617
2012-08-27 12:46:01,1970.0798258048646
2012-08-27 12:46:10,1970.3547421199305
2012-08-27 12:46:21,1965.3795191279173
2012-08-27 12:46:30,1968.5763049512489
2012-08-27 12:46:40,1968.9650054844149
2012-08-27 12:46:51,1969.208673184751
2012-08-27 12:47:00,1968.3634874749487
2012-08-27 12:47:11,1968.876547948815
2012-08-27 12:47:20,1970.2197420883429
2012-08-27 12:47:30,1970.6580820239963
2012-08-27 12:47:41,1969.9975520705993
2012-08-27 12:47:50,1972.1758060589507
2012-08-27 12:48:01,1972.3833456983123
2012-08-27 12:48:11,1969.662589526429
2012-08-27 12:48:20,1967.9324193428433
2012-08-27 12:48:31,1968.1575211791517
2012-08-27 12:48:40,1967.468508895672
2012-08-27 12:48:51,1967.777786664077
2012-08-27 12:49:01,1967.8158865520948
2012-08-27 12:49:10,1968.2546259056949
2012-08-27 12:49:21,1967.9704915346204
2012-08-27 12:49:30,1969.966197288614
2012-08-27 12:49:41,1968.909100664792
2012-08-27 12:49:51,1968.311932236165
2012-08-27 12:50:00,1968.9137161163885
2012-08-27 12:50:11,1969.3530510412393
2012-08-27 12:50:20,1971.9991834127272
2012-08-27 12:50:30,1971.450902891058
2012-08-27 12:50:41,1971.678101776226
2012-08-27 12:50:50,1969.9740135861343
2012-08-27 12:51:01,1970.0265642039794
2012-08-27 12:51:10,1969.678981269957
2012-08-27 12:51:20,1970.5143862726889
2012-08-27 12:51:31,1970.7022440043033
2012-08-27 12:51:40,1970.8968023010643
2012-08-27 12:51:51,1970.8333533132818
2012-08-27 12:52:00,1971.1877905616204
2012-08-27 12:52:10,1968.5792681845264
2012-08-27 12:52:21,1967.9909316935962
2012-08-27 12:52:30,1968.1612109925532
2012-08-27 12:52:41,1966.1262079310075
2012-08-27 12:52:51,1965.5965381607332
2012-08-27 12:53:00,1964.8655497691716
2012-08-27 12:53:11,1963.7272609274926
2012-08-27 12:53:20,1963.7448549606522
2012-08-27 12:53:31,1963.6671229572585
2012-08-27 12:53:41,1963.1233942477795
2012-08-27 12:53:50,1957.8936699990797
2012-08-27 12:54:01,1958.7108812424117
2012-08-27 12:54:10,1958.5475154985286
2012-08-27 12:54:21,1958.6200478854844
2012-08-27 12:54:31,1955.4071313700324
2012-08-27 12:54:40,1950.4678542127479
2012-08-27 12:54:51,1949.5985709648776
2012-08-27 12:55:00,1947.27217421292
2012-08-27 12:55:10,1946.4765274196461
2012-08-27 12:55:21,1945.3923465312482
2012-08-27 12:55:30,1945.6651760319621
2012-08-27 12:55:41,1944.353796287662
2012-08-27 12:55:50,1942.6482390640724
2012-08-27 12:56:00,1943.2014776422393
2012-08-27 12:56:11,1943.709374636119
2012-08-27 12:56:20,1946.7573967679325
2012-08-27 12:56:31,1947.2053573159374
2012-08-27 12:56:40,1948.8333531808964
2012-08-27 12:56:50,1949.2754890331357
2012-08-27 12:57:01,1949.7032265409653
2012-08-27 12:57:10,1949.5166529620687
2012-08-27 12:57:21,1950.1026015186371
2012-08-27 12:57:31,1948.699345388739
2012-08-27 12:57:40,1948.0710246242447
2012-08-27 12:57:51,1948.0524720186236
2012-08-27 12:58:00,1947.9627537197916
2012-08-27 12:58:11,1946.6009318606093
2012-08-27 12:58:21,1947.288706622925
2012-08-27 12:58:30,1947.4920505217442
2012-08-27 12:58:41,1946.8660432744987
2012-08-27 12:58:50,1945.9781611900512
2012-08-27 12:59:01,1945.1968744408705
2012-08-27 12:59:11,1944.760802225804
2012-08-27 12:59:20,1945.469734636625
2012-08-27 12:59:31,1944.875623709931
2012-08-27 12:59:40,1945.1065847061777
2012-08-27 12:59:50,1946.7205970341968
2012-08-27 13:00:01,1944.9100621180235
2012-08-27 13:00:10,1944.0070137037874
2012-08-27 13:00:21,1944.2548900177453
2012-08-27 13:00:30,1943.7049183217566
2012-08-27 13:00:40,1943.6861682887784
2012-08-27 13:00:51,1944.42860089059
2012-08-27 13:01:00,1945.454446545532
2012-08-27 13:01:11,1946.121948416538
2012-08-27 13:01:20,1945.731926428336
2012-08-27 13:01:30,1946.77717628724
2012-08-27 13:01:41,1947.4187094368713
2012-08-27 13:01:50,1945.9497992465556
2012-08-27 13:02:01,1946.205492273762
2012-08-27 13:02:11,1946.6780703980835
2012-08-27 13:02:20,1948.0728384206318
2012-08-27 13:02:31,1951.1728451530232
2012-08-27 13:02:40,1950.7982044516402
2012-08-27 13:02:51,1951.135451791152
2012-08-27 13:03:01,1950.022119687562
2012-08-27 13:03:10,1951.4191814448238
2012-08-27 13:03:21,1951.6170754197674
2012-08-27 13:03:30,1951.0950787441998
2012-08-27 13:03:41,1950.4743724500488
2012-08-27 13:03:51,1951.342682577068
2012-08-27 13:04:00,1952.0812919147008
2012-08-27 13:04:11,1952.0275891256467
2012-08-27 13:04:20,1952.4200943214753
2012-08-27 13:04:30,1952.2630828233985
2012-08-27 13:04:41,1951.725399902177
2012-08-27 13:04:50,1951.284936560479
2012-08-27 13:05:01,1951.5135766461715
2012-08-27 13:05:10,1951.3102788718832
2012-08-27 13:05:20,1950.5554556336665
2012-08-27 13:05:31,1947.3682616860729
2012-08-27 13:05:40,1941.9208761253685
2012-08-27 13:05:51,1936.3888990596802
2012-08-27 13:06:01,1930.938557854249
2012-08-27 13:06:10,1927.1730604469412
2012-08-27 13:06:21,1923.2309606252727
2012-08-27 13:06:30,1922.3617799811227
2012-08-27 13:06:41,1915.8997134267572
2012-08-27 13:06:51,1912.7171083453532
2012-08-27 13:07:00,1912.3079449255695
2012-08-27 13:07:11,1912.237957955907
2012-08-27 13:07:20,1911.816625931678
2012-08-27 13:07:31,1912.320611715722
2012-08-27 13:07:41,1914.8369093622366
2012-08-27 13:07:50,1913.6663148932075
2012-08-27 13:08:01,1910.3624704956408
2012-08-27 13:08:10,1909.590821953982
2012-08-27 13:08:21,1909.860599558147
2012-08-27 13:08:31,1910.1008546827143
2012-08-27 13:08:40,1909.7623346487283
2012-08-27 13:08:51,1909.802631941918
2012-08-27 13:09:00,1909.7425044401057
2012-08-27 13:09:10,1905.899034074999
2012-08-27 13:09:21,1905.270670950188
2012-08-27 13:09:30,1904.10227173453
2012-08-27 13:09:41,1903.778741627136
2012-08-27 13:09:50,1903.4237537307233
2012-08-27 13:10:00,1903.4284661394536
2012-08-27 13:10:11,1903.6267320389047
2012-08-27 13:10:20,1903.4824169461224
2012-08-27 13:10:31,1903.1912380805438
2012-08-27 13:10:41,1903.2085611701627
2012-08-27 13:10:50,1903.2154026735461
2012-08-27 13:11:01,1898.4464726836748
2012-08-27 13:11:10,1898.805947382767
2012-08-27 13:11:21,1898.8995995994264
2012-08-27 13:11:31,1900.0668709460303
2012-08-27 13:11:40,1900.982979130243
2012-08-27 13:11:51,1902.7622454294747
2012-08-27 13:12:00,1905.3606362848873
2012-08-27 13:12:11,1905.5120134167314
2012-08-27 13:12:21,1905.6437514751449
2012-08-27 13:12:30,1905.6733329710828
2012-08-27 13:12:41,1904.2769182177844
2012-08-27 13:12:50,1902.3646451477616
2012-08-27 13:13:00,1902.567665430063
2012-08-27 13:13:11,1902.9630624140761
2012-08-27 13:13:20,1902.9166468482888
2012-08-27 13:13:31,1902.7520360121032
2012-08-27 13:13:40,1908.76630286649
2012-08-27 13:13:50,1915.1159867318672
2012-08-27 13:14:01,1916.95279424901
2012-08-27 13:14:10,1915.8430716135601
2012-08-27 13:14:21,1914.2909399921787
2012-08-27 13:14:30,1914.09392672083
2012-08-27 13:14:40,1914.8054740777043
2012-08-27 13:14:51,1918.0222017323215
2012-08-27 13:15:00,1920.374489580069
2012-08-27 13:15:11,1920.7346703371766
2012-08-27 13:15:21,1921.4263328433735
2012-08-27 13:15:30,1919.9927658891388
2012-08-27 13:15:41,1920.3586304337339
2012-08-27 13:15:50,1915.0387143439655
2012-08-27 13:16:01,1909.6436546709394
2012-08-27 13:16:11,1900.782200783884
2012-08-27 13:16:20,1900.8862710735948
2012-08-27 13:16:31,1901.5740316556407
2012-08-27 13:16:40,1901.7041861017544
2012-08-27 13:16:51,1901.9591700560493
2012-08-27 13:17:01,1897.8164506000066
2012-08-27 13:17:10,1909.3892305765062
2012-08-27 13:17:21,1907.7044335162989
2012-08-27 13:17:30,1908.0065373470031
2012-08-27 13:17:40,1907.846794683577
2012-08-27 13:17:51,1907.106508881364
2012-08-27 13:18:00,1909.2823671512751
2012-08-27 13:18:11,1910.2134906025601
2012-08-27 13:18:20,1905.9783311374701
2012-08-27 13:18:30,1902.0316876634517
2012-08-27 13:18:41,1896.4632227844825
2012-08-27 13:18:50,1891.4593530452614
2012-08-27 13:19:01,1883.1066758398465
2012-08-27 13:19:10,1879.8759653987859
2012-08-27 13:19:20,1878.102831011155
2012-08-27 13:19:31,1877.7380284240987
2012-08-27 13:19:40,1874.411612275978
2012-08-27 13:19:51,1873.70528844233
2012-08-27 13:20:01,1872.806963243469
2012-08-27 13:20:10,1869.1381188981254
2012-08-27 13:20:21,1868.9651920923143
2012-08-27 13:20:30,1868.6613976340275
2012-08-27 13:20:41,1868.7997007431522
2012-08-27 13:20:51,1868.555057024301
2012-08-27 13:21:00,1869.0628891688375
2012-08-27 13:21:11,1868.6608158870624
2012-08-27 13:21:20,1868.8518347670715
2012-08-27 13:21:31,1869.24161182536
2012-08-27 13:21:41,1869.172391506042
2012-08-27 13:21:50,1869.3464835779378
2012-08-27 13:22:01,1868.541804109052
2012-08-27 13:22:10,1867.9492497140222
2012-08-27 13:22:20,1868.2132268045373
2012-08-27 13:22:31,1868.447321766594
2012-08-27 13:22:40,1868.678045798571
2012-08-27 13:22:51,1867.3037864607554
2012-08-27 13:23:00,1867.365251742913
2012-08-27 13:23:10,1867.136867036146
2012-08-27 13:23:21,1867.0823411235176
2012-08-27 13:23:30,1866.0979043778357
2012-08-27 13:23:41,1865.9766043840364
2012-08-27 13:23:50,1866.9157601756963
2012-08-27 13:24:00,1867.5416546069032
2012-08-27 13:24:11,1867.7633730617663
2012-08-27 13:24:20,1870.9525799758878
2012-08-27 13:24:31,1871.385523358658
2012-08-27 13:24:41,1870.580305472406
2012-08-27 13:24:50,1869.880222254422
2012-08-27 13:25:01,1870.1172919780977
2012-08-27 13:25:10,1870.7611938236669
2012-08-27 13:25:21,1871.5819120444385
2012-08-27 13:25:31,1871.5778429159557
2012-08-27 13:25:40,1871.7105197786684
2012-08-27 13:25:51,1872.1990516050994
2012-08-27 13:26:00,1872.8698898316784
2012-08-27 13:26:11,1871.8973744945677
2012-08-27 13:26:21,1874.16300508638
2012-08-27 13:26:30,1873.103983401373
2012-08-27 13:26:41,1872.4829034015643
2012-08-27 13:26:50,1872.236180644698
2012-08-27 13:27:00,1871.552399402122
2012-08-27 13:27:11,1871.976169381088
2012-08-27 13:27:20,1871.0961467324958
2012-08-27 13:27:31,1871.2981325668625
2012-08-27 13:27:40,1871.3110955149407
2012-08-27 13:27:50,1871.0962427529714
2012-08-27 13:28:01,1871.3056722995775
2012-08-27 13:28:10,1871.7066833339788
2012-08-27 13:28:21,1872.180501629821
2012-08-27 13:28:31,1872.2453719847592
2012-08-27 13:28:40,1873.2659229445928
2012-08-27 13:28:51,1874.1260291625636
2012-08-27 13:29:00,1874.419506766478
2012-08-27 13:29:11,1873.0737434996017
2012-08-27 13:29:21,1873.4709638592465
2012-08-27 13:29:30,1872.7693630632994
2012-08-27 13:29:41,1872.8112465378472
2012-08-27 13:29:50,1873.1724028072929
2012-08-27 13:30:01,1873.9495865192612
2012-08-27 13:30:11,1874.586868234256
2012-08-27 13:30:20,1874.1717008593039
2012-08-27 13:30:31,1874.2337698106023
2012-08-27 13:30:40,1876.342450426976
2012-08-27 13:30:51,1875.6012938224887
2012-08-27 13:31:01,1876.9094708495554
2012-08-27 13:31:10,1878.0403057437727
2012-08-27 13:31:21,1877.395455998016
2012-08-27 13:31:30,1877.7151281827357
2012-08-27 13:31:40,1877.6618394119653
2012-08-27 13:31:51,1877.7645499975345
2012-08-27 13:32:00,1879.099932475894
2012-08-27 13:32:11,1880.8901662074309
2012-08-27 13:32:20,1881.5686693227253
2012-08-27 13:32:30,1883.2219782956163
2012-08-27 13:32:41,1882.354024766255
2012-08-27 13:32:50,1882.6299805998087
2012-08-27 13:33:01,1882.7109085923366
2012-08-27 13:33:11,1882.4541781712232
2012-08-27 13:33:20,1881.3693865165762
2012-08-27 13:33:31,1879.6952169264493
2012-08-27 13:33:40,1878.9082383969007
2012-08-27 13:33:51,1878.417890434437
2012-08-27 13:34:01,1876.1768793088127
2012-08-27 13:34:10,1873.9382554555564
2012-08-27 13:34:21,1873.2011669282222
2012-08-27 13:34:30,1873.9372162389302
2012-08-27 13:34:41,1873.5943341310265
2012-08-27 13:34:51,1872.331311886442
2012-08-27 13:35:00,1868.8610789517977
2012-08-27 13:35:11,1868.1982940298117
2012-08-27 13:35:20,1867.6370549281237
2012-08-27 13:35:30,1863.7983476017678
2012-08-27 13:35:41,1861.5818623214773
2012-08-27 13:35:50,1864.6946042278068
2012-08-27 13:36:01,1864.5496037074265
2012-08-27 13:36:10,1864.691967778467
2012-08-27 13:36:20,1867.3717818533366
2012-08-27 13:36:31,1863.24195436914
2012-08-27 13:36:40,1862.7460399848355
2012-08-27 13:36:51,1861.597216665403
2012-08-27 13:37:00,1864.2257192361208
2012-08-27 13:37:10,1864.009585982863
2012-08-27 13:37:21,1864.5009805664006
2012-08-27 13:37:30,1865.546473114146
2012-08-27 13:37:41,1865.2345814633811
2012-08-27 13:37:51,1863.6795492570207
2012-08-27 13:38:00,1863.4719451018575
2012-08-27 13:38:11,1864.4579069295287
2012-08-27 13:38:20,1863.5555388397652
2012-08-27 13:38:31,1863.4994900323743
2012-08-27 13:38:41,1863.0745415264112
2012-08-27 13:38:50,1863.0690433720044
2012-08-27 13:39:01,1862.7888818779354
2012-08-27 13:39:10,1864.0033567086155
2012-08-27 13:39:21,1863.635018973708
2012-08-27 13:39:31,1864.1349787488205
2012-08-27 13:39:40,1863.2126556060769
2012-08-27 13:39:51,1862.3166309075652
2012-08-27 13:40:00,1863.4713991315177
2012-08-27 13:40:10,1863.7002764749293
2012-08-27 13:40:21,1862.8089042743638
2012-08-27 13:40:30,1861.5808174259516
2012-08-27 13:40:41,1862.451779931509
2012-08-27 13:40:50,1863.334294491205
2012-08-27 13:41:00,1863.3369146943999
2012-08-27 13:41:11,1863.6660395289537
2012-08-27 13:41:20,1862.6373919732516
2012-08-27 13:41:31,1861.873189749062
2012-08-27 13:41:40,1864.2616464031748
2012-08-27 13:41:50,1864.5675564519927
2012-08-27 13:42:01,1862.1437309098594
2012-08-27 13:42:10,1859.7258913475514
2012-08-27 13:42:21,1857.1346642287333
2012-08-27 13:42:31,1853.9058419725882
2012-08-27 13:42:40,1850.592796745387
2012-08-27 13:42:51,1846.75819879424
2012-08-27 13:43:00,1844.1425210390946
2012-08-27 13:43:11,1837.6277421633954
2012-08-27 13:43:21,1834.140048004796
2012-08-27 13:43:30,1830.549429715118
2012-08-27 13:43:41,1830.5782152941215
2012-08-27 13:43:50,1826.8136030970818
2012-08-27 13:44:01,1826.7779585694452
2012-08-27 13:44:11,1826.0962125771034
2012-08-27 13:44:20,1823.7471180463774
2012-08-27 13:44:31,1823.2307113850513
2012-08-27 13:44:40,1823.9336730524467
2012-08-27 13:44:50,1824.0009801818528
2012-08-27 13:45:01,1824.0974579905392
2012-08-27 13:45:10,1822.8251908878067
2012-08-27 13:45:21,1820.024537622361
2012-08-27 13:45:30,1814.3387261032601
2012-08-27 13:45:40,1813.0800967280488
2012-08-27 13:45:51,1812.9318834108894
2012-08-27 13:46:00,1809.8890319567702
2012-08-27 13:46:11,1805.244804912423
2012-08-27 13:46:20,1800.471246628031
2012-08-27 13:46:30,1796.9099478368541
2012-08-27 13:46:41,1793.3525298067088
2012-08-27 13:46:50,1796.2719532614115
2012-08-27 13:47:01,1794.6017959573096
2012-08-27 13:47:11,1787.8006143086193
2012-08-27 13:47:20,1784.4906194216628
2012-08-27 13:47:31,1784.4302918603637
2012-08-27 13:47:40,1784.3542836953097
2012-08-27 13:47:51,1782.371965015891
2012-08-27 13:48:01,1780.6151962993263
2012-08-27 13:48:10,1779.7756561787166
2012-08-27 13:48:21,1774.0508842313907
2012-08-27 13:48:30,1770.8670185891697
2012-08-27 13:48:41,1764.5018457478382
2012-08-27 13:48:51,1759.7430906545908
2012-08-27 13:49:00,1756.6978297393514
2012-08-27 13:49:11,1753.0874394545397
2012-08-27 13:49:20,1747.5763527166769
2012-08-27 13:49:30,1743.023201836358
2012-08-27 13:49:41,1743.8215572978709
2012-08-27 13:49:50,1742.279345035623
2012-08-27 13:50:01,1742.3877156513156
2012-08-27 13:50:10,1738.6470475224517
2012-08-27 13:50:20,1739.6576725414393
2012-08-27 13:50:31,1739.2714315640237
2012-08-27 13:50:40,1737.443521562252
2012-08-27 13:50:51,1732.0033997651715
2012-08-27 13:51:01,1730.7676477601506
2012-08-27 13:51:10,1730.5633244129003
2012-08-27 13:51:21,1730.9540921106916
2012-08-27 13:51:30,1726.1770206416122
2012-08-27 13:51:41,1729.0285290099334
2012-08-27 13:51:51,1731.1024541165677
2012-08-27 13:52:00,1727.3595653729924
2012-08-27 13:52:11,1726.8496002225156
2012-08-27 13:52:20,1725.3863883493386
2012-08-27 13:52:31,1724.628903568261
2012-08-27 13:52:41,1726.7420431826877
2012-08-27 13:52:50,1725.991472240699
2012-08-27 13:53:01,1726.106580284652
2012-08-27 13:53:10,1724.6908643190268
2012-08-27 13:53:21,1723.637126832954
2012-08-27 13:53:31,1720.4390622708834
2012-08-27 13:53:40,1719.085652950764
2012-08-27 13:53:51,1720.1276082864042
2012-08-27 13:54:00,1720.1287423445006
2012-08-27 13:54:10,1720.672761211708
2012-08-27 13:54:21,1720.605310592581
2012-08-27 13:54:30,1722.1217057665745
2012-08-27 13:54:41,1722.3421329725236
2012-08-27 13:54:50,1721.9528594150506
2012-08-27 13:55:00,1717.109582201206
2012-08-27 13:55:11,1712.1766372897205
2012-08-27 13:55:20,1707.2763289909774
2012-08-27 13:55:31,1706.8253227918929
2012-08-27 13:55:41,1703.3498299685505
2012-08-27 13:55:50,1697.6615753812346
2012-08-27 13:56:01,1693.0888943179868
2012-08-27 13:56:10,1689.7083995451785
2012-08-27 13:56:21,1687.9671616460425
2012-08-27 13:56:31,1685.744629098807
2012-08-27 13:56:40,1683.9883800738023
2012-08-27 13:56:51,1682.6988892671138
2012-08-27 13:57:00,1679.7059706446355
2012-08-27 13:57:11,1675.3782490683195
2012-08-27 13:57:21,1675.7229348288665
2012-08-27 13:57:30,1675.5838717705526
2012-08-27 13:57:41,1672.9575909300668
2012-08-27 13:57:50,1672.4577337750854
2012-08-27 13:58:00,1668.663573927669
2012-08-27 13:58:11,1667.2116366593766
2012-08-27 13:58:20,1665.729259629419
2012-08-27 13:58:31,1657.5089076621634
2012-08-27 13:58:40,1655.677952864259
2012-08-27 13:58:50,1655.9462564080975
2012-08-27 13:59:01,1655.8638531164017
2012-08-27 13:59:10,1655.2801381477962
2012-08-27 13:59:21,1654.4091758030925
2012-08-27 13:59:30,1653.9498840932206
2012-08-27 13:59:40,1653.5856572749578
2012-08-27 13:59:51,1649.6816240483008
2012-08-27 14:00:00,1646.5011931678287
2012-08-27 14:00:11,1643.9607777415586
2012-08-27 14:00:21,1642.2206756720764
2012-08-27 14:00:30,1644.2247446539263
2012-08-27 14:00:41,1643.940218039913
2012-08-27 14:00:50,1643.8194866141964
2012-08-27 14:01:01,1642.9990206927037
2012-08-27 14:01:11,1641.5966209065853
2012-08-27 14:01:20,1638.9238672913639
2012-08-27 14:01:31,1637.83564753382
2012-08-27 14:01:40,1634.0219683076307
2012-08-27 14:01:51,1633.0003285464682
2012-08-27 14:02:01,1634.6081399328775
2012-08-27 14:02:10,1631.967659145051
2012-08-27 14:02:21,1633.094505749453
2012-08-27 14:02:30,1631.6350494951803
2012-08-27 14:02:40,1631.151429116232
2012-08-27 14:02:51,1630.0645139395049
2012-08-27 14:03:00,1625.7086323548726
2012-08-27 14:03:11,1625.5565231045127
2012-08-27 14:03:20,1625.3368097629873
2012-08-27 14:03:30,1623.8485328392214
2012-08-27 14:03:41,1623.4681775539518
2012-08-27 14:03:50,1622.2442409313453
2012-08-27 14:04:01,1621.101018229197
2012-08-27 14:04:10,1623.1016332971608
2012-08-27 14:04:20,1623.5497621146476
2012-08-27 14:04:31,1621.040704663722
2012-08-27 14:04:40,1620.26271702355
2012-08-27 14:04:51,1620.2993373703375
2012-08-27 14:05:01,1619.470451171483
2012-08-27 14:05:10,1620.3235650491044
2012-08-27 14:05:21,1620.815769609061
2012-08-27 14:05:30,1620.4537805782802
2012-08-27 14:05:41,1620.1887351033215
2012-08-27 14:05:51,1620.7302230429375
2012-08-27 14:06:00,1619.6743392555265
2012-08-27 14:06:11,1616.553168088834
2012-08-27 14:06:20,1618.0079925540213
2012-08-27 14:06:31,1620.0195713462824
2012-08-27 14:06:41,1620.4203068565494
2012-08-27 14:06:50,1619.924185578009
2012-08-27 14:07:01,1619.9200849923393
2012-08-27 14:07:10,1622.3266686959034
2012-08-27 14:07:20,1622.440800600782
2012-08-27 14:07:31,1621.8298155639322
2012-08-27 14:07:40,1620.7408629689955
2012-08-27 14:07:51,1616.4330326201393
2012-08-27 14:08:00,1614.8570903300506
2012-08-27 14:08:10,1615.5223539776894
2012-08-27 14:08:21,1615.6720894551695
2012-08-27 14:08:30,1613.7195137399358
2012-08-27 14:08:41,1614.0440119487162
2012-08-27 14:08:50,1613.4767447490908
2012-08-27 14:09:00,1608.9823272620613
2012-08-27 14:09:11,1606.9723961951715
2012-08-27 14:09:20,1607.0533225110632
2012-08-27 14:09:31,1608.4217145922873
2012-08-27 14:09:41,1608.2718293054254
2012-08-27 14:09:50,1605.8653199614896
2012-08-27 14:10:01,1605.8999005231394
2012-08-27 14:10:10,1602.945633359414
2012-08-27 14:10:21,1601.5581974436493
2012-08-27 14:10:31,1598.306679303379
2012-08-27 14:10:40,1597.630743697257
2012-08-27 14:10:51,1596.765926836025
2012-08-27 14:11:00,1596.3450256354588
2012-08-27 14:11:11,1597.2189549335073
2012-08-27 14:11:21,1603.5225939048603
2012-08-27 14:11:30,1608.6538437281458
2012-08-27 14:11:41,1610.7351329334188
2012-08-27 14:11:50,1611.253572992553
2012-08-27 14:12:00,1611.106155694386
2012-08-27 14:12:11,1616.3492344441192
2012-08-27 14:12:20,1618.9607404545366
2012-08-27 14:12:31,1617.5026807623015
2012-08-27 14:12:40,1618.0977951655852
2012-08-27 14:12:50,1617.9533589942682
2012-08-27 14:13:01,1617.7332285600137
2012-08-27 14:13:10,1618.1005540692709
2012-08-27 14:13:21,1619.963234602323
2012-08-27 14:13:31,1620.26165553426
2012-08-27 14:13:40,1620.337866363597
2012-08-27 14:13:51,1620.8805548033715
2012-08-27 14:14:00,1621.4710641937359
2012-08-27 14:14:11,1622.337162588969
2012-08-27 14:14:21,1622.292862889587
2012-08-27 14:14:30,1619.755847701747
2012-08-27 14:14:41,1619.7647920482223
2012-08-27 14:14:50,1619.2572634116405
2012-08-27 14:15:01,1620.9309430240548
2012-08-27 14:15:11,1621.9227295034043
2012-08-27 14:15:20,1624.2766483682874
2012-08-27 14:15:31,1627.2458030165162
2012-08-27 14:15:40,1629.0313440372183
2012-08-27 14:15:51,1630.2853875430023
2012-08-27 14:16:01,1628.3400970957587
2012-08-27 14:16:10,1626.5418231512372
2012-08-27 14:16:21,1626.7964119676706
2012-08-27 14:16:30,1627.4876459961329
2012-08-27 14:16:40,1630.098977224786
2012-08-27 14:16:51,1628.440575274088
2012-08-27 14:17:00,1629.1495651715577
2012-08-27 14:17:11,1630.5545141674047
2012-08-27 14:17:20,1625.0434683665117
2012-08-27 14:17:30,1624.9972958421317
2012-08-27 14:17:41,1626.6640991969255
2012-08-27 14:17:50,1627.277337347529
2012-08-27 14:18:01,1627.357846252667
2012-08-27 14:18:11,1626.963099758469
2012-08-27 14:18:20,1628.303998496685
2012-08-27 14:18:31,1626.0018859297732
2012-08-27 14:18:40,1626.4551780378035
2012-08-27 14:18:51,1628.8439378550424
2012-08-27 14:19:01,1629.1553156246637
2012-08-27 14:19:10,1627.7982914965967
2012-08-27 14:19:21,1627.8787652879562
2012-08-27 14:19:30,1627.978315035603
2012-08-27 14:19:41,1626.710648672867
2012-08-27 14:19:51,1627.874765342383
2012-08-27 14:20:00,1630.4879949535791
2012-08-27 14:20:11,1630.7508008404184
2012-08-27 14:20:20,1632.9509699983062
2012-08-27 14:20:30,1632.8649455600168
2012-08-27 14:20:41,1628.7854515719039
2012-08-27 14:20:50,1621.3477987643375
2012-08-27 14:21:01,1620.419123804309
2012-08-27 14:21:10,1621.0711187368402
2012-08-27 14:21:20,1625.8189691013163
2012-08-27 14:21:31,1628.7105143728143
2012-08-27 14:21:40,1629.179060700009
2012-08-27 14:21:51,1631.5772459862167
2012-08-27 14:22:00,1631.963603568173
2012-08-27 14:22:10,1635.82150650762
2012-08-27 14:22:21,1636.2156834687644
2012-08-27 14:22:30,1638.293725856766
2012-08-27 14:22:41,1638.7214775662578
2012-08-27 14:22:51,1638.3247534471689
2012-08-27 14:23:00,1638.9534344348906
2012-08-27 14:23:11,1641.8858745298796
2012-08-27 14:23:20,1646.562013156946
2012-08-27 14:23:31,1646.044971424303
2012-08-27 14:23:41,1644.7102761258602
2012-08-27 14:23:50,1644.2420053886606
2012-08-27 14:24:01,1644.4316840490133
2012-08-27 14:24:10,1643.3521739256
2012-08-27 14:24:21,1641.4732414959578
2012-08-27 14:24:31,1640.155931430527
2012-08-27 14:24:40,1642.3543007736218
2012-08-27 14:24:51,1642.8249261340234
2012-08-27 14:25:00,1642.3041317708808
2012-08-27 14:25:10,1643.2846165982705
2012-08-27 14:25:21,1644.6584879420566
2012-08-27 14:25:30,1642.2052793968558
2012-08-27 14:25:41,1643.6110557289676
2012-08-27 14:25:50,1648.2602373090351
2012-08-27 14:26:00,1651.1780802842654
2012-08-27 14:26:11,1652.2166903661716
2012-08-27 14:26:20,1653.081078327892
2012-08-27 14:26:31,1656.8224627929317
2012-08-27 14:26:40,1656.3048215959268
2012-08-27 14:26:50,1655.0993109977946
2012-08-27 14:27:01,1662.1242328127946
2012-08-27 14:27:10,1660.7198147919062
2012-08-27 14:27:21,1660.048494995708
2012-08-27 14:27:31,1659.8837496315002
2012-08-27 14:27:40,1661.2079127317063
2012-08-27 14:27:51,1659.2761700011258
2012-08-27 14:28:00,1662.6931670774222
2012-08-27 14:28:11,1659.9981655519057
2012-08-27 14:28:21,1659.690482737789
2012-08-27 14:28:30,1657.9255951369018
2012-08-27 14:28:41,1658.0816843035677
2012-08-27 14:28:50,1658.0729561527894
2012-08-27 14:29:01,1657.979835841132
2012-08-27 14:29:11,1658.3764940699825
2012-08-27 14:29:20,1657.7009626064062
2012-08-27 14:29:31,1657.8291102493472
2012-08-27 14:29:40,1659.458733664455
2012-08-27 14:29:50,1656.8346863362879
2012-08-27 14:30:01,1659.242913290117
2012-08-27 14:30:10,1661.808013908313
2012-08-27 14:30:21,1661.0464011663857
2012-08-27 14:30:30,1666.2864139761139
2012-08-27 14:30:40,1666.6033153940907
2012-08-27 14:30:51,1668.0405363325517
2012-08-27 14:31:00,1669.7322703155105
2012-08-27 14:31:11,1668.0784013324658
2012-08-27 14:31:20,1668.6567838722822
2012-08-27 14:31:30,1667.5675907089735
2012-08-27 14:31:41,1667.901077269233
2012-08-27 14:31:50,1668.3666531626513
2012-08-27 14:32:01,1668.7406269443968
2012-08-27 14:32:11,1665.4639196611788
2012-08-27 14:32:20,1663.9486225884016
2012-08-27 14:32:31,1663.2764407482678
2012-08-27 14:32:40,1663.0330174084531
2012-08-27 14:32:51,1661.6039389393807
2012-08-27 14:33:01,1661.5188983609144
2012-08-27 14:33:10,1659.654728274528
2012-08-27 14:33:21,1657.324609660156
2012-08-27 14:33:30,1657.0715930380327
2012-08-27 14:33:41,1659.7351931846222
2012-08-27 14:33:51,1660.417113740743
2012-08-27 14:34:00,1658.7911548380062
2012-08-27 14:34:11,1658.4896525569045
2012-08-27 14:34:20,1658.8565887727925
2012-08-27 14:34:30,1659.0277788443543
2012-08-27 14:34:41,1659.4319920560663
2012-08-27 14:34:50,1660.28786624325
2012-08-27 14:35:01,1660.3138142411574
2012-08-27 14:35:10,1660.4220397125432
2012-08-27 14:35:20,1660.0014656425674
2012-08-27 14:35:31,1658.8668311864485
2012-08-27 14:35:40,1663.1067425736128
2012-08-27 14:35:51,1662.4468472865906
2012-08-27 14:36:01,1664.1163523495075
2012-08-27 14:36:10,1662.421786871075
2012-08-27 14:36:21,1662.4035336004413
2012-08-27 14:36:30,1663.8277640621473
2012-08-27 14:36:41,1664.2857364851814
2012-08-27 14:36:51,1664.2419466286335
2012-08-27 14:37:00,1664.568074891747
2012-08-27 14:37:11,1663.9025724709704
2012-08-27 14:37:20,1665.5455256691016
2012-08-27 14:37:31,1666.2585564629912
2012-08-27 14:37:41,1661.2380196969386
2012-08-27 14:37:50,1661.686603948553
2012-08-27 14:38:01,1661.4680748149979
2012-08-27 14:38:10,1658.7931967125398
2012-08-27 14:38:21,1657.6641073617016
2012-08-27 14:38:31,1657.6598809643083
2012-08-27 14:38:40,1654.9923824522082
2012-08-27 14:38:51,1655.4645987419121
2012-08-27 14:39:00,1656.4338535593267
2012-08-27 14:39:10,1659.6078251819065
2012-08-27 14:39:21,1659.0533743514002
2012-08-27 14:39:30,1657.7563302358815
2012-08-27 14:39:41,1657.6358673973955
2012-08-27 14:39:50,1656.8812594027697
2012-08-27 14:40:00,1657.2023401346983
2012-08-27 14:40:11,1657.0873330111333
2012-08-27 14:40:20,1657.4936163832201
2012-08-27 14:40:31,1657.3396407024384
2012-08-27 14:40:41,1657.3580507989009
2012-08-27 14:40:50,1658.5042623801392
2012-08-27 14:41:01,1659.5847269750363
2012-08-27 14:41:10,1659.777503889967
2012-08-27 14:41:21,1659.6529493888709
2012-08-27 14:41:31,1657.794292142503
2012-08-27 14:41:40,1656.0505715804925
2012-08-27 14:41:51,1657.148656517852
2012-08-27 14:42:00,1658.5244358660775
2012-08-27 14:42:11,1659.5019491194892
2012-08-27 14:42:21,1658.3922572368783
2012-08-27 14:42:30,1657.7086480295623
2012-08-27 14:42:41,1658.98012979456
2012-08-27 14:42:50,1656.6064201940192
2012-08-27 14:43:00,1653.0239905906774
2012-08-27 14:43:11,1652.2369293217985
2012-08-27 14:43:20,1650.2782814831314
2012-08-27 14:43:31,1646.0014827532627
2012-08-27 14:43:40,1641.3961424462143
2012-08-27 14:43:50,1641.3425099376334
2012-08-27 14:44:01,1642.532867645811
2012-08-27 14:44:10,1642.296550666302
2012-08-27 14:44:21,1642.989668925939
2012-08-27 14:44:30,1643.1076914888608
2012-08-27 14:44:40,1642.227885188325
2012-08-27 14:44:51,1643.0412607404146
2012-08-27 14:45:00,1642.1971697703539
2012-08-27 14:45:11,1641.3539669429476
2012-08-27 14:45:21,1640.7810253422156
2012-08-27 14:45:30,1641.458753201497
2012-08-27 14:45:41,1640.8592127295447
2012-08-27 14:45:50,1639.9124457675714
2012-08-27 14:46:01,1640.5505549439065
2012-08-27 14:46:11,1641.0788712076146
2012-08-27 14:46:20,1639.3337564543494
2012-08-27 14:46:31,1639.1581386347743
2012-08-27 14:46:40,1638.9612278799673
2012-08-27 14:46:51,1634.725453848037
2012-08-27 14:47:01,1633.4698660802856
2012-08-27 14:47:10,1634.38438358455
2012-08-27 14:47:21,1632.9327678387458
2012-08-27 14:47:30,1633.1869459158427
2012-08-27 14:47:40,1633.548172998109
2012-08-27 14:47:51,1631.861615206825
2012-08-27 14:48:00,1630.6950484454712
2012-08-27 14:48:11,1630.6170688690231
2012-08-27 14:48:20,1631.4108019869461
2012-08-27 14:48:30,1631.0130186711108
2012-08-27 14:48:41,1631.273556952714
2012-08-27 14:48:50,1632.095473633328
2012-08-27 14:49:01,1632.496396014401
2012-08-27 14:49:10,1633.0615867428517
2012-08-27 14:49:20,1632.354782979325
2012-08-27 14:49:31,1633.0448459787065
2012-08-27 14:49:40,1631.8898676537965
2012-08-27 14:49:51,1632.7299467768203
2012-08-27 14:50:01,1631.9557809825935
2012-08-27 14:50:10,1631.1217974432827
2012-08-27 14:50:21,1630.8752992007594
2012-08-27 14:50:30,1631.8615757027442
2012-08-27 14:50:41,1631.924266743258
2012-08-27 14:50:51,1632.2408510957798
2012-08-27 14:51:00,1631.5391768268664
2012-08-27 14:51:11,1631.5788975522287
2012-08-27 14:51:20,1631.170526471139
2012-08-27 14:51:31,1631.0374147431073
2012-08-27 14:51:41,1631.076594816334
2012-08-27 14:51:50,1631.527600469035
2012-08-27 14:52:01,1631.5125414408615
2012-08-27 14:52:10,1630.528314430782
2012-08-27 14:52:20,1633.1147881304494
2012-08-27 14:52:31,1632.1144745260344
2012-08-27 14:52:40,1633.911782055246
2012-08-27 14:52:51,1633.6775175016369
2012-08-27 14:53:00,1633.7372193345877
2012-08-27 14:53:10,1632.5070330331791
2012-08-27 14:53:21,1628.7981938301343
2012-08-27 14:53:30,1628.467808420348
2012-08-27 14:53:41,1628.4139213395965
2012-08-27 14:53:50,1628.7945731326029
2012-08-27 14:54:00,1630.1601080347166
2012-08-27 14:54:11,1630.6055139367468
2012-08-27 14:54:20,1631.0128312973868
2012-08-27 14:54:31,1630.8352096969984
2012-08-27 14:54:41,1632.1670906829022
2012-08-27 14:54:50,1631.592514807523
2012-08-27 14:55:01,1631.5770367707014
2012-08-27 14:55:10,1632.3276942473665
2012-08-27 14:55:21,1632.5282805972374
2012-08-27 14:55:31,1633.2209643983076
2012-08-27 14:55:40,1630.5826593036488
2012-08-27 14:55:51,1630.2212506762564
2012-08-27 14:56:00,1630.466375839687
2012-08-27 14:56:11,1630.3813260287002
2012-08-27 14:56:21,1630.388782350947
2012-08-27 14:56:30,1630.6018192947877
2012-08-27 14:56:41,1631.176525514031
2012-08-27 14:56:50,1630.9631341354968
2012-08-27 14:57:00,1630.4750630634846
2012-08-27 14:57:11,1630.661837333389
2012-08-27 14:57:20,1630.8006854709809
2012-08-27 14:57:31,1630.3860310660687
2012-08-27 14:57:40,1633.7442055862043
2012-08-27 14:57:50,1634.6707069134445
2012-08-27 14:58:01,1634.824425776972
2012-08-27 14:58:10,1634.71303715809
2012-08-27 14:58:21,1632.7152742266549
2012-08-27 14:58:31,1632.8720719325672
2012-08-27 14:58:40,1632.042341412922
2012-08-27 14:58:51,1631.3720419680124
2012-08-27 14:59:00,1631.5483768570634
2012-08-27 14:59:11,1632.0428176069242
2012-08-27 14:59:21,1632.1267906199757
2012-08-27 14:59:30,1631.619013532226
2012-08-27 14:59:41,1631.11126703028
2012-08-27 14:59:50,1631.026309308301
2012-08-27 15:00:01,1631.2234439536194
2012-08-27 15:00:11,1632.0070927708825
2012-08-27 15:00:20,1631.1543833838475
2012-08-27 15:00:31,1631.3137687279057
2012-08-27 15:00:40,1632.4841611207073
2012-08-27 15:00:51,1633.0108028796724
2012-08-27 15:01:01,1633.8542340281708
2012-08-27 15:01:10,1633.644143356975
2012-08-27 15:01:21,1633.984470635413
2012-08-27 15:01:30,1635.667129546805
2012-08-27 15:01:40,1636.0322629670527
2012-08-27 15:01:51,1635.4210143663909
2012-08-27 15:02:00,1634.4145515411612
2012-08-27 15:02:11,1634.1486572830906
2012-08-27 15:02:20,1633.6935713191388
2012-08-27 15:02:30,1633.306569310512
2012-08-27 15:02:41,1632.4944078668489
2012-08-27 15:02:50,1633.027940063185
2012-08-27 15:03:01,1633.5874152603872
2012-08-27 15:03:11,1633.2436509877998
2012-08-27 15:03:20,1633.4561533205808
2012-08-27 15:03:31,1630.869430274077
2012-08-27 15:03:40,1632.159514912051
2012-08-27 15:03:51,1633.1844994067435
2012-08-27 15:04:01,1633.0569786016763
2012-08-27 15:04:10,1631.3257143181172
2012-08-27 15:04:21,1631.1002064058855
2012-08-27 15:04:30,1629.7503012228633
2012-08-27 15:04:41,1627.1459147008607
2012-08-27 15:04:51,1627.841472227819
2012-08-27 15:05:00,1626.2648311718135
2012-08-27 15:05:11,1619.740342325484
2012-08-27 15:05:20,1615.509377960071
2012-08-27 15:05:30,1606.7638039246983
2012-08-27 15:05:41,1605.2784997479903
2012-08-27 15:05:50,1606.5653151238698
2012-08-27 15:06:01,1607.046209765019
2012-08-27 15:06:10,1606.8707287473198
2012-08-27 15:06:20,1607.85318427745
2012-08-27 15:06:31,1606.3011588593965
2012-08-27 15:06:40,1603.419635607268
2012-08-27 15:06:51,1599.744326279582
2012-08-27 15:07:00,1596.0056003161421
2012-08-27 15:07:10,1589.981080170379
2012-08-27 15:07:21,1585.413084734812
2012-08-27 15:07:30,1581.1821106688901
2012-08-27 15:07:41,1578.7576198898362
2012-08-27 15:07:51,1577.8973612869736
2012-08-27 15:08:00,1579.7859607032922
2012-08-27 15:08:11,1580.237372400906
2012-08-27 15:08:20,1578.5850512539903
2012-08-27 15:08:31,1577.627855250657
2012-08-27 15:08:41,1578.2279091442904
2012-08-27 15:08:50,1580.6980889620754
2012-08-27 15:09:01,1581.3915767859492
2012-08-27 15:09:10,1579.5926831942102
2012-08-27 15:09:21,1576.731986231018
2012-08-27 15:09:31,1575.3884924101262
2012-08-27 15:09:40,1576.5402447620386
2012-08-27 15:09:51,1576.7607630117232
2012-08-27 15:10:00,1576.8770325645805
2012-08-27 15:10:10,1577.1977274629298
2012-08-27 15:10:21,1576.9614964220827
2012-08-27 15:10:30,1576.9142403420715
2012-08-27 15:10:41,1576.6835587608155
2012-08-27 15:10:50,1576.1132517433864
2012-08-27 15:11:00,1576.616967946623
2012-08-27 15:11:11,1576.868808938304
2012-08-27 15:11:20,1577.1368893776432
2012-08-27 15:11:31,1577.7003327779837
2012-08-27 15:11:40,1577.9116436202244
2012-08-27 15:11:50,1576.6913625646494
2012-08-27 15:12:01,1577.1836301010362
2012-08-27 15:12:10,1576.048927222674
2012-08-27 15:12:21,1576.8901216461438
2012-08-27 15:12:31,1577.4397342363156
2012-08-27 15:12:40,1576.5220113444623
2012-08-27 15:12:51,1577.233814913153
2012-08-27 15:13:00,1577.0581287662299
2012-08-27 15:13:11,1577.1573281129204
2012-08-27 15:13:21,1577.2022022487668
2012-08-27 15:13:30,1576.4383559786459
2012-08-27 15:13:41,1569.4721625747488
2012-08-27 15:13:50,1576.6980283482071
2012-08-27 15:14:01,1576.8578260765037
2012-08-27 15:14:11,1579.1579312073707
2012-08-27 15:14:20,1579.0602358940503
2012-08-27 15:14:31,1578.950249665087
2012-08-27 15:14:40,1580.6791694685014
2012-08-27 15:14:50,1579.787805305625
2012-08-27 15:15:01,1578.7109377448096
2012-08-27 15:15:10,1579.7055309727075
2012-08-27 15:15:21,1579.8476354321642
2012-08-27 15:15:30,1580.0452305688302
2012-08-27 15:15:40,1578.5074351163355
2012-08-27 15:15:51,1576.829139155618
2012-08-27 15:16:00,1573.4041844694596
2012-08-27 15:16:11,1573.3950291972512
2012-08-27 15:16:20,1573.652802605651
2012-08-27 15:16:30,1574.978896511711
2012-08-27 15:16:41,1576.504163590341
2012-08-27 15:16:50,1576.6872801254344
2012-08-27 15:17:01,1574.3169782947334
2012-08-27 15:17:11,1572.940911130662
2012-08-27 15:17:20,1571.875068338906
2012-08-27 15:17:31,1570.4924607916262
2012-08-27 15:17:40,1570.473281682928
2012-08-27 15:17:51,1570.8957952052767
2012-08-27 15:18:01,1570.427746584903
2012-08-27 15:18:10,1570.0384129836439
2012-08-27 15:18:21,1566.4277120715456
2012-08-27 15:18:30,1566.059108689137
2012-08-27 15:18:41,1566.196119383929
2012-08-27 15:18:51,1565.9988379003512
2012-08-27 15:19:00,1565.425377007493
2012-08-27 15:19:11,1565.57228401852
2012-08-27 15:19:20,1566.2042396985698
2012-08-27 15:19:30,1565.7092788143516
2012-08-27 15:19:41,1565.6329075764693
2012-08-27 15:19:50,1565.564059242704
2012-08-27 15:20:01,1566.4103825153993
2012-08-27 15:20:10,1565.886880437215
2012-08-27 15:20:20,1564.9847905126383
2012-08-27 15:20:31,1565.0802646191587
2012-08-27 15:20:40,1564.9868204462869
2012-08-27 15:20:51,1565.1892694947462
2012-08-27 15:21:01,1566.49643071174
2012-08-27 15:21:10,1567.7949658436817
2012-08-27 15:21:21,1567.4632376668633
2012-08-27 15:21:30,1567.2337605035225
2012-08-27 15:21:41,1567.6061576978439
2012-08-27 15:21:51,1567.8157650477312
2012-08-27 15:22:00,1567.5822281397077
2012-08-27 15:22:11,1567.2961743222186
2012-08-27 15:22:20,1568.060225086298
2012-08-27 15:22:31,1568.4205135389275
2012-08-27 15:22:41,1571.000552460775
2012-08-27 15:22:50,1570.8716688093812
2012-08-27 15:23:01,1570.784570812762
2012-08-27 15:23:10,1570.6413716026775
2012-08-27 15:23:21,1571.5836176712403
2012-08-27 15:23:31,1571.6149601498591
2012-08-27 15:23:40,1571.730372943685
2012-08-27 15:23:51,1571.848623717412
2012-08-27 15:24:00,1572.040698687398
2012-08-27 15:24:10,1571.4380303970486
2012-08-27 15:24:21,1571.2530119634982
2012-08-27 15:24:30,1571.302484321655
2012-08-27 15:24:41,1571.3878569126168
2012-08-27 15:24:50,1571.1681511950992
2012-08-27 15:25:00,1571.2994594183344
2012-08-27 15:25:11,1570.0538952404888
2012-08-27 15:25:20,1563.5313462978932
2012-08-27 15:25:31,1561.5203696571043
2012-08-27 15:25:41,1554.1151567304312
2012-08-27 15:25:50,1552.4859745547349
2012-08-27 15:26:01,1552.0702600432414
2012-08-27 15:26:10,1552.481311448731
2012-08-27 15:26:21,1546.7465547859592
2012-08-27 15:26:31,1543.8983524143594
2012-08-27 15:26:40,1544.269107646204
2012-08-27 15:26:51,1544.2743130285567
2012-08-27 15:27:00,1542.641046334601
2012-08-27 15:27:11,1535.2261143612916
2012-08-27 15:27:21,1527.0375995119466
2012-08-27 15:27:30,1520.0724193044196
2012-08-27 15:27:41,1514.008530596334
2012-08-27 15:27:50,1506.7705697120641
2012-08-27 15:28:00,1503.280564761214
2012-08-27 15:28:11,1503.2393557465143
2012-08-27 15:28:20,1502.3176283816608
2012-08-27 15:28:31,1500.951083856806
2012-08-27 15:28:40,1501.6040044385657
2012-08-27 15:28:50,1501.3238695736952
2012-08-27 15:29:01,1499.9510185171664
2012-08-27 15:29:10,1500.2106941968607
2012-08-27 15:29:21,1498.9953369193804
2012-08-27 15:29:30,1498.5251022546327
2012-08-27 15:29:40,1494.8073756314798
2012-08-27 15:29:51,1495.8707648312022
2012-08-27 15:30:00,1494.5762066788066
2012-08-27 15:30:11,1493.7295448634695
2012-08-27 15:30:21,1489.6941571185876
2012-08-27 15:30:30,1484.6889713856417
2012-08-27 15:30:41,1480.4695719811164
2012-08-27 15:30:50,1476.7297180804094
2012-08-27 15:31:01,1474.0740766085603
2012-08-27 15:31:11,1475.171616344471
2012-08-27 15:31:20,1474.793926806859
2012-08-27 15:31:31,1475.4146451805389
2012-08-27 15:31:40,1475.7315517677819
2012-08-27 15:31:51,1474.368297092287
2012-08-27 15:32:01,1468.9680174166149
2012-08-27 15:32:10,1468.6357921408326
2012-08-27 15:32:21,1463.1237153819152
2012-08-27 15:32:30,1457.586619346383
2012-08-27 15:32:40,1456.3858653454035
2012-08-27 15:32:51,1455.9213617790613
2012-08-27 15:33:00,1457.5654317727344
2012-08-27 15:33:11,1459.5480305948577
2012-08-27 15:33:20,1452.6493884956176
2012-08-27 15:33:30,1448.3949125360698
2012-08-27 15:33:41,1447.3481029414986
2012-08-27 15:33:50,1445.5612806582756
2012-08-27 15:34:01,1441.0980421061938
2012-08-27 15:34:10,1437.6163708159743
2012-08-27 15:34:20,1436.8091836049007
2012-08-27 15:34:31,1429.8394071527712
2012-08-27 15:34:40,1422.3091943676445
2012-08-27 15:34:51,1421.050869263352
2012-08-27 15:35:01,1419.7525293149517
2012-08-27 15:35:10,1419.7154928898476
2012-08-27 15:35:21,1419.6334762934803
2012-08-27 15:35:30,1417.5092876290194
2012-08-27 15:35:41,1417.9023320415365
2012-08-27 15:35:51,1419.9450816850947
2012-08-27 15:36:00,1460.6300725081474
2012-08-27 15:36:11,1457.1408544807932
2012-08-27 15:36:20,1451.948211735979
2012-08-27 15:36:31,1446.4594321559628
2012-08-27 15:36:41,1442.9556647228437
2012-08-27 15:36:50,1442.089267623654
2012-08-27 15:37:01,1439.3128996708604
2012-08-27 15:37:10,1438.936097028205
2012-08-27 15:37:20,1438.8445689843966
2012-08-27 15:37:31,1438.6197891371366
2012-08-27 15:37:40,1437.033096346347
2012-08-27 15:37:51,1437.2094341341303
2012-08-27 15:38:00,1436.4664142316412
2012-08-27 15:38:10,1433.2257060306279
2012-08-27 15:38:21,1428.832712942638
2012-08-27 15:38:30,1429.163839397939
2012-08-27 15:38:41,1429.0609402779166
2012-08-27 15:38:50,1427.3807934982333
2012-08-27 15:39:00,1427.2193023574112
2012-08-27 15:39:11,1425.0295478311077
2012-08-27 15:39:20,1424.7259730371266
2012-08-27 15:39:31,1424.3692692448465
2012-08-27 15:39:41,1423.7860106969654
2012-08-27 15:39:50,1422.8721845764346
2012-08-27 15:40:01,1422.3830287903256
2012-08-27 15:40:10,1421.9057791382559
2012-08-27 15:40:21,1419.832718311621
2012-08-27 15:40:31,1418.4994279030266
2012-08-27 15:40:40,1414.8743608845289
2012-08-27 15:40:51,1409.3838032204499
2012-08-27 15:41:00,1409.1954242568477
2012-08-27 15:41:11,1405.668819099882
2012-08-27 15:41:21,1404.6059085043587
2012-08-27 15:41:30,1402.1932641527605
2012-08-27 15:41:41,1398.5593164531817
2012-08-27 15:41:50,1392.1511057045648
2012-08-27 15:42:00,1391.6386279896303
2012-08-27 15:42:11,1385.6463849216966
2012-08-27 15:42:20,1377.5812749411562
2012-08-27 15:42:31,1369.8497272047255
2012-08-27 15:42:40,1364.8986061001567
2012-08-27 15:42:50,1360.3506954302325
2012-08-27 15:43:01,1351.4235550624533
2012-08-27 15:43:10,1342.934810546977
2012-08-27 15:43:21,1338.683429499567
2012-08-27 15:43:31,1338.5141214955752
2012-08-27 15:43:40,1337.1487336671196
2012-08-27 15:43:51,1334.1402653081973
2012-08-27 15:44:00,1321.5461403541697
2012-08-27 15:44:11,1314.1983051898112
2012-08-27 15:44:21,1306.1607653551032
2012-08-27 15:44:30,1297.7112129984268
2012-08-27 15:44:41,1292.0244191908023
2012-08-27 15:44:50,1290.823896545364
2012-08-27 15:45:01,1290.8316869865666
2012-08-27 15:45:11,1286.9954839681334
2012-08-27 15:45:20,1286.2730576820668
2012-08-27 15:45:31,1288.9044770876567
2012-08-27 15:45:40,1286.8828030054442
2012-08-27 15:45:51,1285.4545226606233
2012-08-27 15:46:01,1273.6402883878402
2012-08-27 15:46:10,1269.1174010386624
2012-08-27 15:46:21,1260.5401729947234
2012-08-27 15:46:30,1254.1516188349717
2012-08-27 15:46:40,1249.7396237285525
2012-08-27 15:46:51,1247.2553848655334
2012-08-27 15:47:00,1246.678130263303
2012-08-27 15:47:11,1243.134478658032
2012-08-27 15:47:20,1240.207942688946
2012-08-27 15:47:30,1240.7914012861443
2012-08-27 15:47:41,1240.3162162308984
2012-08-27 15:47:50,1239.0019556839857
2012-08-27 15:48:01,1239.0304876437635
2012-08-27 15:48:11,1238.593912015976
2012-08-27 15:48:20,1238.113648773246
2012-08-27 15:48:31,1238.1893903946082
2012-08-27 15:48:40,1231.1375560634924
2012-08-27 15:48:51,1228.5248287745246
2012-08-27 15:49:01,1226.8647362608099
2012-08-27 15:49:10,1228.5254496999892
2012-08-27 15:49:21,1221.8384470667336
2012-08-27 15:49:30,1218.69250861397
2012-08-27 15:49:41,1213.886525186077
2012-08-27 15:49:51,1212.677059807634
2012-08-27 15:50:00,1210.8871473846089
2012-08-27 15:50:11,1209.0847117141604
2012-08-27 15:50:20,1205.3156894829795
2012-08-27 15:50:30,1201.1632072117948
2012-08-27 15:50:41,1192.6152815103173
2012-08-27 15:50:50,1190.401974138783
2012-08-27 15:51:01,1189.112146345436
2012-08-27 15:51:10,1189.4876058241923
2012-08-27 15:51:20,1189.1405175017321
2012-08-27 15:51:31,1186.7423364001713
2012-08-27 15:51:40,1180.5325263022728
2012-08-27 15:51:51,1173.6999209001895
2012-08-27 15:52:00,1171.3787092407974
2012-08-27 15:52:10,1167.7184977803668
2012-08-27 15:52:21,1164.787544969852
2012-08-27 15:52:30,1162.6619451762383
2012-08-27 15:52:41,1161.2868034966407
2012-08-27 15:52:51,1161.8638978022427
2012-08-27 15:53:00,1160.642517170344
2012-08-27 15:53:11,1158.6898345928341
2012-08-27 15:53:20,1158.6089356534362
2012-08-27 15:53:31,1158.1964982111658
2012-08-27 15:53:41,1159.0743122564643
2012-08-27 15:53:50,1158.8221142876678
2012-08-27 15:54:01,1158.943400376455
2012-08-27 15:54:10,1154.4577840516056
2012-08-27 15:54:21,1152.1978774784911
2012-08-27 15:54:31,1146.9941637475322
2012-08-27 15:54:40,1140.8332017650323
2012-08-27 15:54:51,1135.1637988750867
2012-08-27 15:55:00,1132.4085882843544
2012-08-27 15:55:10,1131.7873383577617
2012-08-27 15:55:21,1130.8775702237879
2012-08-27 15:55:30,1130.2563322490935
2012-08-27 15:55:41,1129.3756072210722
2012-08-27 15:55:50,1129.882743202574
2012-08-27 15:56:00,1131.071462432713
2012-08-27 15:56:11,1131.3083887038003
2012-08-27 15:56:20,1131.7925915782755
2012-08-27 15:56:31,1131.7407275617386
2012-08-27 15:56:40,1128.8087709494132
2012-08-27 15:56:50,1123.6369759210581
2012-08-27 15:57:01,1121.4035282214186
2012-08-27 15:57:10,1120.4764751225043
2012-08-27 15:57:21,1120.64423934451
2012-08-27 15:57:31,1111.6439761090937
2012-08-27 15:57:40,1104.239833250116
2012-08-27 15:57:51,1095.488911906312
2012-08-27 15:58:00,1089.9205082710846
2012-08-27 15:58:11,1089.4791775253182
2012-08-27 15:58:21,1083.7412564474466
2012-08-27 15:58:30,1078.307515612894
2012-08-27 15:58:41,1075.9854705478085
2012-08-27 15:58:50,1073.490354659336
2012-08-27 15:59:01,1069.3479641714528
2012-08-27 15:59:11,1062.0583867815578
2012-08-27 15:59:20,1056.253912973033
2012-08-27 15:59:31,1053.8838566946322
2012-08-27 15:59:40,1053.4424539470497
2012-08-27 15:59:50,1051.7143799278344
2012-08-27 16:00:01,1051.85852823903
2012-08-27 16:00:10,1051.0652386114712
2012-08-27 16:00:21,1052.1849421303798
2012-08-27 16:00:30,1049.2488023571134
2012-08-27 16:00:40,1045.451732611082
2012-08-27 16:00:51,1045.882632931356
2012-08-27 16:01:00,1044.119573929278
2012-08-27 16:01:11,1036.830221284857
2012-08-27 16:01:20,1030.5863553928373
2012-08-27 16:01:30,1028.501127499911
2012-08-27 16:01:41,1031.2339738255587
2012-08-27 16:01:50,1031.8987760200525
2012-08-27 16:02:01,1031.3183398676704
2012-08-27 16:02:11,1029.0776633333212
2012-08-27 16:02:20,1024.1330737211708
2012-08-27 16:02:31,1023.4583953674136
2012-08-27 16:02:40,1016.3447217519306
2012-08-27 16:02:51,1007.4946184189771
2012-08-27 16:03:01,998.8051370579271
2012-08-27 16:03:10,993.8616827992901
2012-08-27 16:03:21,986.1216142480323
2012-08-27 16:03:30,979.7488850755394
2012-08-27 16:03:41,978.6091234626957
2012-08-27 16:03:51,967.5167200459656
2012-08-27 16:04:00,959.6547608065474
2012-08-27 16:04:11,953.0775299069718
2012-08-27 16:04:20,949.8968395213643
2012-08-27 16:04:30,945.2709070970933
2012-08-27 16:04:41,928.829446512767
2012-08-27 16:04:50,923.5594081032583
2012-08-27 16:05:01,918.7853986231988
2012-08-27 16:05:10,918.8014717005165
2012-08-27 16:05:20,919.9524552957239
2012-08-27 16:05:31,920.9325145378417
2012-08-27 16:05:40,918.571052570594
2012-08-27 16:05:51,915.4977793167259
2012-08-27 16:06:01,912.3776565712983
2012-08-27 16:06:10,911.9680110826366
2012-08-27 16:06:21,911.9505338563939
2012-08-27 16:06:30,910.2121240134366
2012-08-27 16:06:41,910.9369740259081
2012-08-27 16:06:51,911.3226067256031
2012-08-27 16:07:00,899.3461346466828
2012-08-27 16:07:11,892.1718736428056
2012-08-27 16:07:20,892.0307010498102
2012-08-27 16:07:31,890.4980293470476
2012-08-27 16:07:41,889.9068164883898
2012-08-27 16:07:50,889.9110435090797
2012-08-27 16:08:01,880.6261810992877
2012-08-27 16:08:10,866.2189322534389
2012-08-27 16:08:21,866.7615765996318
2012-08-27 16:08:31,866.3253419443704
2012-08-27 16:08:40,864.366041347662
2012-08-27 16:08:51,864.3801913227471
2012-08-27 16:09:00,863.771343280775
2012-08-27 16:09:10,864.363213655459
2012-08-27 16:09:21,863.168357759815
2012-08-27 16:09:30,850.7942465062184
2012-08-27 16:09:41,847.9544024098111
2012-08-27 16:09:50,841.1698599197246
2012-08-27 16:10:00,831.7010307391855
2012-08-27 16:10:11,830.1214986103737
2012-08-27 16:10:20,826.6490538663927
2012-08-27 16:10:31,819.6546920897642
2012-08-27 16:10:41,818.2012833422978
2012-08-27 16:10:50,812.4745739574847
2012-08-27 16:11:01,812.6498167307612
2012-08-27 16:11:10,811.763169126109
2012-08-27 16:11:21,805.4412419721792
2012-08-27 16:11:31,804.8826264605796
2012-08-27 16:11:40,801.3214205666876
2012-08-27 16:11:51,798.6205176181849
2012-08-27 16:12:00,795.3130956462572
2012-08-27 16:12:11,793.6961918895346
2012-08-27 16:12:21,787.7538826805093
2012-08-27 16:12:30,783.646539245398
2012-08-27 16:12:41,778.7806103630671
2012-08-27 16:12:50,774.6106789158849
2012-08-27 16:13:00,773.8344774354791
2012-08-27 16:13:11,768.5943879436102
2012-08-27 16:13:20,768.7499293523872
2012-08-27 16:13:31,763.4880822186109
2012-08-27 16:13:40,756.4055246521933
2012-08-27 16:13:50,749.0624352582106
2012-08-27 16:14:01,739.5939602935052
2012-08-27 16:14:10,732.5015459734872
2012-08-27 16:14:21,727.7511763975508
2012-08-27 16:14:30,725.421730718852
2012-08-27 16:14:40,725.4776263458765
2012-08-27 16:14:51,724.9564457261716
2012-08-27 16:15:00,718.7211818210585
2012-08-27 16:15:11,712.7091872061428
2012-08-27 16:15:21,705.3225289491445
2012-08-27 16:15:30,698.2174820508111
2012-08-27 16:15:41,696.5325986793966
2012-08-27 16:15:50,695.9306846777387
2012-08-27 16:16:01,691.72442636846
2012-08-27 16:16:11,685.1292117812951
2012-08-27 16:16:20,684.6331166254704
2012-08-27 16:16:31,683.3150656756518
2012-08-27 16:16:40,675.8186739956064
2012-08-27 16:16:51,670.3815793732364
2012-08-27 16:17:01,670.093980906805
2012-08-27 16:17:10,666.4599748873775
2012-08-27 16:17:21,662.5585983380718
2012-08-27 16:17:30,656.3096023010895
2012-08-27 16:17:40,652.0156652692438
2012-08-27 16:17:51,649.623132261057
2012-08-27 16:18:00,641.2436952433582
2012-08-27 16:18:11,634.4631500864378
2012-08-27 16:18:20,633.8377356073955
2012-08-27 16:18:30,632.7206853285152
2012-08-27 16:18:41,630.6779551859264
2012-08-27 16:18:50,627.9033255250384
2012-08-27 16:19:01,623.6602703594718
2012-08-27 16:19:10,619.47986283112
2012-08-27 16:19:20,615.5998293010599
2012-08-27 16:19:31,612.7321894132536
2012-08-27 16:19:40,612.9070825966796
2012-08-27 16:19:51,608.1262722168781
2012-08-27 16:20:01,604.3155283435902
2012-08-27 16:20:10,599.6021527165678
2012-08-27 16:20:21,597.5289846597315
2012-08-27 16:20:30,593.1438894064979
2012-08-27 16:20:41,591.1355605233678
2012-08-27 16:20:51,589.8767644775943
2012-08-27 16:21:00,585.8930754383282
2012-08-27 16:21:11,578.6384002411659
2012-08-27 16:21:20,566.9209366569318
2012-08-27 16:21:31,565.5474480887747
2012-08-27 16:21:41,566.1342697506881
2012-08-27 16:21:50,561.4077195946568
2012-08-27 16:22:01,556.3797349785002
2012-08-27 16:22:10,550.661347411052
2012-08-27 16:22:20,549.0116503227456
2012-08-27 16:22:31,547.1413441063942
2012-08-27 16:22:40,545.8221857684487
2012-08-27 16:22:51,545.9547390747165
2012-08-27 16:23:00,541.0213061934892
2012-08-27 16:23:10,539.4254305073232
2012-08-27 16:23:21,534.8729798360745
2012-08-27 16:23:30,529.6104279248833
2012-08-27 16:23:41,520.606170421006
2012-08-27 16:23:50,517.4210352725906
2012-08-27 16:24:00,508.67962916692534
2012-08-27 16:24:11,501.5096397494705
2012-08-27 16:24:20,496.19582888954636
2012-08-27 16:24:31,487.7585401897549
2012-08-27 16:24:41,484.2053498638943
2012-08-27 16:24:50,482.650166057097
2012-08-27 16:25:01,480.37238486991635
2012-08-27 16:25:10,478.0975251050025
2012-08-27 16:25:21,474.9588199824622
2012-08-27 16:25:31,470.95333153228677
2012-08-27 16:25:40,463.3825640622459
2012-08-27 16:25:51,460.3101511554084
2012-08-27 16:26:00,460.5673906060154
2012-08-27 16:26:11,459.8131877893254
2012-08-27 16:26:21,459.8170530010742
2012-08-27 16:26:30,451.22273697600156
2012-08-27 16:26:41,445.383317796803
2012-08-27 16:26:50,438.46791053072224
2012-08-27 16:27:00,432.8694874212139
2012-08-27 16:27:11,424.7055779017521
2012-08-27 16:27:20,420.89180521011497
2012-08-27 16:27:31,416.48847194168474
2012-08-27 16:27:40,416.4768407743446
2012-08-27 16:27:50,407.4599321405355
2012-08-27 16:28:01,402.5225921601534
2012-08-27 16:28:10,397.2388569507645
2012-08-27 16:28:21,391.82943107947705
2012-08-27 16:28:31,388.083098719831
2012-08-27 16:28:40,387.08513328505563
2012-08-27 16:28:51,384.1560350411104
2012-08-27 16:29:00,383.3754014318828
2012-08-27 16:29:11,379.29124606761377
2012-08-27 16:29:21,369.28715079573766
2012-08-27 16:29:30,361.56614773567077
2012-08-27 16:29:41,353.76756999063525
2012-08-27 16:29:50,351.57064680690206
2012-08-27 16:30:01,351.71154711315774
2012-08-27 16:30:11,347.82484786312295
2012-08-27 16:30:20,340.8101393128056
2012-08-27 16:30:31,333.4097402566478
2012-08-27 16:30:40,327.065571414908
2012-08-27 16:30:51,322.8758015380596
2012-08-27 16:31:01,318.3175551826676
2012-08-27 16:31:10,314.94767132439614
2012-08-27 16:31:21,314.871362567139
2012-08-27 16:31:30,313.32669413212113
2012-08-27 16:31:40,310.98806014369353
2012-08-27 16:31:51,306.84477202595383
2012-08-27 16:32:00,306.0840662789309
2012-08-27 16:32:11,299.3229522052308
2012-08-27 16:32:20,292.86394816047823
2012-08-27 16:32:30,289.8105028901339
2012-08-27 16:32:41,283.4284467981351
2012-08-27 16:32:50,275.5406506120498
2012-08-27 16:33:01,272.6088811158438
2012-08-27 16:33:11,270.8933783147396
2012-08-27 16:33:20,262.71399706339514
2012-08-27 16:33:31,254.01511150040403
2012-08-27 16:33:40,246.65031091119678
2012-08-27 16:33:51,244.27563155230365
2012-08-27 16:34:01,241.90788019187067
2012-08-27 16:34:10,240.0381839837792
2012-08-27 16:34:21,237.1817241303621
2012-08-27 16:34:30,236.31924661584128
2012-08-27 16:34:41,234.48366148060566
2012-08-27 16:34:51,235.42792740024512
2012-08-27 16:35:00,233.8174981085509
2012-08-27 16:35:11,232.5170425617267
2012-08-27 16:35:20,232.2406188692356
2012-08-27 16:35:30,231.80847517054397
2012-08-27 16:35:41,231.197748362741
2012-08-27 16:35:50,231.56849908075696
2012-08-27 16:36:01,231.5788828341275
2012-08-27 16:36:10,231.6230417239098
2012-08-27 16:36:20,227.5844601546932
2012-08-27 16:36:31,221.6404580784124
2012-08-27 16:36:40,216.83256555166156
2012-08-27 16:36:51,209.81616412005928
2012-08-27 16:37:00,204.20931872549724
2012-08-27 16:37:10,197.58534393926016
2012-08-27 16:37:21,194.25000054198836
2012-08-27 16:37:30,192.29403577878477
2012-08-27 16:37:41,190.60186134164434
2012-08-27 16:37:51,190.53599006499385
2012-08-27 16:38:00,190.62070100251862
2012-08-27 16:38:11,190.83735115690422
2012-08-27 16:38:20,189.88492237799622
2012-08-27 16:38:31,189.29436518665912
2012-08-27 16:38:41,185.6213066135579
2012-08-27 16:38:50,185.32049911448755
2012-08-27 16:39:01,184.2565635813831
2012-08-27 16:39:10,182.76938969583603
2012-08-27 16:39:21,181.0318109673012
2012-08-27 16:39:31,179.58993371779326
2012-08-27 16:39:40,178.8148421467699
2012-08-27 16:39:51,176.20897023038594
2012-08-27 16:40:00,175.44041645425636
2012-08-27 16:40:10,175.3861593053764
2012-08-27 16:40:21,176.170215692737
2012-08-27 16:40:30,176.86473244496747
2012-08-27 16:40:41,176.08119952774976
2012-08-27 16:40:50,176.13290301173913
2012-08-27 16:41:00,176.5444147195359
2012-08-27 16:41:11,176.26439782983957
2012-08-27 16:41:20,176.0872184059538
2012-08-27 16:41:31,175.56807015482073
2012-08-27 16:41:40,175.59368599372542
2012-08-27 16:41:50,175.79764987296613
2012-08-27 16:42:01,175.63352961404428
2012-08-27 16:42:10,175.2320341885546
2012-08-27 16:42:21,175.54612233472938
2012-08-27 16:42:31,176.34593093176133
2012-08-27 16:42:40,176.5614252926114
2012-08-27 16:42:51,174.80656070117428
2012-08-27 16:43:00,179.49417209308206
2012-08-27 16:43:11,179.57497271963578
2012-08-27 16:43:21,179.98868700864926
2012-08-27 16:43:30,179.9244362947312
2012-08-27 16:43:41,179.28341491969545
2012-08-27 16:43:50,179.38729457789168
2012-08-27 16:44:01,179.60035121027127
2012-08-27 16:44:11,180.43216205050024
2012-08-27 16:44:20,180.37691140151628
2012-08-27 16:44:31,180.49116623359518
2012-08-27 16:44:40,180.2081965242486
2012-08-27 16:44:50,181.08621430898208
2012-08-27 16:45:01,180.6854986304519
2012-08-27 16:45:10,180.2364649356184
2012-08-27 16:45:21,179.00730967084385
2012-08-27 16:45:30,176.06825842574116
2012-08-27 16:45:40,176.4275239224519
2012-08-27 16:45:51,176.7003145636202
2012-08-27 16:46:00,177.0376395121426
2012-08-27 16:46:11,176.807279047186
2012-08-27 16:46:20,175.89550117623315
2012-08-27 16:46:30,175.95098808077861
2012-08-27 16:46:41,175.97877118294042
2012-08-27 16:46:50,175.8561553062928
2012-08-27 16:47:01,176.1484154729417
2012-08-27 16:47:11,176.52842253276424
2012-08-27 16:47:20,175.95964726242423
2012-08-27 16:47:31,175.40458998628722
2012-08-27 16:47:40,175.42061752241554
2012-08-27 16:47:51,177.0655452045354
2012-08-27 16:48:01,176.9344068395131
2012-08-27 16:48:10,177.15403530586602
2012-08-27 16:48:21,177.14094001220104
2012-08-27 16:48:30,176.9187207454565
2012-08-27 16:48:41,176.56868675889922
2012-08-27 16:48:51,176.4457843758436
2012-08-27 16:49:00,176.3331218057329
2012-08-27 16:49:11,175.06790439383494
2012-08-27 16:49:20,176.48502089716794
2012-08-27 16:49:30,176.67660524556518
2012-08-27 16:49:41,176.60590677744491
2012-08-27 16:49:50,177.78152551933218
2012-08-27 16:50:01,177.34232651797376
2012-08-27 16:50:10,177.09908942023236
2012-08-27 16:50:20,176.5661876353442
2012-08-27 16:50:31,176.76167398922607
2012-08-27 16:50:40,175.77092123784723
2012-08-27 16:50:51,174.7305320343783
2012-08-27 16:51:01,175.31578186358465
2012-08-27 16:51:10,174.7728651859218
2012-08-27 16:51:21,175.48111748175063
2012-08-27 16:51:30,175.43807533820078
2012-08-27 16:51:41,175.19624036763028
2012-08-27 16:51:51,174.51844940750618
2012-08-27 16:52:00,174.53717757198444
2012-08-27 16:52:11,172.78403589677828
2012-08-27 16:52:20,172.7793717234673
2012-08-27 16:52:31,172.97415300621626
2012-08-27 16:52:41,168.1241300986462
2012-08-27 16:52:50,166.59817980416472
2012-08-27 16:53:01,166.22476137633996
2012-08-27 16:53:10,168.12102031894432
2012-08-27 16:53:21,165.25671289402018
2012-08-27 16:53:31,164.02341777967925
2012-08-27 16:53:40,163.61231964668593
2012-08-27 16:53:51,162.73861003080185
2012-08-27 16:54:00,163.02353585031761
2012-08-27 16:54:10,163.9514758783811
2012-08-27 16:54:21,163.12178154938096
2012-08-27 16:54:30,159.940688841809
2012-08-27 16:54:41,154.05671226461115
2012-08-27 16:54:50,150.60995680927118
2012-08-27 16:55:00,150.86066575817907
2012-08-27 16:55:11,146.99726976285046
2012-08-27 16:55:20,143.48843193440212
2012-08-27 16:55:31,141.64446060429492
2012-08-27 16:55:41,140.52498274814275
2012-08-27 16:55:50,136.64160319331916
2012-08-27 16:56:01,136.39190228501602
2012-08-27 16:56:10,139.4775709881349
2012-08-27 16:56:21,140.35529146002992
2012-08-27 16:56:31,141.4651532824693
2012-08-27 16:56:40,140.7266762234215
2012-08-27 16:56:51,142.55592485218946
2012-08-27 16:57:00,140.2274517806318
2012-08-27 16:57:11,139.6236222055692
2012-08-27 16:57:21,143.193306775603
2012-08-27 16:57:30,142.505613877429
2012-08-27 16:57:41,143.85651779761312
2012-08-27 16:57:50,142.64440129155798
2012-08-27 16:58:00,140.87781612804358
2012-08-27 16:58:11,140.8259562277227
2012-08-27 16:58:20,139.80195047073545
2012-08-27 16:58:31,136.1660654563796
2012-08-27 16:58:40,136.91232966245073
2012-08-27 16:58:50,138.187938271784
2012-08-27 16:59:01,141.02107810099918
2012-08-27 16:59:10,142.66404402377287
2012-08-27 16:59:21,143.40051840966126
2012-08-27 16:59:30,143.50046899764064
2012-08-27 16:59:40,139.60763491417396
2012-08-27 16:59:51,140.13106392950434
2012-08-27 17:00:00,140.28485860253974
2012-08-27 17:00:11,139.53697256648286
2012-08-27 17:00:21,141.3263545321048
2012-08-27 17:00:30,138.07639286381053
2012-08-27 17:00:41,137.51323222468076
2012-08-27 17:00:50,141.88093223241677
2012-08-27 17:01:01,140.45030905170952
2012-08-27 17:01:11,140.62497192648118
2012-08-27 17:01:20,143.30296588683473
2012-08-27 17:01:31,139.38904124890533
2012-08-27 17:01:40,139.4795124482879
2012-08-27 17:01:51,140.87013853098577
2012-08-27 17:02:01,134.59533201067492
2012-08-27 17:02:10,132.5655839499416
2012-08-27 17:02:21,134.83106185838398
2012-08-27 17:02:30,135.5974645932667
2012-08-27 17:02:40,141.25728639209137
2012-08-27 17:02:51,141.16299865062092
2012-08-27 17:03:00,141.41370783427016
2012-08-27 17:03:11,143.14235209562233
2012-08-27 17:03:20,142.96635995532594
2012-08-27 17:03:30,142.1216920956409
2012-08-27 17:03:41,142.0105161927835
2012-08-27 17:03:50,141.90081647339844
2012-08-27 17:04:01,142.95565418126174
2012-08-27 17:04:10,141.20528094373626
2012-08-27 17:04:20,142.93292662959948
2012-08-27 17:04:31,141.96289941845959
2012-08-27 17:04:40,141.61808149081705
2012-08-27 17:04:51,143.5869033461966
2012-08-27 17:05:01,142.87639534157563
2012-08-27 17:05:10,147.711866693592
2012-08-27 17:05:21,148.10382045981223
2012-08-27 17:05:30,145.51143704197077
2012-08-27 17:05:41,145.05991555265553
2012-08-27 17:05:51,145.16731130728775
2012-08-27 17:06:00,139.63203609913268
2012-08-27 17:06:11,137.72958847909698
2012-08-27 17:06:20,135.70400980237875
2012-08-27 17:06:31,134.3377596517452
2012-08-27 17:06:41,123.52271328465685
2012-08-27 17:06:50,127.9459242459187
2012-08-27 17:07:01,125.797651931967
2012-08-27 17:07:10,130.41881440348394
2012-08-27 17:07:20,131.51201091219946
2012-08-27 17:07:31,128.8571857302706
2012-08-27 17:07:40,127.16002384321098
2012-08-27 17:07:51,127.96954670050692
2012-08-27 17:08:00,130.64110476069172
2012-08-27 17:08:10,135.63974605771608
2012-08-27 17:08:21,133.94520013078548
2012-08-27 17:08:30,133.9745937743927
2012-08-27 17:08:41,140.30245566674657
2012-08-27 17:08:50,137.06870346818664
2012-08-27 17:09:00,138.98811009418108
2012-08-27 17:09:11,139.7272313981436
2012-08-27 17:09:20,140.83060418040176
2012-08-27 17:09:31,139.97109489390883
2012-08-27 17:09:41,144.20668495692803
2012-08-27 17:09:50,144.2007171280246
2012-08-27 17:10:01,143.87374649069224
2012-08-27 17:10:10,140.24088527457837
2012-08-27 17:10:21,138.6036333553651
2012-08-27 17:10:31,142.6958284293932
2012-08-27 17:10:40,142.5519772548076
2012-08-27 17:10:51,139.17873947776738
2012-08-27 17:11:00,129.14934224179467
2012-08-27 17:11:11,132.25760988544778
2012-08-27 17:11:21,133.0547666551843
2012-08-27 17:11:30,137.505411223529
2012-08-27 17:11:41,133.65269314367407
2012-08-27 17:11:50,133.06249141156164
2012-08-27 17:12:00,133.92932093630188
2012-08-27 17:12:11,135.71814317932845
2012-08-27 17:12:20,135.77461689011147
2012-08-27 17:12:31,137.07505084788642
2012-08-27 17:12:40,135.99950895278218
2012-08-27 17:12:50,132.54921398314707
2012-08-27 17:13:01,129.21269948860754
2012-08-27 17:13:10,133.31012962686876
2012-08-27 17:13:21,131.6476221719373
2012-08-27 17:13:31,130.35463132853457
2012-08-27 17:13:40,132.11520294939112
2012-08-27 17:13:51,132.5095218877079
2012-08-27 17:14:00,133.14955166552747
2012-08-27 17:14:11,133.58057764553894
2012-08-27 17:14:21,134.09926828111097
2012-08-27 17:14:30,132.81797741802447
2012-08-27 17:14:41,131.68538326805364
2012-08-27 17:14:50,131.54382528487704
2012-08-27 17:15:01,129.09313722548688
2012-08-27 17:15:11,130.12324269233173
2012-08-27 17:15:20,131.3099216250967
2012-08-27 17:15:31,130.4088979609358
2012-08-27 17:15:40,131.3421592288378
2012-08-27 17:15:51,127.21770051671746
2012-08-27 17:16:01,125.9555473060337
2012-08-27 17:16:10,127.26733952847876
2012-08-27 17:16:21,127.01665915438352
2012-08-27 17:16:30,127.40602920914564
2012-08-27 17:16:40,128.5072121424909
2012-08-27 17:16:51,127.83597706237295
2012-08-27 17:17:00,128.09973391504792
2012-08-27 17:17:11,128.01747595652668
2012-08-27 17:17:20,127.5113343500238
2012-08-27 17:17:30,127.41793451315989
2012-08-27 17:17:41,126.61053416708529
2012-08-27 17:17:50,126.56226443596852
2012-08-27 17:18:01,126.77157937209371
2012-08-27 17:18:11,127.19831926790809
2012-08-27 17:18:20,132.23149103397955
2012-08-27 17:18:31,132.97463788225116
2012-08-27 17:18:40,131.52685842649
2012-08-27 17:18:51,129.96556227618174
2012-08-27 17:19:01,134.92761935046084
2012-08-27 17:19:10,134.73355383885604
2012-08-27 17:19:21,133.48598386771468
2012-08-27 17:19:30,128.9170139399992
2012-08-27 17:19:41,127.51886152492527
2012-08-27 17:19:51,126.75037828714527
2012-08-27 17:20:00,128.54361123258442
2012-08-27 17:20:11,131.3769847928386
2012-08-27 17:20:20,132.16958699307625
2012-08-27 17:20:30,131.37190271692643
2012-08-27 17:20:41,128.93139649957715
2012-08-27 17:20:50,128.12322056599714
2012-08-27 17:21:01,128.50478044231357
2012-08-27 17:21:10,128.5737892388315
2012-08-27 17:21:20,128.65912070286757
2012-08-27 17:21:31,128.5847649172884
2012-08-27 17:21:40,130.08395867205405
2012-08-27 17:21:51,129.6707302079018
2012-08-27 17:22:00,130.17068961100776
2012-08-27 17:22:10,131.3775338255616
2012-08-27 17:22:21,131.84658068147542
2012-08-27 17:22:30,130.7612062103688
2012-08-27 17:22:41,128.84467153996835
2012-08-27 17:22:51,128.06412131220557
2012-08-27 17:23:00,129.15458920273278
2012-08-27 17:23:11,128.40929289136372
2012-08-27 17:23:20,128.94257343342443
2012-08-27 17:23:31,127.77991902452177
2012-08-27 17:23:41,125.40096803821585
2012-08-27 17:23:50,130.13388542498714
2012-08-27 17:24:01,129.59474533681077
2012-08-27 17:24:10,129.72118399631034
2012-08-27 17:24:21,130.43938083418632
2012-08-27 17:24:31,132.0695360911348
2012-08-27 17:24:40,132.962101258347
2012-08-27 17:24:51,132.97620322579147
2012-08-27 17:25:00,133.8626249195359
2012-08-27 17:25:10,135.5628969348783
2012-08-27 17:25:21,136.09706331951492
2012-08-27 17:25:30,134.83503192621828
2012-08-27 17:25:41,134.34616309840953
2012-08-27 17:25:50,131.8470993050415
2012-08-27 17:26:00,132.56058091678935
2012-08-27 17:26:11,131.30010732012587
2012-08-27 17:26:20,131.07632089155382
2012-08-27 17:26:31,132.31408609562357
2012-08-27 17:26:40,131.72477043994985
2012-08-27 17:26:50,132.9848072027032
2012-08-27 17:27:01,129.92614792534226
2012-08-27 17:27:10,126.12804484175545
2012-08-27 17:27:21,130.95791481658787
2012-08-27 17:27:31,131.056130686677
2012-08-27 17:27:40,130.4145441949275
2012-08-27 17:27:51,129.69847107735737
2012-08-27 17:28:00,128.06588410544495
2012-08-27 17:28:11,127.8346714038858
2012-08-27 17:28:21,130.2385344529348
2012-08-27 17:28:30,130.88518426572838
2012-08-27 17:28:41,135.0475699405601
2012-08-27 17:28:50,135.34561477940764
2012-08-27 17:29:01,134.04313584584327
2012-08-27 17:29:11,133.3630374033987
2012-08-27 17:29:20,132.5156434222287
2012-08-27 17:29:31,134.0127305054745
2012-08-27 17:29:40,135.4663165874768
2012-08-27 17:29:50,135.28139121711348
2012-08-27 17:30:01,133.2270937947715
2012-08-27 17:30:10,132.55894393465908
2012-08-27 17:30:21,130.6657162933087
2012-08-27 17:30:30,131.32033235617888
2012-08-27 17:30:40,130.29554239900642
2012-08-27 17:30:51,132.23449250154442
2012-08-27 17:31:00,131.79229732139598
2012-08-27 17:31:11,131.4642559207251
2012-08-27 17:31:20,130.62176436597855
2012-08-27 17:31:30,130.9089684666785
2012-08-27 17:31:41,134.5528615369509
2012-08-27 17:31:50,136.47866126212153
2012-08-27 17:32:01,136.5895387542573
2012-08-27 17:32:11,133.13468893005404
2012-08-27 17:32:20,128.0716966800501
2012-08-27 17:32:31,130.07060409239747
2012-08-27 17:32:40,131.11853995927348
2012-08-27 17:32:51,132.50948996454454
2012-08-27 17:33:01,133.87532866033942
2012-08-27 17:33:10,132.6498353631686
2012-08-27 17:33:21,129.78173225389588
2012-08-27 17:33:30,130.5385987934601
2012-08-27 17:33:41,129.53506530989668
2012-08-27 17:33:51,129.07012243038565
2012-08-27 17:34:00,129.34949874636143
2012-08-27 17:34:11,129.44221622535488
2012-08-27 17:34:20,130.46053239181023
2012-08-27 17:34:30,129.89637201946704
2012-08-27 17:34:41,129.95253797851606
2012-08-27 17:34:50,128.9324531305499
2012-08-27 17:35:01,129.0990472463081
2012-08-27 17:35:10,129.23434678467504
2012-08-27 17:35:20,130.91175005912086
2012-08-27 17:35:31,128.66726014707095
2012-08-27 17:35:40,129.00753655735565
2012-08-27 17:35:51,129.16938029325993
2012-08-27 17:36:01,130.57561884236733
2012-08-27 17:36:10,131.54829517915226
2012-08-27 17:36:21,132.74206699206783
2012-08-27 17:36:30,134.13063934048708
2012-08-27 17:36:41,135.33674351439146
2012-08-27 17:36:51,135.19668063217168
2012-08-27 17:37:00,131.61848519668436
2012-08-27 17:37:11,128.5755753232486
2012-08-27 17:37:20,134.3703317560402
2012-08-27 17:37:31,130.60631407798323
2012-08-27 17:37:41,131.81729753086293
2012-08-27 17:37:50,130.4817689895363
2012-08-27 17:38:01,129.49531416148582
2012-08-27 17:38:10,128.18836384353065
2012-08-27 17:38:21,127.66800031388317
2012-08-27 17:38:31,126.87580215339648
2012-08-27 17:38:40,127.23204554920943
2012-08-27 17:38:51,134.30412970075812
2012-08-27 17:39:00,130.3438433290361
2012-08-27 17:39:10,130.70678176168985
2012-08-27 17:39:21,131.0141163868334
2012-08-27 17:39:30,129.2245318042115
2012-08-27 17:39:41,123.91487014715538
2012-08-27 17:39:50,125.17071642404602
2012-08-27 17:40:00,127.50873040969527
2012-08-27 17:40:11,126.97023953589223
2012-08-27 17:40:20,126.20173504229521
2012-08-27 17:40:31,129.38290689515344
2012-08-27 17:40:41,129.43360101621587
2012-08-27 17:40:50,126.4636660951898
2012-08-27 17:41:01,124.76588202568179
2012-08-27 17:41:10,124.51567421243253
2012-08-27 17:41:21,126.7466588958038
2012-08-27 17:41:31,126.72418843362121
2012-08-27 17:41:40,125.11755141573336
2012-08-27 17:41:51,125.9040872430013
2012-08-27 17:42:00,128.75425200781544
2012-08-27 17:42:11,132.8844296992704
2012-08-27 17:42:21,131.2049543884372
2012-08-27 17:42:30,129.2621826554205
2012-08-27 17:42:41,130.64922211530467
2012-08-27 17:42:50,127.15610967754012
2012-08-27 17:43:00,127.12455829122595
2012-08-27 17:43:11,128.0825366843177
2012-08-27 17:43:20,127.81714351626428
2012-08-27 17:43:31,129.12713631347034
2012-08-27 17:43:40,128.50847395769145
2012-08-27 17:43:50,127.64210179642035
2012-08-27 17:44:01,128.80620499658602
2012-08-27 17:44:10,133.37925054547495
2012-08-27 17:44:21,131.4948191323758
2012-08-27 17:44:30,132.34732173437038
2012-08-27 17:44:40,133.9705629250361
2012-08-27 17:44:51,129.53354976136657
2012-08-27 17:45:00,125.90649006526364
2012-08-27 17:45:11,130.7872143663971
2012-08-27 17:45:21,131.00928191870446
2012-08-27 17:45:30,130.4885270750148
2012-08-27 17:45:41,128.4501239567187
2012-08-27 17:45:50,132.26609628433692
2012-08-27 17:46:01,131.770080558457
2012-08-27 17:46:11,136.8427603783655
2012-08-27 17:46:20,133.81903740278767
2012-08-27 17:46:31,128.10382693642316
2012-08-27 17:46:40,131.25712422084223
2012-08-27 17:46:51,128.78579671001924
2012-08-27 17:47:01,127.88913678326165
2012-08-27 17:47:10,130.20275849863668
2012-08-27 17:47:21,127.26628170768146
2012-08-27 17:47:30,126.18474767205149
2012-08-27 17:47:40,133.0635468984361
2012-08-27 17:47:51,135.82562062832994
2012-08-27 17:48:00,134.93951135632412
2012-08-27 17:48:11,136.56919546658884
2012-08-27 17:48:20,129.50472875699737
2012-08-27 17:48:30,125.88740687624063
2012-08-27 17:48:41,138.81590173109944
2012-08-27 17:48:50,138.01325642841144
2012-08-27 17:49:01,140.0594624404731
2012-08-27 17:49:10,141.55169697779976
2012-08-27 17:49:20,142.5991563887705
2012-08-27 17:49:31,141.65772762720695
2012-08-27 17:49:40,143.07693627392516
2012-08-27 17:49:51,148.53876061234695
2012-08-27 17:50:01,150.9516271834764
2012-08-27 17:50:10,158.14804903762519
2012-08-27 17:50:21,161.60012005408421
2012-08-27 17:50:30,161.08021299860914
2012-08-27 17:50:41,160.56090334603212
2012-08-27 17:50:51,161.65591313910835
2012-08-27 17:51:00,163.16523782021122
2012-08-27 17:51:11,165.26662639642169
2012-08-27 17:51:20,167.777145588284
2012-08-27 17:51:31,176.15836284205483
2012-08-27 17:51:41,172.09517458468886
2012-08-27 17:51:50,169.42570860730723
2012-08-27 17:52:01,172.40504705640072
2012-08-27 17:52:10,175.57518221938523
2012-08-27 17:52:20,175.52941547380766
2012-08-27 17:52:31,172.71232728803375
2012-08-27 17:52:40,169.7322089974383
2012-08-27 17:52:51,172.35689395138118
2012-08-27 17:53:00,170.7009735108769
2012-08-27 17:53:10,174.9314701996073
2012-08-27 17:53:21,178.539925346656
2012-08-27 17:53:30,178.64489502600622
2012-08-27 17:53:41,177.47484552808783
2012-08-27 17:53:50,176.8149112107177
2012-08-27 17:54:00,177.87353294054356
2012-08-27 17:54:11,174.48021860891785
2012-08-27 17:54:20,164.45491891115995
2012-08-27 17:54:31,167.21342496680728
2012-08-27 17:54:41,167.7899314765153
2012-08-27 17:54:50,170.5726770582251
2012-08-27 17:55:01,172.91451167469353
2012-08-27 17:55:10,174.67355640204218
2012-08-27 17:55:21,175.49549155248465
2012-08-27 17:55:31,175.88617883050694
2012-08-27 17:55:40,176.19778228054295
2012-08-27 17:55:51,177.05274296800425
2012-08-27 17:56:00,177.84573503519496
2012-08-27 17:56:11,177.78003930896048
2012-08-27 17:56:21,177.6665515611462
2012-08-27 17:56:30,177.7471094066398
2012-08-27 17:56:41,178.22754109679593
2012-08-27 17:56:50,178.23915758975556
2012-08-27 17:57:00,177.88967453112727
2012-08-27 17:57:11,177.85356419042876
2012-08-27 17:57:20,177.49989045984057
2012-08-27 17:57:31,177.83101644507636
2012-08-27 17:57:40,176.8731779513624
2012-08-27 17:57:50,177.54327907634175
2012-08-27 17:58:01,178.17208203032163
2012-08-27 17:58:10,179.18749164070059
2012-08-27 17:58:21,179.48491951617507
2012-08-27 17:58:31,179.88523241184402
2012-08-27 17:58:40,178.55096523434975
2012-08-27 17:58:51,180.20878791699985
2012-08-27 17:59:00,179.76971464835896
